,name,artist,url,danceability,energy,key,loudness,mode,speechiness,acousticness,instrumentalness,liveness,valence,tempo
0,In Control,MADDOW,https://open.spotify.com/track/46S9TDkQYF08VIiPrYq2Mc,0.898,0.623,9,-7.546,0,0.0991,0.00263,0.102,0.2,0.462,125.996
1,I Got The,Chile,https://open.spotify.com/track/4RqTGgmrWfRZMU1IjY0v9B,0.748,0.905,5,-7.301,0,0.0722,0.0546,0.869,0.108,0.573,125.004
2,Light It Up,Hakes,https://open.spotify.com/track/3poaUuksSfd906IC3B9jqq,0.889,0.911,6,-6.261,0,0.136,0.145,0.0271,0.177,0.43,125.032
3,Other Side,Truth x Lies,https://open.spotify.com/track/0Vkn8fWwt2IKyBRLPF5Mxq,0.823,0.738,0,-5.86,1,0.0684,0.0054,0.151,0.208,0.817,124.025
4,Incognito,Psytech,https://open.spotify.com/track/3ZqefofUWcRi6yzrnj5sCs,0.81,0.602,0,-14.942,0,0.0684,0.000701,0.85,0.0869,0.728,126.0
5,Let It Drop,Versus,https://open.spotify.com/track/2QB15REBPc0fU9CypfD55r,0.681,0.919,6,-6.031,1,0.0365,0.00123,0.617,0.12,0.821,124.998
6,Far Away,Blossom,https://open.spotify.com/track/0AqWn1DSuHXlnAbRnE7nDM,0.793,0.87,0,-4.368,1,0.0891,0.000808,0.00352,0.0839,0.459,130.0
7,Buenos Aires - Mercer Remix,Tchami,https://open.spotify.com/track/3SoPSDNVEugvjnH7HfNn33,0.885,0.546,1,-7.01,1,0.152,0.000662,0.0303,0.357,0.511,122.005
