,name,artist,url,danceability,energy,key,loudness,mode,speechiness,acousticness,instrumentalness,liveness,valence,tempo
0,Te Boté - Remix,Nio Garcia,https://open.spotify.com/track/3V8UKqhEK5zBkBb6d6ub8i,0.903,0.675,11,-3.445,0,0.214,0.542,1.28e-05,0.0595,0.442,96.507
1,X,Nicky Jam,https://open.spotify.com/track/39N9RPD9MRb5WmoLzNzPeA,0.595,0.773,9,-4.736,0,0.0549,0.0364,0.00108,0.334,0.711,180.073
2,Me Rehúso,Danny Ocean,https://open.spotify.com/track/6De0lHrwBfPfrhorm9q1Xl,0.744,0.804,1,-6.327,1,0.0677,0.0231,0.0,0.0494,0.426,104.823
3,Hasta el Amanecer,Nicky Jam,https://open.spotify.com/track/5Fim1gaXBgsiFfsQAfQSDS,0.832,0.608,6,-6.042,0,0.0385,0.282,0.0,0.0761,0.589,94.013
4,Danza Kuduro,Don Omar,https://open.spotify.com/track/2a1o6ZejUi8U3wzzOtCOYw,0.4,0.915,0,-4.89,1,0.28,0.0846,0.0,0.0503,0.878,88.917
5,Vivir Mi Vida,Marc Anthony,https://open.spotify.com/track/3QHMxEOAGD51PDlbFPHLyJ,0.656,0.877,0,-3.231,0,0.0342,0.345,0.0,0.349,0.894,105.018
6,La Cintura,Alvaro Soler,https://open.spotify.com/track/19MBk3PbNFE36wqIqkMq9H,0.702,0.844,6,-4.054,0,0.0769,0.0294,0.0,0.38,0.786,100.043
7,Chantaje,Shakira,https://open.spotify.com/track/1WniHvhq9zTkny0WvGXX8o,0.859,0.756,8,-3.36,0,0.0643,0.168,4.65e-05,0.163,0.91,102.033
8,La Bicicleta,Carlos Vives,https://open.spotify.com/track/43it4kot08akLzFIEMhXNN,0.746,0.961,0,-2.243,1,0.13,0.206,1.84e-06,0.329,0.951,179.984
9,Usted,Juan Magán,https://open.spotify.com/track/79HTe42PihWUUq4BDjcuCq,0.712,0.833,0,-4.101,1,0.0618,0.0155,0.0,0.273,0.326,104.879
10,No Es Justo,J Balvin,https://open.spotify.com/track/5qFeMRz4TvetPmzjre9Dq7,0.684,0.811,7,-4.494,1,0.0714,0.161,0.000363,0.0871,0.721,87.866
11,Bailando - Spanish Version,Enrique Iglesias,https://open.spotify.com/track/32lm3769IRfcnrQV11LO4E,0.723,0.777,7,-3.503,1,0.108,0.0426,3.68e-06,0.0451,0.961,91.017
12,Échame La Culpa,Luis Fonsi,https://open.spotify.com/track/2hl6q70unbviGo3g1R7uFx,0.733,0.892,0,-3.641,1,0.0417,0.0376,0.0,0.137,0.675,95.989
13,Reggaetón Lento (Remix),CNCO,https://open.spotify.com/track/3zoYkqS4y2BsGVShPL2nTE,0.527,0.907,4,-3.09,0,0.11,0.154,0.0,0.0993,0.664,93.813
14,Dura,Daddy Yankee,https://open.spotify.com/track/6KuqAtoeVzxAYOaMveLNpH,0.783,0.84,1,-3.416,1,0.051,0.174,0.0,0.412,0.839,95.001
15,Síguelo Bailando,Ozuna,https://open.spotify.com/track/5Y9fnynLlIvqtM710MHzfz,0.855,0.664,9,-7.11,0,0.0607,0.165,3.97e-05,0.0937,0.626,98.015
16,Mi Gente,J Balvin,https://open.spotify.com/track/7COfe3P7KgfwDwIRB8LIDw,0.548,0.704,11,-4.838,0,0.0777,0.0168,2.25e-05,0.143,0.288,104.666
17,Hips Don't Lie (feat. Wyclef Jean),Shakira,https://open.spotify.com/track/3ZFTkvIE7kyPt6Nu3PEa7V,0.778,0.824,10,-5.892,0,0.0707,0.284,0.0,0.405,0.758,100.024
18,La Mordidita (feat. Yotuel),Ricky Martin,https://open.spotify.com/track/00i0O74dXdaKKdCrqHnfXm,0.725,0.903,0,-2.955,1,0.0658,0.0344,0.0,0.183,0.946,142.006
19,Hey Ma (with Pitbull & J Balvin feat. Camila Cabello),Pitbull,https://open.spotify.com/track/2Vdub5mY4lad7w64bFPUez,0.489,0.962,0,-2.597,1,0.215,0.0277,6.18e-06,0.128,0.518,104.563
20,Me Enamoré,Shakira,https://open.spotify.com/track/4qknM1pQz53QOyfDVTjcM9,0.74,0.879,9,-2.251,0,0.105,0.193,8.25e-05,0.0928,0.948,103.71
21,Safari,J Balvin,https://open.spotify.com/track/456xBIOmLRoLzCvCzZrWge,0.689,0.675,0,-4.281,1,0.32,0.531,3.17e-06,0.115,0.604,180.065
22,Meneo,Fito Blanko,https://open.spotify.com/track/2sXeVn17Vn9n7TUdaspO09,0.344,0.944,3,-2.651,1,0.183,0.00833,0.0,0.163,0.696,177.042
23,MIA (feat. Drake),Bad Bunny,https://open.spotify.com/track/116H0KvKr2Zl4RPuVBruDO,0.817,0.539,6,-6.349,0,0.0621,0.0141,0.000496,0.099,0.158,97.062
24,Devuelveme,Ozuna,https://open.spotify.com/track/5uvucCRBTkxv7VxIDLOqe7,0.744,0.769,11,-4.112,1,0.156,0.554,6.96e-06,0.102,0.784,175.999
25,Vaina Loca,Ozuna,https://open.spotify.com/track/48zFZh27QU5qsrBjn4C2FA,0.754,0.805,6,-4.249,1,0.0752,0.315,0.0,0.203,0.555,93.982
26,Ibiza,Ozuna,https://open.spotify.com/track/1h9P5WJwyvK8OB7O2YiXgp,0.69,0.71,5,-5.144,1,0.335,0.25,0.0,0.108,0.726,192.068
27,6 AM,J Balvin,https://open.spotify.com/track/3uvypVUsiIr1B0BccIcsEh,0.746,0.746,5,-5.046,0,0.102,0.152,0.0,0.274,0.733,175.965
28,Otra Noche en Miami,Bad Bunny,https://open.spotify.com/track/4vCAzANUWDE24URV6wQ4ra,0.514,0.646,1,-8.833,1,0.275,0.197,2.3e-05,0.0958,0.297,88.661
29,Quiere Beber,Anuel AA,https://open.spotify.com/track/0FDMH2ahuIVzCybwHJK9zh,0.773,0.57,8,-3.482,1,0.113,0.372,0.00524,0.108,0.772,95.038
30,Te Robaré,Nicky Jam,https://open.spotify.com/track/6v0lAdFF4haL8xjBIUjtOw,0.673,0.752,2,-3.572,0,0.0561,0.241,4.51e-05,0.0813,0.797,175.997
31,Está Rico,Marc Anthony,https://open.spotify.com/track/2wRkBumdItthjYP9XknImg,0.817,0.74,11,-4.566,0,0.283,0.266,0.0,0.0992,0.674,130.04
32,Algo Contigo,Gente De Zona,https://open.spotify.com/track/5l390fUPNwGSi6ECobpc20,0.687,0.969,9,-3.179,1,0.0597,0.0444,0.0,0.0927,0.765,127.961
33,NI BIEN NI MAL,Bad Bunny,https://open.spotify.com/track/278kSqsZIiYp8p3QjYAqa8,0.826,0.449,5,-8.33,0,0.0674,0.556,1.85e-05,0.273,0.337,128.028
34,HP,Maluma,https://open.spotify.com/track/31UjYv5vLsDkzchJOtUMtW,0.837,0.791,4,-3.157,0,0.0773,0.252,1.14e-06,0.188,0.618,91.98
35,Caro,Bad Bunny,https://open.spotify.com/track/6it15CsDlkqB7N4lF0C1qM,0.651,0.575,0,-7.739,1,0.299,0.627,0.000202,0.0961,0.248,160.007
36,Sin Pijama,Becky G,https://open.spotify.com/track/2ijef6ni2amuunRoKTlgww,0.791,0.745,11,-3.695,0,0.0464,0.354,2.93e-05,0.104,0.82,94.014
37,Satisfacción,Nicky Jam,https://open.spotify.com/track/21WvAGxPUNJARcZoSqswd7,0.622,0.503,5,-6.724,0,0.201,0.282,0.0,0.112,0.314,136.048
38,200 Mph,Bad Bunny,https://open.spotify.com/track/5jGUJXnELDaDTgiRjD9lsg,0.85,0.5,8,-6.708,1,0.0665,0.0139,0.000384,0.0947,0.816,160.02
39,Besos En Guerra,Morat,https://open.spotify.com/track/1mlGScrDQqHqmhdIqE8MmA,0.69,0.973,2,-3.588,1,0.0492,0.126,0.0,0.101,0.772,143.957
40,Calma - Remix,Pedro Capó,https://open.spotify.com/track/5iwz1NiezX7WWjnCgY5TH4,0.826,0.773,11,-4.218,0,0.0524,0.323,0.0,0.143,0.761,126.899
41,Otro Trago,Sech,https://open.spotify.com/track/1Ej96GIBCTvgH7tNX1r3qr,0.746,0.7,0,-4.669,1,0.341,0.136,0.000159,0.11,0.619,176.044
42,DÁKITI,Bad Bunny,https://open.spotify.com/track/47EiUVwUp4C9fGccaPuUCS,0.731,0.573,4,-10.059,0,0.0544,0.401,5.22e-05,0.113,0.145,109.928
43,BEAUTIFUL BOY,KAROL G,https://open.spotify.com/track/50dG65XY5SNFkpFl2xA5Dn,0.823,0.631,11,-5.249,1,0.0976,0.268,0.0,0.23,0.642,103.002
44,BICHOTA,KAROL G,https://open.spotify.com/track/1WvrDdouh6C51In1SdATbq,0.864,0.658,1,-4.105,0,0.154,0.204,0.000626,0.105,0.865,163.922
45,LOCATION,KAROL G,https://open.spotify.com/track/478g4LSkyMB1PMkVOVmIaE,0.771,0.765,1,-3.887,0,0.0508,0.0487,0.0,0.313,0.66,115.984
46,"Ay, DiOs Mío!",KAROL G,https://open.spotify.com/track/7x4ASXYEKfQBCewcZhK776,0.718,0.712,11,-4.366,1,0.174,0.512,0.00121,0.104,0.531,180.034
47,Qué Más Pues?,J Balvin,https://open.spotify.com/track/6hf0RpxTbOprT5nnwzkk8e,0.891,0.819,8,-3.964,1,0.106,0.0261,0.000354,0.173,0.768,101.968
48,Party,Bad Bunny,https://open.spotify.com/track/4tYFy8ALRjIZvnvSLw5lxN,0.829,0.799,9,-5.389,1,0.0897,0.0151,0.000543,0.242,0.471,97.013
49,Me Porto Bonito,Bad Bunny,https://open.spotify.com/track/6Sq7ltF9Qa7SNFBsV5Cogx,0.911,0.712,1,-5.105,0,0.0817,0.0901,2.68e-05,0.0933,0.425,92.005
50,Tití Me Preguntó,Bad Bunny,https://open.spotify.com/track/1IHWl5LamUGEuP4ozKQSXZ,0.65,0.715,5,-5.198,0,0.253,0.0993,0.000291,0.126,0.187,106.672
51,Callaita,Bad Bunny,https://open.spotify.com/track/71wFwRo8xGc4lrcyKwsvba,0.608,0.626,2,-4.773,1,0.301,0.597,2.16e-06,0.25,0.246,176.086
52,BESO,ROSALÍA,https://open.spotify.com/track/609E1JCInJncactoMmkDon,0.768,0.644,5,-6.671,0,0.136,0.736,0.000837,0.173,0.53,95.05
53,Moscow Mule,Bad Bunny,https://open.spotify.com/track/6Xom58OOXk2SoU711L2IXO,0.804,0.674,5,-5.453,0,0.0333,0.294,1.18e-06,0.115,0.292,99.968
54,4K,El Alfa,https://open.spotify.com/track/4xI3U4sDj1TPmO9Iz5TkYp,0.925,0.9,3,-4.361,0,0.143,0.355,0.00608,0.124,0.804,120.031
