,name,artist,url,danceability,energy,key,loudness,mode,speechiness,acousticness,instrumentalness,liveness,valence,tempo
0,White Tiger - Single Version,Izzy Bizu,https://open.spotify.com/track/64I0PKLFEKlcvc7fEVUGq0,0.772,0.582,2,-5.14,0,0.0615,0.222,8.78e-05,0.108,0.319,117.856
1,Down,Marian Hill,https://open.spotify.com/track/5eCkuGPZNl4mISFNPgr3Dd,0.678,0.357,0,-14.712,0,0.128,0.675,0.00569,0.124,0.0661,113.301
2,Rover (feat. DTG) - Joel Corry Remix,S1mba,https://open.spotify.com/track/0AOxRuT8DONTdVAs4JRrVY,0.719,0.845,11,-5.368,0,0.051,0.113,0.0311,0.18,0.806,125.024
3,Dancin - Krono Remix,Aaron Smith,https://open.spotify.com/track/4IlqQhaxrGPxmg35YcXXuS,0.751,0.727,10,-9.789,0,0.0304,0.0442,0.0338,0.1,0.28,119.982
4,Little Things (with Quinn XCII & Chelsea Cutler),Louis The Child,https://open.spotify.com/track/52681Ivj8kgCi90Lu8B9fl,0.553,0.636,6,-4.38,1,0.152,0.189,0.0,0.0779,0.53,81.969
5,Better Not (with Wafia),Louis The Child,https://open.spotify.com/track/7n1940b6kHcaEewFSZXnXa,0.783,0.537,9,-2.921,1,0.0795,0.278,0.0,0.229,0.393,113.988
6,Let Me Love You,DJ Snake,https://open.spotify.com/track/0lYBSQXN6rCTvUZvg9S0lU,0.649,0.716,8,-5.371,1,0.0349,0.0863,2.63e-05,0.135,0.163,99.988
7,GOMF,DVBBS,https://open.spotify.com/track/5D8sJEbM2zIAZkWn9wSDXl,0.749,0.659,9,-6.746,0,0.0343,0.00198,0.000806,0.181,0.407,114.964
8,Breaking Me,Topic,https://open.spotify.com/track/3H7ihDc1dqLriiWXwsc2po,0.789,0.72,8,-5.652,0,0.218,0.223,0.0,0.129,0.664,122.031
9,Man Down (feat. AlunaGeorge),Shakka,https://open.spotify.com/track/1keIwLlHg0VZhoQQiTb0Xi,0.726,0.665,5,-5.611,0,0.0722,0.299,0.0,0.179,0.807,104.239
10,Don't Start Now,Dua Lipa,https://open.spotify.com/track/6WrI0LAC5M1Rw2MnX2ZvEg,0.794,0.793,11,-4.521,0,0.0842,0.0125,0.0,0.0952,0.677,123.941
11,Pon De Replay,Ed Marquis,https://open.spotify.com/track/6G7r3yTCXVl1lXmFSkzEYB,0.529,0.717,6,-7.049,0,0.24,0.123,0.000692,0.0363,0.481,103.993
12,Sexy Bitch (feat. Akon),David Guetta,https://open.spotify.com/track/0uXO2GrNiIb1xHT9LUdxZE,0.813,0.627,11,-5.018,0,0.0486,0.0771,0.000616,0.131,0.801,130.011
13,Skifahren,The Cratez,https://open.spotify.com/track/384ucc41VlH8NVY6o0HFRa,0.719,0.705,5,-6.891,0,0.252,0.223,1.89e-06,0.152,0.435,133.927
14,You Know You Like It,DJ Snake,https://open.spotify.com/track/57kR5SniQIbsbVoIjjOUDa,0.407,0.725,5,-5.346,0,0.188,0.0141,2.46e-06,0.306,0.247,196.093
15,2 On (feat. ScHoolboy Q),Tinashe,https://open.spotify.com/track/3jVtllWS5CFFWLQng8sKsr,0.742,0.595,9,-7.51,1,0.107,0.15,0.0,0.111,0.431,101.013
16,Down On Me,Jeremih,https://open.spotify.com/track/0x3TibRgnSqzkcwrqBd4iX,0.7,0.598,2,-7.783,1,0.114,0.0369,0.0,0.111,0.594,160.041
17,Piece Of Your Heart,MEDUZA,https://open.spotify.com/track/1DFD5Fotzgn6yYXkYsKiGs,0.677,0.744,10,-6.806,0,0.0295,0.0404,0.00016,0.074,0.631,124.08
18,Lose Control,MEDUZA,https://open.spotify.com/track/7CHi4DtfK4heMlQaudCuHK,0.598,0.526,10,-8.659,0,0.0415,0.129,0.0,0.14,0.529,123.935
19,Roses - Imanbek Remix,SAINt JHN,https://open.spotify.com/track/7fPuWrlpwDcHm5aHCH5D9t,0.785,0.721,8,-5.457,1,0.0506,0.0149,0.00432,0.285,0.894,121.962
20,Happier,Marshmello,https://open.spotify.com/track/2dpaYNEQHiRxtZbfNsse99,0.687,0.792,5,-2.749,1,0.0452,0.191,0.0,0.167,0.671,100.015
21,So Close,NOTD,https://open.spotify.com/track/7FjZU7XFs7P9jHI9Z0yRhK,0.7,0.872,10,-5.896,1,0.0666,0.121,7.08e-06,0.103,0.761,125.03
22,Ms. Jackson,Party Pupils,https://open.spotify.com/track/0uIbS3hBnqjJ9cVG0XmMHr,0.858,0.384,9,-7.592,0,0.172,0.0355,2.8e-06,0.0655,0.421,107.038
23,SOS (feat. Aloe Blacc),Avicii,https://open.spotify.com/track/2x0RZdkZcD8QRI53XT4GI5,0.802,0.645,5,-6.181,0,0.0715,0.272,0.0,0.119,0.376,100.001
24,Loco Contigo (with J. Balvin & Tyga),DJ Snake,https://open.spotify.com/track/1f38Gx6xQz6r4H1jGVNBJo,0.822,0.743,6,-3.04,0,0.0567,0.285,2.31e-06,0.102,0.355,96.025
25,All Around The World (La La La),R3HAB,https://open.spotify.com/track/2xyIwHKujL7tSgkK2Waj2s,0.733,0.859,9,-5.03,0,0.033,0.479,0.0645,0.105,0.52,124.948
26,Body,Loud Luxury,https://open.spotify.com/track/21RzyxY3EFaxVy6K4RqaU9,0.752,0.764,1,-4.399,1,0.038,0.0476,9.44e-05,0.0543,0.582,121.958
27,"Taki Taki (feat. Selena Gomez, Ozuna & Cardi B)",DJ Snake,https://open.spotify.com/track/0KoiMHhqKLoL4xM54rcWYY,0.842,0.801,8,-4.167,0,0.228,0.157,4.82e-06,0.0642,0.617,95.881
28,Lean On,Major Lazer,https://open.spotify.com/track/1Lim1Py7xBgbAkAys3AGAG,0.723,0.809,7,-3.081,0,0.0625,0.00346,0.00123,0.565,0.274,98.007
29,Jadi Buti,Major Lazer,https://open.spotify.com/track/5MZ3ZUvMFbS0zKis6DwmAM,0.901,0.817,5,-2.966,0,0.0391,0.211,0.0,0.0783,0.929,104.002
30,Smile (feat. Bryson Tiller),DJ Snake,https://open.spotify.com/track/2UKvB7a6vCtNRV1WY72CTD,0.402,0.82,5,-1.887,0,0.113,0.142,0.0,0.237,0.538,160.055
31,Let's Get Down,Firebeatz,https://open.spotify.com/track/0XMEQwAZFgX4PGb5eu67B8,0.548,0.893,9,-5.981,0,0.036,0.005,0.717,0.0912,0.529,122.988
32,The Business,Tiësto,https://open.spotify.com/track/6f3Slt0GbA2bPZlz0aIFXN,0.798,0.62,8,-7.079,0,0.232,0.414,0.0192,0.112,0.235,120.031
33,Goosebumps,HVME,https://open.spotify.com/track/20McUFi8KCIVdNDLrkTDuZ,0.767,0.659,1,-7.429,1,0.0444,0.325,0.0,0.13,0.439,124.946
34,Head & Heart (feat. MNEK),Joel Corry,https://open.spotify.com/track/6cx06DFPPHchuUAcTxznu9,0.734,0.874,8,-3.158,1,0.0662,0.168,1.14e-05,0.0489,0.905,122.953
35,Faded,ZHU,https://open.spotify.com/track/2GQEM9JuHu30sGFvRYeCxz,0.867,0.477,9,-7.183,0,0.049,0.00843,0.175,0.113,0.614,124.979
36,In My Mind,Dynoro,https://open.spotify.com/track/0E9ZjEAyAwOXZ7wJC0PD33,0.694,0.77,6,-5.335,1,0.149,0.176,1.1e-05,0.118,0.163,125.905
37,Million Voices - Radio Edit,Otto Knows,https://open.spotify.com/track/0MOiv7WTXCqvm89lVCf9C8,0.582,0.894,8,-6.298,1,0.041,0.0022,0.0223,0.0664,0.0694,125.946
38,Sad (feat. Afrojack),Chico Rose,https://open.spotify.com/track/4ESPuOrSsRcBISzcMlzmY5,0.717,0.716,3,-5.485,0,0.0432,0.0421,0.000467,0.0699,0.206,125.064
39,You Make Me Feel... (feat. Sabi),Cobra Starship,https://open.spotify.com/track/16Of7eeW44kt0a1M0nitHM,0.668,0.857,7,-2.944,0,0.0535,0.0191,6.71e-06,0.0385,0.748,131.959
40,Goodbye,Imanbek,https://open.spotify.com/track/4crczEC1PpoD8TsDsmoWNI,0.741,0.931,10,-3.447,0,0.0563,0.0225,0.000102,0.191,0.517,125.011
41,Working For It,ZHU,https://open.spotify.com/track/2HJQcyUpmUuvzS5vBAICIc,0.776,0.715,5,-6.587,0,0.0505,0.0971,0.0131,0.247,0.502,99.951
42,Come & Go (with Marshmello),Juice WRLD,https://open.spotify.com/track/4Lxseh0wN7N0ljiOh8KwbU,0.625,0.811,0,-5.183,1,0.0659,0.0173,0.0,0.16,0.532,144.994
43,Where Are Ü Now (with Justin Bieber),Jack Ü,https://open.spotify.com/track/66hayvUbTotekKU3H4ta1f,0.432,0.781,4,-4.038,0,0.0567,0.041,4.21e-06,0.0789,0.197,139.432
44,How Deep Is Your Love,Calvin Harris,https://open.spotify.com/track/22mek4IiqubGD9ctzxc69s,0.738,0.868,11,-4.373,0,0.0731,0.0392,0.00169,0.388,0.336,122.003
45,This Is What You Came For,Calvin Harris,https://open.spotify.com/track/0azC730Exh71aQlOt9Zj3y,0.631,0.927,9,-2.787,0,0.0332,0.199,0.119,0.148,0.465,123.962
46,Middle,DJ Snake,https://open.spotify.com/track/0g5EKLgdKvNlln7TNqBByK,0.583,0.695,9,-5.336,1,0.0423,0.0141,0.0,0.0527,0.224,104.879
47,Push The Feeling On - Mk Dub Revisited Edit,Nightcrawlers,https://open.spotify.com/track/1EWsVHU4FNAdtN4R8FETag,0.793,0.5,6,-13.108,0,0.0319,0.028,1.96e-05,0.186,0.833,123.017
48,Ride It,Regard,https://open.spotify.com/track/2tnVG71enUj33Ic2nFN6kZ,0.88,0.751,7,-4.258,0,0.0874,0.177,6.43e-05,0.106,0.884,117.948
49,No Scrubs - Radio Edit,Sam Robs,https://open.spotify.com/track/4yOJrZbuWErrceGfZ0bR78,0.559,0.805,8,-6.33,0,0.0476,0.212,1.66e-06,0.0956,0.54,123.885
50,Pursuit Of Happiness - Extended Steve Aoki Remix,Kid Cudi,https://open.spotify.com/track/5PX4uS1LqlWEPL69phPVQQ,0.722,0.687,0,-5.189,1,0.0556,0.00949,0.00413,0.0462,0.619,128.013
51,Don't Call Me Up - R3HAB Remix,Mabel,https://open.spotify.com/track/0goj2jVaUvxQP2zsyt7Xol,0.752,0.812,6,-4.41,0,0.183,0.287,2.45e-05,0.0897,0.58,108.05
52,Sweater Weather,Gaullin,https://open.spotify.com/track/6siDDghVE7fxel5o7fE4OF,0.57,0.873,5,-5.188,0,0.07,0.00853,0.0,0.365,0.236,125.086
53,Alors On Danse - Remix - Explicit,Stromae,https://open.spotify.com/track/2SRzCZMWi0vJM5ngaKjcjX,0.729,0.803,1,-5.375,0,0.118,0.216,6.41e-05,0.084,0.738,119.947
54,Calabria 2008,Enur,https://open.spotify.com/track/5Y2pr8wjzjO2te4MnxTUa7,0.891,0.657,10,-5.552,0,0.165,0.00833,0.0026,0.054,0.453,125.995
55,Don't Stop The Music,Rihanna,https://open.spotify.com/track/0ByMNEPAPpOR5H69DVrTNy,0.835,0.669,6,-5.582,0,0.0643,0.0336,6.92e-05,0.0535,0.542,122.668
56,"Give Me Everything (feat. Ne-Yo, Afrojack & Nayer)",Pitbull,https://open.spotify.com/track/4QNpBfC0zvjKqPJcyqBy9W,0.671,0.939,8,-3.206,1,0.161,0.191,0.0,0.298,0.53,129.024
57,Hotel Room Service,Pitbull,https://open.spotify.com/track/6Rb0ptOEjBjPPQUlQtQGbL,0.851,0.629,1,-8.385,1,0.175,0.00705,0.000372,0.0746,0.789,125.984
58,Paradise (feat. Dermot Kennedy),MEDUZA,https://open.spotify.com/track/6ft4hAq6yde8jPZY2i5zLr,0.632,0.595,8,-7.644,0,0.0401,0.0689,0.0,0.209,0.435,124.114
59,Mr. Saxobeat,Alexandra Stan,https://open.spotify.com/track/2ZAx6NDhX2yE5aL5ueEQgY,0.72,0.925,4,-4.165,0,0.0511,0.0276,0.000238,0.14,0.781,127.004
60,You're Ma Cherie - DJ Antoine vs Mad Mark 2k13 Radio Edit,DJ Antoine,https://open.spotify.com/track/11JZQ04PQgFIa2nBa1zoJQ,0.752,0.66,8,-4.709,1,0.258,0.0421,1.42e-05,0.384,0.799,127.89
61,Follow (with Jeremih) [Dillon Francis Remix],Kito,https://open.spotify.com/track/2eomAcNgNQTogi2Y4apBKh,0.74,0.726,5,-7.234,1,0.0322,0.00933,0.00168,0.0443,0.403,125.021
62,Know No Better,Major Lazer,https://open.spotify.com/track/6BKeNWeUqxmvQ09Gxd3ZGX,0.738,0.814,7,-4.414,0,0.0999,0.132,9.64e-06,0.126,0.483,119.041
63,Day 'N' Nite (nightmare),Kid Cudi,https://open.spotify.com/track/5FEXPoPnzueFJQCPRIrC3c,0.871,0.44,11,-6.25,0,0.0761,0.499,4.15e-06,0.114,0.799,137.996
64,Somebody's Watching Me,Chico Rose,https://open.spotify.com/track/3vrm4dNThrhQ0BArrLIUOV,0.712,0.857,1,-4.922,0,0.052,0.0855,9.98e-05,0.0723,0.207,124.963
65,Heads Will Roll - A-Trak Remix Radio Edit,Yeah Yeah Yeahs,https://open.spotify.com/track/0vBpyfpW2lARGh3AZFtWRi,0.671,0.805,8,-3.232,0,0.081,0.0134,0.0547,0.237,0.866,132.051
66,Take You Dancing - R3HAB Remix,Jason Derulo,https://open.spotify.com/track/6BBD4ORMmIXeOND3kFQ1IB,0.776,0.861,2,-3.492,1,0.1,0.0497,3.22e-05,0.0535,0.914,122.027
67,Don't Call Me - Galantis Remix,Brando,https://open.spotify.com/track/6PMVAJwWESCP41PDbMSyOs,0.624,0.846,0,-4.201,1,0.0421,0.167,1.27e-06,0.393,0.467,122.985
68,Love Tonight (Edit),Shouse,https://open.spotify.com/track/6OufwUcCqo81guU2jAlDVP,0.727,0.681,5,-7.114,0,0.0265,0.00214,0.000307,0.0861,0.448,123.028
69,Op Opa,Gaullin,https://open.spotify.com/track/2rzGN2eI7TsJe5xzx9sOb2,0.823,0.741,1,-7.99,1,0.132,0.12,9.72e-05,0.348,0.294,124.985
70,My Best Life (feat. Mike Waters) - Club Mix,KSHMR,https://open.spotify.com/track/78XfOXpUShe7mFwhjBEd94,0.603,0.921,8,-3.693,0,0.391,0.018,9.2e-05,0.183,0.675,120.201
71,Electric Love,BØRNS,https://open.spotify.com/track/2GiJYvgVaD2HtM8GqD9EgQ,0.611,0.797,6,-7.627,0,0.0533,0.00543,0.00137,0.26,0.518,120.041
72,Where Them Girls At (feat. Nicki Minaj & Flo Rida),David Guetta,https://open.spotify.com/track/63rbP24OzfaQCJjsHWZXnY,0.664,0.872,3,-3.117,1,0.0396,0.0306,0.0,0.228,0.555,129.873
73,Drive (feat. Wes Nelson),Clean Bandit,https://open.spotify.com/track/6eCmK3GQyFuTNWCJHsaF9d,0.81,0.571,10,-7.189,0,0.085,0.0624,1.63e-06,0.094,0.771,125.994
74,Don't Be Shy,Tiësto,https://open.spotify.com/track/0bI7K9Becu2dtXK1Q3cZNB,0.77,0.787,11,-3.748,0,0.0583,0.198,0.0,0.262,0.513,119.986
75,Memories (feat. Kid Cudi) - 2021 Remix,David Guetta,https://open.spotify.com/track/59o6ojGNGJOYiVJSzC6Lsa,0.709,0.783,5,-5.944,0,0.0551,0.108,4.1e-05,0.103,0.648,127.043
76,Under Control (feat. Hurts),Calvin Harris,https://open.spotify.com/track/4J7CKHCF3mdL4diUsmW8lq,0.544,0.915,8,-3.405,1,0.0841,0.129,0.000914,0.115,0.51,126.094
77,Dímelo,Snakehips,https://open.spotify.com/track/6Xi897JXNLSoIaoYZwgTLc,0.566,0.444,7,-12.069,0,0.147,0.0522,0.0,0.158,0.161,146.991
78,Pepas,Farruko,https://open.spotify.com/track/5fwSHlTEWpluwOM0Sxnh5k,0.762,0.766,7,-3.955,1,0.0343,0.00776,6.98e-05,0.128,0.442,130.001
79,Where Are You Now,Lost Frequencies,https://open.spotify.com/track/3uUuGVFu1V7jTQL60S1r8z,0.671,0.636,6,-8.117,0,0.103,0.515,0.000411,0.172,0.262,120.966
80,Some Say - Felix Jaehn Remix,Nea,https://open.spotify.com/track/7C1trmcQQ5n5RNy4l6ziCv,0.682,0.7,6,-5.591,1,0.0397,0.406,0.0,0.174,0.637,120.03
81,Deixa Eu Dizer (Remix),Claudinho Brasil,https://open.spotify.com/track/4yDrqBOQj1UsLYdoRpK7Qu,0.522,0.781,8,-6.438,1,0.149,0.00505,0.00644,0.365,0.189,180.01
82,The Motto,Tiësto,https://open.spotify.com/track/18asYwWugKjjsihZ0YvRxO,0.754,0.763,7,-4.627,0,0.0435,0.0301,2.23e-05,0.0901,0.464,117.953
83,I'm Good (Blue),David Guetta,https://open.spotify.com/track/4uUG5RXrOk84mYEfFvj3cK,0.561,0.965,7,-3.673,0,0.0343,0.00383,7.07e-06,0.371,0.304,128.04
84,Lay Low,Tiësto,https://open.spotify.com/track/0zKbDrEXKpnExhGQRe9dxt,0.534,0.855,1,-4.923,0,0.183,0.0607,0.000263,0.346,0.42,122.06
85,4K,El Alfa,https://open.spotify.com/track/4xI3U4sDj1TPmO9Iz5TkYp,0.925,0.9,3,-4.361,0,0.143,0.355,0.00608,0.124,0.804,120.031
86,On My Way,Alan Walker,https://open.spotify.com/track/4n7jnSxVLd8QioibtTDBDq,0.509,0.689,1,-4.929,0,0.102,0.0209,0.0,0.301,0.297,170.087
87,Esta Vida,Marshmello,https://open.spotify.com/track/5OSGdSxtulzlzdPdK2MQJC,0.755,0.676,5,-7.349,1,0.0377,0.0418,0.00176,0.204,0.461,123.98
88,Si Se Da - Remix,Myke Towers,https://open.spotify.com/track/6K5BsR04ijf3FHNzjbaagD,0.817,0.672,11,-5.612,0,0.299,0.441,0.0,0.13,0.774,93.999
89,I Wish (feat. Mabel),Joel Corry,https://open.spotify.com/track/0YORgvqP1MotwCnDZzOwII,0.686,0.856,9,-2.717,0,0.0426,0.0896,0.0,0.0648,0.733,123.997
90,Mad Love,Mabel,https://open.spotify.com/track/0jJNpY616X5KgEWRLuxLFi,0.626,0.791,0,-2.947,0,0.196,0.672,0.0,0.122,0.573,197.592
91,Won't Forget You (Edit),Shouse,https://open.spotify.com/track/3I10tZ5MgEMo4WryCNJkZQ,0.656,0.655,7,-6.766,0,0.024,0.02,0.00816,0.103,0.555,127.001
