,name,artist,url,danceability,energy,key,loudness,mode,speechiness,acousticness,instrumentalness,liveness,valence,tempo
0,Somebody New (Mixed) - MK's Club Mix,MK,https://open.spotify.com/track/2yUL9w2SabPgAbH0hFhm2T,0.608,0.816,3,-8.566,0,0.0411,0.00126,0.74,0.0754,0.667,121.994
1,Everytime,Saffron Stone,https://open.spotify.com/track/0xuysuyKe74BSrGOqnPJ01,0.803,0.838,10,-7.55,0,0.0581,0.0262,0.918,0.111,0.544,127.011
2,Cocaina,Mason Talbot,https://open.spotify.com/track/1Pe2tGnJgJWX3vLIVJYSuc,0.817,0.648,0,-8.469,1,0.102,0.0118,0.0656,0.0532,0.7,127.037
3,Sete,BLOND:ISH,https://open.spotify.com/track/1pY5pxJMvF7Pc6t1rEisxz,0.736,0.827,6,-3.902,0,0.0643,0.0199,0.00828,0.351,0.814,125.008
4,Gold,Viot,https://open.spotify.com/track/6Cl6BtszRtZcVHSwkdFfC6,0.829,0.764,3,-8.872,0,0.0679,0.0453,0.27,0.119,0.594,127.996
5,Sonata,Nikolas Kaulbach,https://open.spotify.com/track/6rlZDAwS5F8TXg8hCBhv3H,0.664,0.765,4,-11.341,1,0.0435,0.107,0.643,0.111,0.0805,120.017
6,Escape - John Summit Remix,deadmau5,https://open.spotify.com/track/68lTEhMEx4MxDCJypT6bXE,0.631,0.84,9,-5.768,0,0.0347,0.0009,0.0374,0.109,0.113,125.992
7,The Truth - Original Mix,Friend Within,https://open.spotify.com/track/1ODT3OmSq9oh7U55njhHxB,0.721,0.903,0,-5.187,1,0.0722,0.000411,0.0841,0.0243,0.73,122.006
8,Paradigm (feat. A*M*E) - Original Mix,CamelPhat,https://open.spotify.com/track/6vdhYjovztns2WRsr9VJ55,0.588,0.926,4,-5.337,0,0.0332,6.66e-05,0.0833,0.382,0.135,120.01
9,Paradigm (feat. A*M*E) - Dark Dub Mix,CamelPhat,https://open.spotify.com/track/5cP6orh6tZwoLMWiqJkuKi,0.665,0.853,7,-5.746,1,0.0365,5.75e-05,0.903,0.151,0.495,122.987
10,My Paradise,Jamie Jones,https://open.spotify.com/track/5erkBzi1uzfVzRotIEDevu,0.749,0.74,10,-8.528,0,0.0313,0.0005,0.154,0.112,0.887,128.012
11,Feel the Heat,K69,https://open.spotify.com/track/1vYsYEfIW6e5mhipUnsCBo,0.726,0.944,3,-7.288,0,0.0419,0.000382,0.884,0.0423,0.566,128.011
12,Real,Gorgon City,https://open.spotify.com/track/03zseF8TGK6T4PlAxE0diA,0.742,0.698,6,-5.47,0,0.051,0.019,0.0328,0.0608,0.436,122.003
13,Can You Feel It,JADED,https://open.spotify.com/track/5FCzMiHrGRayOu12J65Syp,0.681,0.851,5,-4.96,0,0.0635,0.0315,0.0868,0.443,0.221,125.981
14,Acid in My Blood,Channel Tres,https://open.spotify.com/track/3b3TFgnFPhUSk8lvHdO6lX,0.8,0.759,1,-6.938,1,0.0469,0.00112,0.332,0.0845,0.478,126.006
15,We Don’t Need - Club Edit,Piero Pirupa,https://open.spotify.com/track/0N5rwGl9RZNLvdHDxzMsbb,0.729,0.811,0,-6.829,1,0.0307,0.00473,0.0354,0.644,0.399,124.997
16,Use Me Again - Carl Craig Rework,Tom Trago,https://open.spotify.com/track/0DmVOSnZLqxYEktgaVTP1H,0.645,0.76,7,-8.29,0,0.0512,0.000191,0.296,0.0263,0.476,123.989
17,Big Love - The Dronez Mix,Pete Heller's Big Love,https://open.spotify.com/track/3oPTJB34zCyiYP9rJzuTQs,0.724,0.828,9,-4.978,1,0.0519,0.00166,0.219,0.049,0.605,127.0
18,Massive,Drake,https://open.spotify.com/track/28JBD8p18xNuOfyV7Cotdn,0.499,0.671,4,-6.774,0,0.0561,0.114,0.0169,0.148,0.0557,124.994
19,Falling Back,Drake,https://open.spotify.com/track/5zyZM1EiSqrniyqtprwxpv,0.718,0.758,10,-8.29,1,0.0703,0.238,0.00653,0.11,0.349,118.989
20,Texts Go Green,Drake,https://open.spotify.com/track/4FIgHqXd4KkOwxrGeLDYM2,0.765,0.627,0,-4.607,1,0.0622,0.000916,0.195,0.0847,0.536,118.997
21,A Keeper,Drake,https://open.spotify.com/track/0nAZGkBGKQCXyaoSJfRhC1,0.6,0.482,1,-11.596,1,0.0701,0.512,0.000104,0.115,0.323,121.909
22,Calling My Name,Drake,https://open.spotify.com/track/7sT7kZEYd1MrmzLLIRVZas,0.826,0.276,11,-11.227,0,0.266,0.62,8.53e-05,0.118,0.484,123.985
23,Overdrive,Drake,https://open.spotify.com/track/7hRlTK3mgFTBEjX7DjqBsI,0.502,0.645,2,-10.611,0,0.122,0.444,0.00964,0.107,0.518,109.739
24,Something Going On 2022 (feat. Martha Wash & Jocelyn Brown),Todd Terry,https://open.spotify.com/track/5bExqqlQbWM7LWeOK1ZzCR,0.596,0.988,11,-6.008,0,0.0668,0.00185,0.25,0.783,0.408,125.008
25,Afraid To Feel,LF SYSTEM,https://open.spotify.com/track/40SBS57su9xLiE1WqkXOVr,0.578,0.912,1,-3.929,1,0.114,0.0166,0.00362,0.273,0.68,127.87
26,Somebody To Love,Ben Kim,https://open.spotify.com/track/6VKpDRWz9HAUOEpElNvjSi,0.536,0.964,6,-4.617,0,0.0491,0.0476,0.157,0.156,0.325,125.014
27,Feel For You,GW Harrison,https://open.spotify.com/track/0Z2e7pC55tHOYpG7ce2mtX,0.601,0.939,11,-3.169,0,0.0346,0.00129,0.0424,0.274,0.51,122.974
28,Don't Forget My Love - BURNS Remix,Diplo,https://open.spotify.com/track/6Ha82nguuBHdLbiiKj98qX,0.544,0.927,11,-6.031,0,0.0388,0.0282,0.0267,0.327,0.694,124.941
29,Lost In Paradise,Oden & Fatzo,https://open.spotify.com/track/6pPkw6qYnoDUnYFGxj3ZYN,0.796,0.979,4,-7.002,0,0.0515,0.000247,0.919,0.295,0.68,129.005
30,Don't Hurt Me Baby,Airwolf Paradise,https://open.spotify.com/track/7ez7Ld3pAXLa7QWgnr5a1e,0.748,0.948,10,-5.909,0,0.077,0.00196,0.887,0.219,0.907,128.029
31,La La La,CID,https://open.spotify.com/track/65805fOdXaBCr0myP8TFAs,0.816,0.88,11,-3.45,0,0.0428,0.00408,0.631,0.0567,0.794,126.016
32,Feels Good,GW Harrison,https://open.spotify.com/track/1s4NUHLvFTZFRYgzHqJQ8E,0.624,0.915,10,-6.291,0,0.0442,0.000839,0.901,0.32,0.698,125.029
33,The Promoter,Armand Van Helden,https://open.spotify.com/track/3MxPNd2u8RsgMrJy2M3Jo2,0.838,0.912,11,-4.542,1,0.0595,0.0283,0.0245,0.0468,0.904,126.028
34,Get This Party Started,Westend,https://open.spotify.com/track/3HybwTm4C1n07gqg85f8qt,0.756,0.748,11,-6.714,0,0.0511,0.000953,0.395,0.0749,0.678,126.076
35,First Love - Radio Edit,Husko,https://open.spotify.com/track/5g7n3do8rrkrANSbXFfYB6,0.508,0.983,4,-4.318,0,0.314,0.00195,0.0144,0.204,0.505,127.994
36,World Hold On - FISHER Rework,Bob Sinclar,https://open.spotify.com/track/2YDOjCfkGciEXxSutB6LJR,0.771,0.883,1,-5.243,0,0.0584,0.00596,0.00607,0.135,0.895,127.008
37,Radio Fireworks,Surkin,https://open.spotify.com/track/5skpaLUwEoHqpZeVLeMW0q,0.775,0.571,7,-8.203,0,0.153,0.00688,0.123,0.114,0.825,129.542
38,These Nights,Loud Luxury,https://open.spotify.com/track/1GL7vwDnPqCnJ2xGNxNLwG,0.643,0.714,2,-5.504,0,0.0486,0.00444,2.85e-06,0.146,0.205,120.027
39,Miracle Maker,Dom Dolla,https://open.spotify.com/track/6txvQu0zUbiqG24A8XMLnK,0.609,0.94,10,-6.097,1,0.0617,0.00124,0.269,0.15,0.238,128.001
40,Better (feat. Teddy Swims),MK,https://open.spotify.com/track/5MnmuLgPmsAFkmG5n85cna,0.624,0.966,6,-3.155,0,0.041,0.0729,4.84e-06,0.181,0.758,124.984
41,When The Dust Clears (feat. LOA.) - MD MixX,Mike Dunn,https://open.spotify.com/track/4fBKEDSwtIua3z916hr7bO,0.818,0.733,0,-6.585,1,0.116,0.000559,4.77e-06,0.331,0.742,124.054
42,"Tell Me It's Not Over (feat. Adi Oasis) - 7"" Version",The Shapeshifters,https://open.spotify.com/track/2ytILzaH90VpAcPbPVAXOL,0.687,0.883,0,-4.396,1,0.0432,0.024,0.00319,0.211,0.723,117.993
43,Cast a Spell,Rubb Sound System,https://open.spotify.com/track/3FsmxekJP2vHsoy1VTtsp9,0.777,0.821,5,-5.381,0,0.0901,6.14e-05,0.438,0.0373,0.741,121.996
44,MAMI,Chris Lorenzo,https://open.spotify.com/track/6JjSoJ2laV4ZbKNb9nybvh,0.758,0.944,3,-4.901,0,0.0623,0.0308,0.103,0.0438,0.826,126.022
45,Don’t You Want My Love,Moodymann,https://open.spotify.com/track/4L60ULqvJpqFReaNwmq8F0,0.735,0.641,6,-11.343,1,0.0959,0.00135,0.89,0.228,0.481,113.402
46,Shake It For Me - Junior Jack Remix,Hydraulic Dogs,https://open.spotify.com/track/69x0DPQq0kp5hgG3vjaf68,0.739,0.895,1,-8.506,1,0.105,0.039,0.286,0.125,0.277,125.783
47,Heaven (feat. Andreya Triana) - Mousse T.'s Disco Shizzle Remix,The Vision,https://open.spotify.com/track/4aKukWyV2TcVXByNATzPT1,0.75,0.952,10,-5.376,0,0.0899,0.0306,0.0307,0.0861,0.757,119.955
48,Wanna Feel It,Black Loops,https://open.spotify.com/track/0fiZo0GEDCxgmdTibdTcoA,0.757,0.588,11,-9.819,0,0.0774,0.000299,0.909,0.1,0.859,126.006
49,Strut,Kyle Walker,https://open.spotify.com/track/0nevM5K8CCJOTbAcpOS1Js,0.808,0.826,6,-8.178,1,0.0591,0.000901,0.226,0.163,0.742,127.002
50,Girls Want Girls,Sllash & Doppe,https://open.spotify.com/track/4ZooFvRED2GXhqjCHbORT3,0.808,0.965,7,-5.658,1,0.0612,0.0391,0.689,0.166,0.961,124.992
51,What A Life (feat. Stevie Appleton) - Extended Mix,John Summit,https://open.spotify.com/track/0IvsbADWSZiHuMM6QDtIZO,0.754,0.717,5,-5.768,0,0.0395,0.00105,0.82,0.0223,0.395,125.99
52,Call Me,Hannah Wants,https://open.spotify.com/track/4Kg3MAPeV5g4cO9kJvP4Ks,0.767,0.961,1,-6.113,1,0.077,0.00668,0.418,0.0634,0.847,126.034
53,Freak Machine Remix,American Dance Ghosts,https://open.spotify.com/track/65For6paDEKQgDM3gabXua,0.629,0.918,8,-6.703,0,0.0335,0.00457,0.898,0.066,0.861,127.019
54,The Music Began To Play,Mark Knight,https://open.spotify.com/track/5jOhS3S7vTj9yQ4UmEk8qj,0.738,0.936,4,-3.451,0,0.219,0.00151,0.707,0.617,0.27,127.022
55,Over U,Pat Lok,https://open.spotify.com/track/1Dmgo0ir9jlNmLT4s7W7pW,0.819,0.878,11,-6.026,1,0.432,0.00104,0.247,0.252,0.801,124.023
56,Bubble Guts - Braxe + Falcon Remix,A-Trak,https://open.spotify.com/track/6la7L4Q1gUg7tvuDT5wMXI,0.692,0.934,5,-7.192,1,0.0939,0.0307,0.241,0.363,0.311,122.023
57,I Believe (feat. Suzanne Palmer & Craig J. Snider) - Mark Picchiotti Remix,Mark Picchiotti,https://open.spotify.com/track/6k4BIKS1gLRsD8AexIh1yc,0.751,0.877,5,-3.713,0,0.0303,0.0914,0.000161,0.136,0.544,121.984
58,Beam Me Back,Clyde P,https://open.spotify.com/track/5JkNiQ5Ubk5Vm1S2oE8hJ4,0.798,0.974,3,-3.497,1,0.0449,0.0566,0.421,0.0594,0.813,127.996
59,Drugs From Amsterdam,Mau P,https://open.spotify.com/track/0w7JPlp7eEQI2EKW3ayXrv,0.683,0.932,8,-10.402,1,0.0513,0.0389,0.605,0.0615,0.553,125.002
60,Turn On The Lights again.. (feat. Future),Fred again..,https://open.spotify.com/track/6gdDu39yYqPcaTgCwYEW8i,0.683,0.887,6,-4.944,0,0.0497,0.0125,0.446,0.318,0.551,132.007
61,Natural Blues - Reinier Zonneveld Homage Remix,Moby,https://open.spotify.com/track/07JMgLRPEeLClpiAYkefuD,0.792,0.648,10,-6.695,0,0.0494,0.0013,0.716,0.0298,0.594,123.004
62,The Feeling,Riva Starr,https://open.spotify.com/track/0zNTdJPm4sYEEwTQqNHtKH,0.758,0.944,5,-7.915,1,0.0514,0.0468,0.152,0.174,0.878,123.006
63,In My Heart - Sandy Rivera Mix,Moby,https://open.spotify.com/track/1CkAg4Yim0EQitUfi2gmPD,0.58,0.807,4,-6.11,1,0.0361,0.000135,0.0329,0.131,0.508,125.993
64,La Danza - David Penn Extended Remix,John Summit,https://open.spotify.com/track/0G9chPlPx1nKO0eRbpMa26,0.801,0.831,1,-5.372,0,0.08,0.000628,0.937,0.0487,0.133,124.985
65,Jungle,Fred again..,https://open.spotify.com/track/31B7wLv4yvtjDoTTmbnxeE,0.665,0.727,1,-8.073,0,0.0391,0.00984,0.394,0.172,0.397,133.922
66,Marea (we’ve lost dancing),Fred again..,https://open.spotify.com/track/5Z8Dj3LtbyCMiwE86rhg2f,0.761,0.781,5,-6.778,0,0.141,0.0681,0.108,0.0607,0.473,123.023
67,Where's Your Head At,Basement Jaxx,https://open.spotify.com/track/3cJh89D0za2SW705fNBo3b,0.61,0.918,0,-4.817,1,0.0298,6.42e-05,0.0853,0.273,0.415,127.864
68,U Got Me,Room 5,https://open.spotify.com/track/3QVvl1yzXpLslLeN9gfnN3,0.771,0.938,1,-6.004,0,0.0863,0.000283,0.252,0.0939,0.517,126.919
69,"No Love, No Life",Redondo,https://open.spotify.com/track/5ito7KV8kZzuA7SLFV0oMw,0.661,0.804,1,-7.961,1,0.192,0.0157,0.0126,0.253,0.807,126.014
70,Plain Outta Luck,Ewan McVicar,https://open.spotify.com/track/2TouQGMw9U60rduNVkFU2v,0.71,0.985,8,-5.689,1,0.0887,0.00398,0.788,0.088,0.49,127.0
71,One Last,Kolter,https://open.spotify.com/track/6D0hO9LUSAopRLki7GOSSm,0.834,0.622,6,-8.223,0,0.0494,0.0525,0.908,0.0829,0.503,130.006
72,Da Fonk (feat. Joni),Mochakk,https://open.spotify.com/track/6ryPKHgiz6MSGJ1wYqn28b,0.776,0.798,9,-8.6,0,0.0907,0.01,0.793,0.116,0.428,127.007
73,Da Fonk (feat. Joni) - [Dub],Mochakk,https://open.spotify.com/track/16HsivNFzvZZNwK12a0fOp,0.81,0.747,9,-9.201,0,0.172,0.0103,0.871,0.354,0.2,127.002
74,Bustamove - MSCLS Remix,Zeds Dead,https://open.spotify.com/track/12ZnvCnbBhIttC95iea9fb,0.763,0.93,4,-4.6,0,0.0674,0.000818,0.346,0.0454,0.436,125.995
75,Could Heaven Ever Be Like This - Walker & Royce and Chris Lorenzo Remix,Idris Muhammad,https://open.spotify.com/track/7lhNCZG9JWxhoJSGkJa2AS,0.803,0.881,9,-6.482,0,0.163,0.0252,0.0223,0.205,0.387,127.089
76,More Love (feat. Secondcity),Noizu,https://open.spotify.com/track/5PY9fTLp4MPXsbeRouS8gd,0.572,0.951,6,-4.566,0,0.0504,0.00373,0.0529,0.318,0.276,123.984
77,Deep Inside Of Me,Bob Sinclar,https://open.spotify.com/track/7j5eg5Mb7n5iapdqY1T74A,0.609,0.945,11,-5.563,1,0.0421,0.000468,0.0864,0.354,0.772,124.986
78,Same Like Dope But Different,Butch,https://open.spotify.com/track/0GIPq4zQJPTlycINrUR0ST,0.748,0.944,1,-7.906,0,0.0563,0.0696,0.904,0.122,0.56,123.005
79,Remember (feat. Stevie Appleton),Sonny Fodera,https://open.spotify.com/track/7IYSwv7B1goXMTSggoab1F,0.655,0.89,5,-6.434,0,0.0611,0.101,0.0149,0.488,0.328,127.979
80,Yeah The Girls,FISHER,https://open.spotify.com/track/2ST4u9GusI2ddDfuMvXA5l,0.755,0.968,8,-5.282,1,0.0424,0.00117,0.773,0.103,0.785,126.007
81,The Feeling,Massano,https://open.spotify.com/track/2ex7NzlDpZ7uIqVd6sQIX4,0.755,0.603,11,-12.081,0,0.0761,0.00207,0.906,0.0881,0.0592,123.998
82,Pasilda - CASSIMM Radio Edit,Sean Finn,https://open.spotify.com/track/688iWL9LY6mETiU2KfRl03,0.691,0.966,8,-5.858,1,0.0457,0.00654,0.824,0.497,0.743,126.0
83,Mine O' Mine,Aluna,https://open.spotify.com/track/5zyxYOyV7Bt4srefSOfJN8,0.679,0.842,5,-6.751,1,0.0337,0.00191,0.00131,0.341,0.223,128.026
84,Make It Happen - Dom Dolla Remix,RÜFÜS DU SOL,https://open.spotify.com/track/3zSjRyDLwVWIZXEFZB6nUF,0.636,0.853,4,-8.321,0,0.0431,0.00202,0.39,0.231,0.241,128.005
85,How Will I Know,Tensnake,https://open.spotify.com/track/5lTOYADoL5tJq6SZcqXRnw,0.644,0.953,2,-3.378,1,0.0397,0.000147,0.206,0.0642,0.609,125.985
86,Calabria - Claptone Remix,Claptone,https://open.spotify.com/track/5SJaU2u1QXVvSenZoDlKMi,0.65,0.925,11,-6.459,0,0.0544,0.000112,0.886,0.172,0.66,123.999
87,Deep Down (feat. Never Dull) - Paul Mayson Remix,Alok,https://open.spotify.com/track/1d6cJdvEoOlL5wj39NSG8U,0.669,0.889,0,-5.413,1,0.0442,0.0091,0.00263,0.137,0.576,127.952
88,I Wanna - Tchami Remix,Shiba San,https://open.spotify.com/track/4BQs5cqHBEWMdO562qiKes,0.833,0.783,5,-7.3,0,0.171,0.0151,0.379,0.0965,0.624,127.002
89,The Weekend - Original 12 Inch Mix,Michael Gray,https://open.spotify.com/track/5iZti37mVPkYQHI3NAz1ZY,0.738,0.757,11,-7.209,0,0.0533,0.000114,0.367,0.0533,0.765,127.024
90,Ritmo,Raffa Fl,https://open.spotify.com/track/15223sfwoQj4IAJL8GSnfO,0.777,0.869,7,-5.159,0,0.0945,0.00083,0.000653,0.375,0.681,124.007
91,Ai No Corrida,Quincy Jones,https://open.spotify.com/track/0SzAKZYTUvDLqlPgllEb3N,0.798,0.748,11,-12.163,0,0.036,0.0555,0.105,0.0615,0.896,122.429
92,Badman Sound,Jakarta Project,https://open.spotify.com/track/1979SNrDvIqwtvqAr6ntZm,0.837,0.865,11,-6.857,0,0.0541,0.00026,0.446,0.67,0.784,124.006
93,Where's Your Head At - Martin Ikin Remix - Edit,Basement Jaxx,https://open.spotify.com/track/0EUgguVSAZFdHY8RSVCBUJ,0.706,0.945,10,-5.249,1,0.0606,0.00123,0.022,0.0422,0.348,128.009
94,Heaven Takes You Home (feat. Connie Constance),Swedish House Mafia,https://open.spotify.com/track/3nEHrvNNtgLv9rneTAYVr4,0.665,0.738,0,-5.931,0,0.0379,0.0124,0.00598,0.0923,0.0389,125.037
95,One (Your Name) - Radio Edit,Swedish House Mafia,https://open.spotify.com/track/6iznpTNBnljkbP0WtAfn50,0.733,0.673,9,-6.572,0,0.0333,0.0132,0.0049,0.16,0.636,125.061
96,Greyhound,Swedish House Mafia,https://open.spotify.com/track/0VffaI2jwQknRrxpECYHsF,0.723,0.806,0,-4.989,1,0.0521,0.00666,0.876,0.276,0.539,124.976
97,Lola's Theme Recut,The Shapeshifters,https://open.spotify.com/track/5l1RaiuYKyZu54clACy05X,0.888,0.649,5,-7.75,0,0.0658,0.000169,0.927,0.0498,0.711,124.001
98,NYP2,CamelPhat,https://open.spotify.com/track/2pNtIGopqr4wFDhpc9uAMC,0.642,0.942,10,-5.463,1,0.0771,0.00395,0.878,0.314,0.182,124.004
99,Organ Belta,Jamie Roy,https://open.spotify.com/track/0Uo3ri0yFn2iUh2c3Z54uO,0.806,0.981,11,-6.689,0,0.0646,0.00586,0.863,0.0512,0.914,128.0
