,name,artist,url,danceability,energy,key,loudness,mode,speechiness,acousticness,instrumentalness,liveness,valence,tempo
0,Slowrama,Oden & Fatzo,https://open.spotify.com/track/6wvDjoBTlJMTJfoEVzWauc,0.789,0.937,7,-7.783,1,0.082,0.00209,0.897,0.187,0.781,131.056
1,Rave Song 90,Oden & Fatzo,https://open.spotify.com/track/24VNrHpgQt4rXYIwUNzzrc,0.475,0.962,10,-7.515,0,0.0673,0.0932,0.413,0.658,0.648,135.028
2,Moulin Rouge,Oden & Fatzo,https://open.spotify.com/track/6DHVUcja12Z5DFd2VkFT8A,0.781,0.916,5,-8.042,0,0.0985,0.00899,0.857,0.0449,0.577,130.001
3,Rave On Time,Charlotte de Witte,https://open.spotify.com/track/1LAcu9o7dafkGKGyWsfhWy,0.768,0.891,7,-8.994,1,0.0428,0.0519,0.913,0.107,0.114,137.018
4,Tunnel,Polo & Pan,https://open.spotify.com/track/4at0npP4QkdIUulFZIsYft,0.73,0.505,2,-9.248,1,0.0606,0.119,0.711,0.148,0.38,119.995
5,Nothing Gonna Stop This,Truth x Lies,https://open.spotify.com/track/1JWA4peO1GxEgDxh8J23UA,0.775,0.948,7,-6.167,1,0.0578,0.0143,0.0133,0.104,0.766,126.978
6,Funky Town - Extended Mix,ACRAZE,https://open.spotify.com/track/2xj5RDhCEKZu4qhBj6IyfD,0.856,0.948,8,-5.878,1,0.0484,0.00123,0.73,0.082,0.717,124.967
7,Crazy Love (feat. Yasmin Jane),Simon Hardy,https://open.spotify.com/track/6ktWBjC7VPw7DjdkrXKONl,0.689,0.689,8,-6.284,0,0.0332,0.00637,0.0639,0.159,0.234,124.891
8,Pick Up,DJ Koze,https://open.spotify.com/track/5YzBL3vkQnp3JbeDRRSbSQ,0.712,0.601,5,-8.968,1,0.062,1.09e-05,0.802,0.0982,0.513,124.912
9,Woman Like You,kryptogram,https://open.spotify.com/track/0Tby0PFN8E8I8pg0oxeapb,0.796,0.796,8,-4.675,0,0.044,0.0249,0.0305,0.143,0.858,119.996
10,Voodoo? - Lazywax Remix,L'Impératrice,https://open.spotify.com/track/2wHeYDrniYngp3did3McYD,0.806,0.644,6,-8.527,0,0.0853,0.201,0.0205,0.0443,0.881,117.004
11,Energizer,Joshwa,https://open.spotify.com/track/6VZXR9bfZgNTxWcolI7iPu,0.8,0.922,9,-7.027,0,0.0564,0.0125,0.735,0.0608,0.754,126.986
12,Seeing & Believing,Chris Stussy,https://open.spotify.com/track/2UmHaGfuI7mAJZPN9VHBm0,0.747,0.881,0,-7.649,0,0.0465,0.0281,0.853,0.107,0.768,124.985
13,Whatudo,Chris Stussy,https://open.spotify.com/track/4jtfPz8MINYNvF556nSdUd,0.805,0.813,10,-11.709,0,0.0624,0.16,0.854,0.091,0.478,126.996
14,Tripasia,Cloonee,https://open.spotify.com/track/365aB2RegILTAZqCEgmkUc,0.844,0.772,7,-7.936,1,0.0924,0.0955,0.12,0.0757,0.559,128.003
15,Mi Amor,Cloonee,https://open.spotify.com/track/6U7DCvIA93YYzyFYwmiIIe,0.824,0.511,8,-9.049,0,0.151,0.0187,0.834,0.309,0.0858,127.959
16,Freaks - Radio Edit,Timmy Trumpet,https://open.spotify.com/track/4f3NHOxgC8Bg21IJBg4cZ3,0.882,0.965,4,-0.818,1,0.13,0.0136,0.388,0.206,0.759,128.129
17,Acrobatic - Martin Ikin Remix,SIDEPIECE,https://open.spotify.com/track/1mojEXrHDsprmPeTnVukGn,0.796,0.919,1,-6.47,0,0.057,0.00303,0.177,0.365,0.504,126.999
18,World Hold On (Radio Edit) [Vintage Culture & Dubdogz Remix],Bob Sinclar,https://open.spotify.com/track/0VdwHBLCTSdrTJFIjWOsEC,0.604,0.894,11,-3.796,1,0.199,0.0829,0.000564,0.201,0.669,122.884
19,La Danza,John Summit,https://open.spotify.com/track/2FEUloDXMvRnyfLcsrCfkw,0.797,0.88,6,-5.722,0,0.0442,0.00298,0.574,0.183,0.357,125.996
20,We Do What We Want,Alan Fitzpatrick,https://open.spotify.com/track/18DjkS5pjqCBROtTVH4GK6,0.77,0.966,6,-6.703,1,0.0422,0.000438,0.932,0.098,0.349,126.01
21,Underwater - Adam Port Remix,RÜFÜS DU SOL,https://open.spotify.com/track/0IREzm51kz0WsClgje6jeP,0.774,0.681,11,-9.813,1,0.0525,0.000298,0.785,0.0769,0.16,118.016
22,Proper Education - Club Mix,Eric Prydz,https://open.spotify.com/track/0kAcEkE59uOXNJOLDfW1BF,0.742,0.634,0,-6.856,1,0.0653,0.00371,0.521,0.042,0.217,124.972
23,TECHNO + TEQUILA (feat. Morgan Harvill),Disco Lines,https://open.spotify.com/track/1Tk7GuYDspyvq16jy2Tpwl,0.849,0.825,2,-5.504,1,0.0498,0.0423,0.0366,0.146,0.567,126.071
24,Glow,Uncle Knows,https://open.spotify.com/track/178UZ1QPgYGCVsdtwR68pf,0.63,0.826,0,-7.273,1,0.0373,0.000149,0.909,0.0328,0.778,131.984
25,Something Special,MISS DRE,https://open.spotify.com/track/4C3hxyrxs6Er1ROskZ48nG,0.727,0.948,11,-6.528,1,0.101,0.000828,0.898,0.112,0.224,124.012
26,Soul Searcher - Extended Mix,Wh0,https://open.spotify.com/track/4C3SILcd1X5PSggCJWpY6v,0.744,0.867,0,-4.98,1,0.0922,0.00397,0.00837,0.138,0.514,125.011
27,Sending Love - Original Mix,Tuff London,https://open.spotify.com/track/4hslxo0Kdkzglw7ygDU5SH,0.747,0.834,5,-6.898,0,0.0565,0.00034,0.8,0.182,0.282,123.997
28,The Sequel,Tita Lau,https://open.spotify.com/track/3f0C4VBTbLlEsCyybHELPW,0.667,0.92,10,-6.332,0,0.0574,0.0248,0.0028,0.211,0.531,126.012
29,Gotta Let You Go,Matroda,https://open.spotify.com/track/2fKvK5bK3p3G4yyW3qCQxh,0.746,0.958,3,-4.738,0,0.102,0.00585,0.458,0.3,0.543,124.045
30,Love Boy,J. Worra,https://open.spotify.com/track/6ZqWXWIh6yy2tfJwX0xnO3,0.789,0.793,3,-7.868,0,0.109,0.0252,0.00132,0.194,0.78,123.972
31,This Feeling (with Surrender) - Dombresky Remix,Armand Van Helden,https://open.spotify.com/track/3nJmSGldyvZmcdnK5rRnMN,0.746,0.951,1,-4.953,1,0.411,0.00175,0.135,0.325,0.564,126.935
32,Da Ya Think I'm Sexy - Remastered,JUAN PABLO,https://open.spotify.com/track/4tESX5VjNMQfpm0IOJSaJI,0.698,0.745,0,-7.56,1,0.0348,0.000615,0.348,0.564,0.704,122.997
33,Sunrise (I Feel) - Loui & Brejo Dub,Johnny Bravo,https://open.spotify.com/track/7BkaYsb4b75G4tLKLVRleE,0.79,0.87,8,-6.648,0,0.0664,0.000116,0.516,0.0465,0.59,126.993
34,Mind Dimension 2,Tiga,https://open.spotify.com/track/62t4UAR8vGbcA1O0saBUp0,0.748,0.48,7,-8.264,1,0.0598,0.0103,0.00397,0.287,0.392,125.024
35,This Is Life - Extended Mix,Nic Fanciulli,https://open.spotify.com/track/5NGXozRfE5CVyBFHHJuE9d,0.798,0.868,9,-8.549,0,0.0676,0.000982,0.879,0.619,0.695,128.002
36,Carnaval de Paris,CID,https://open.spotify.com/track/5b58AS0u6Xr4vaxWnY2C1n,0.76,0.558,0,-5.495,0,0.0563,0.00107,0.905,0.292,0.0717,127.026
37,Like Whoa,Black V Neck,https://open.spotify.com/track/6CrNAgxGGcraHZqlbNmSlE,0.773,0.89,6,-7.044,1,0.0578,0.00111,0.871,0.0884,0.745,126.028
38,Get 2 Know Me,Ashibah,https://open.spotify.com/track/48zf80RH3i7whw0eDqU6G4,0.879,0.676,5,-6.364,0,0.108,0.0177,0.55,0.275,0.742,123.977
39,Where I Want 2 B,CID,https://open.spotify.com/track/0YEgVqBmj14YWgv7w32Qm4,0.769,0.885,9,-4.547,0,0.0542,0.00364,0.463,0.0796,0.824,126.017
40,400,Chris Lake,https://open.spotify.com/track/4tvlhGkTprgA9dY8gfQISz,0.834,0.792,4,-4.67,0,0.165,0.0348,0.00112,0.124,0.0555,124.965
41,aNYway,Duck Sauce,https://open.spotify.com/track/6MgdKuIbf7t2fbIWqxCl4X,0.781,0.847,0,-5.327,0,0.373,0.0288,5.78e-05,0.277,0.65,127.992
42,NRG,Duck Sauce,https://open.spotify.com/track/2458QjhoTMTDy0jDdwniCN,0.691,0.908,8,-4.407,1,0.394,0.0539,1.43e-05,0.38,0.751,127.869
43,Work!,Chris Lake,https://open.spotify.com/track/5krfM2qSv73Km5MMgzfkBJ,0.776,0.942,0,-4.582,0,0.0559,0.000255,0.76,0.118,0.27,123.944
44,Feel So Good,Chris Lake,https://open.spotify.com/track/3u3ni5vvXU7WNu1cw5MdFs,0.827,0.765,1,-4.993,1,0.111,0.00167,0.0118,0.125,0.782,124.997
45,U Don't Know Me,Armand Van Helden,https://open.spotify.com/track/4xKSVV3RjBs9vPyrHpuslU,0.783,0.678,10,-7.718,1,0.0725,0.0274,0.0366,0.0671,0.777,129.955
46,Nonchalant,Duck Sauce,https://open.spotify.com/track/1L1Ld0kWEbYcaaXCefYucE,0.833,0.894,9,-3.86,0,0.127,0.00534,0.131,0.182,0.778,123.992
47,One More (feat. Nile Rodgers),SG Lewis,https://open.spotify.com/track/3KSDI400G4Ykh7HjAYS7sP,0.722,0.784,5,-4.662,0,0.0819,0.00668,5.31e-06,0.467,0.768,119.988
48,Time,SG Lewis,https://open.spotify.com/track/2Oc5ez4PVPnIWAmYr8i99V,0.75,0.819,10,-6.6,0,0.151,0.0674,0.000979,0.308,0.614,116.054
49,Feed The Fire (feat. Lucky Daye),SG Lewis,https://open.spotify.com/track/0yU8ftsMI0LDMtee8TDsDR,0.849,0.682,7,-6.241,1,0.123,0.0197,0.00143,0.0996,0.928,121.997
50,More Than A Woman - SG's Paradise Edit,Bee Gees,https://open.spotify.com/track/0L3XCv9i9IHs8cJEVhsJ3J,0.679,0.762,10,-4.253,0,0.0316,0.00469,0.23,0.0446,0.511,105.407
51,I Go - Soulwax Remix,Peggy Gou,https://open.spotify.com/track/577TxxoJTaW1BxH6EUDlTS,0.734,0.763,8,-7.419,0,0.0494,0.0137,0.82,0.172,0.153,125.002
52,I Go - DJ Koze Remix,Peggy Gou,https://open.spotify.com/track/3GHJ47kr5h2nisPvaRGBFT,0.822,0.551,1,-9.871,0,0.062,0.0498,0.26,0.217,0.642,123.989
53,You Know You Like It - Tchami Remix,AlunaGeorge,https://open.spotify.com/track/0OpcI3rARLsNWgVbPdwHD9,0.815,0.84,5,-4.331,0,0.107,0.183,0.0843,0.0866,0.587,122.988
54,Blackwater - 128 full strings vocal mix,Octave One,https://open.spotify.com/track/3829oHimRwuUHePcD2Jj7S,0.763,0.81,5,-8.943,0,0.0545,0.264,0.000563,0.0823,0.496,128.24
55,Back Together (feat. Ron Carroll) - Classic Mix,Hardsoul,https://open.spotify.com/track/1PH8at6E0jy3rFPH66aH9m,0.767,0.73,9,-7.93,1,0.0567,0.0946,0.000328,0.645,0.832,121.008
56,Naughty Water - Chapter & Verse Remix,VOLAC,https://open.spotify.com/track/5tSPvrcEnQLDk2VEnRQsnU,0.68,0.894,2,-11.222,1,0.046,0.174,0.0943,0.894,0.628,126.994
57,Believe,Eli Brown,https://open.spotify.com/track/40up5wCfwQXTDXyE18hJbJ,0.789,0.976,3,-5.886,1,0.057,0.0065,0.849,0.0639,0.258,131.99
58,Don't Stop Movin',ACT ON,https://open.spotify.com/track/5lc7Fkqt3GdHbM8F77CJ1E,0.698,0.954,7,-4.704,1,0.0494,0.0243,0.161,0.081,0.296,127.002
59,Wasting Time,Matroda,https://open.spotify.com/track/7qIU50XAzFBYENwo5L5AeV,0.799,0.937,6,-7.677,0,0.225,0.00268,0.888,0.044,0.0362,124.962
60,Jupiter Jazz,Galaxy 2 Galaxy,https://open.spotify.com/track/2T6rMXWYc934IWMudx1H1X,0.645,0.877,7,-10.616,1,0.0456,0.00657,0.858,0.127,0.473,124.697
61,Winter,Aril Brikha,https://open.spotify.com/track/5Kfv2zilI2e9ETbeYwLXSB,0.66,0.641,11,-12.733,0,0.046,0.0686,0.857,0.0871,0.831,130.997
62,Teardrops (feat. Majid Jordan),MK,https://open.spotify.com/track/0pPpcDDIiVBeBS5jBecnSC,0.603,0.899,6,-4.784,0,0.0288,0.00113,0.00647,0.0782,0.705,125.001
63,Is It Really Love,Joe Stone,https://open.spotify.com/track/7wo90naUfmLhNzVp1eCc8A,0.657,0.956,4,-3.191,0,0.0449,0.0707,3.36e-06,0.412,0.297,124.951
64,CP-1,Love Regenerator,https://open.spotify.com/track/3n5lR03MyGhK7mPV6YiB1u,0.486,0.819,10,-8.357,0,0.0966,0.0428,0.695,0.11,0.0719,127.979
65,My Head is a Jungle - Radio Edit,Wankelmut,https://open.spotify.com/track/1kGfsEeAvV7a2sxeDX7gc0,0.729,0.72,7,-5.2,0,0.0487,0.392,0.000227,0.116,0.731,123.996
66,Love Lockdown,Jacob Colon,https://open.spotify.com/track/3gxyGxL1d7ijNInY1vbLyG,0.822,0.676,1,-7.743,1,0.0528,0.0246,0.506,0.106,0.527,123.993
67,Ferrari,James Hype,https://open.spotify.com/track/4zN21mbAuaD0WqtmaTZZeP,0.847,0.69,1,-7.877,0,0.0493,0.0127,6e-05,0.0526,0.692,125.004
68,Lost Myself Again,JADED,https://open.spotify.com/track/1uRkLJG9sdMFIB8Hb18uGx,0.803,0.823,2,-5.968,1,0.0598,0.00596,0.0012,0.336,0.769,124.998
69,Zilla,Kyle Walker,https://open.spotify.com/track/1qNPEyERLjuucpdAf0zaXI,0.798,0.943,11,-6.433,0,0.0562,0.00784,0.881,0.121,0.171,127.988
70,Alter Ego,Duke Dumont,https://open.spotify.com/track/1H5aqJh1n2xJPTVc7D0aqR,0.733,0.903,8,-6.019,1,0.0627,0.00592,0.489,0.0803,0.728,124.992
71,Sunshine,Wh0,https://open.spotify.com/track/08hSsSeBxyyri4j8cQxXm4,0.666,0.929,1,-5.881,1,0.0696,0.0115,0.178,0.202,0.68,124.012
72,Before feat. Mars - Original Mix,Prince Club,https://open.spotify.com/track/13a1V9MpMdhCO9c6BqQkEJ,0.814,0.798,1,-6.638,1,0.0402,0.00237,0.0205,0.0495,0.427,123.496
73,Like This,Justin Jay,https://open.spotify.com/track/4bUPFFREDUtgJ8fp383ulN,0.803,0.779,9,-6.998,0,0.0686,0.00177,0.747,0.0691,0.613,126.009
74,In The Dark,VNSSA,https://open.spotify.com/track/3cRcU40fTpu2JmPWejYf5K,0.676,0.909,6,-5.863,0,0.0437,0.00106,0.861,0.663,0.573,125.999
75,Chains,Meca,https://open.spotify.com/track/77s7uou3UOgONDU1yB7RpX,0.769,0.951,9,-7.252,1,0.0479,0.384,0.775,0.0455,0.699,123.999
76,Today's News - Original Mix,Solardo,https://open.spotify.com/track/3ZXaLcxyHou7jY4EcRY1Ju,0.845,0.913,7,-7.766,1,0.0543,0.104,0.0669,0.0998,0.719,127.004
77,Wide Awake,Wh0,https://open.spotify.com/track/20yKLmVyrPM1cnM5vra4lf,0.681,0.947,11,-6.122,0,0.0399,0.0154,0.23,0.121,0.189,126.002
78,Stereo Love,Edward Maya,https://open.spotify.com/track/35Dofxo9smHVxmFQbhYIAT,0.778,0.776,9,-5.359,1,0.0362,0.0338,0.0216,0.0772,0.361,127.049
79,Digital Love,Daft Punk,https://open.spotify.com/track/2VEZx7NWsZ1D0eJ4uv5Fym,0.644,0.664,9,-8.398,1,0.0332,0.048,0.867,0.342,0.53,124.726
80,I feel for you - Original,Bob Sinclar,https://open.spotify.com/track/3zAU6cqXVFTzz1Yvnw87x1,0.658,0.889,8,-4.432,0,0.0435,0.000164,0.0116,0.337,0.501,129.973
81,Murder On the Dance Floor,Sophie Ellis-Bextor,https://open.spotify.com/track/4LrOmj6MoxMdCLf2zJnkq0,0.731,0.842,1,-5.299,0,0.0299,0.00269,1.45e-05,0.313,0.864,117.301
82,In Chicago - Extended Mix,John Summit,https://open.spotify.com/track/1Ryu9X9AOVvouMn2IL0jJd,0.797,0.861,2,-7.21,1,0.0505,0.000297,0.794,0.0685,0.806,126.002
83,The Calling,Tchami,https://open.spotify.com/track/4ANmPUsA3LAvOSP8xen6Vt,0.748,0.873,6,-6.301,1,0.0627,0.00867,0.151,0.244,0.348,124.995
84,Jack To The Sound Of The Underground,Hithouse,https://open.spotify.com/track/6qW4E8ovwG4biAKtLzLa45,0.76,0.939,8,-9.795,1,0.0525,0.0857,0.0389,0.368,0.88,120.578
85,Love Theme - Original Mix,Fred Falke,https://open.spotify.com/track/4o7yIVyQd07cLT5bWjm22D,0.698,0.655,8,-10.317,1,0.0499,0.00705,0.835,0.097,0.383,125.012
86,808 PM At The Beach - Original Mix,Fred Falke,https://open.spotify.com/track/332axSkCygFiO7rlQ9TYiC,0.688,0.87,1,-9.543,1,0.0665,0.093,0.831,0.426,0.355,125.988
87,Teachers - Extended Mix,Daft Punk,https://open.spotify.com/track/0L6O6XtSu0pok4UgFcNZz0,0.972,0.503,6,-8.665,1,0.143,0.0193,0.892,0.0912,0.789,123.182
88,You Make Me Feel,Solardo,https://open.spotify.com/track/4z2ZZU3skkejktx83PbKiR,0.601,0.947,10,-6.398,1,0.0468,0.00322,0.000584,0.236,0.669,132.987
89,Chromatic,Anti Up,https://open.spotify.com/track/3FcKnF4nEwGxlwdAmRIogh,0.607,0.914,0,-5.02,0,0.0547,3.8e-05,0.162,0.165,0.781,128.032
90,"World, Hold On",Bob Sinclar,https://open.spotify.com/track/6yeO8fapOJGqL8Hr0Da2l3,0.727,0.889,8,-3.277,0,0.093,0.0809,3.42e-05,0.198,0.656,127.011
91,White Noise,Disclosure,https://open.spotify.com/track/4PPiV0xlKze0D4G93UWLji,0.683,0.845,10,-6.17,0,0.051,0.0103,0.000108,0.345,0.874,119.966
92,Trust The Process,Dombresky,https://open.spotify.com/track/4DUSkpHmV9yKk2IV0AHMmU,0.603,0.962,9,-4.532,0,0.0459,0.024,0.213,0.34,0.693,126.018
93,Nightmares,Chris Lake,https://open.spotify.com/track/5xARo31Sdr6Kmk2g9j4t3x,0.802,0.819,0,-6.774,1,0.0856,0.00885,0.307,0.102,0.488,128.043
94,OoooH,CID,https://open.spotify.com/track/0pirokrbgCxZ0nvZsl5qEU,0.689,0.972,11,-3.567,0,0.0467,0.0423,0.251,0.0673,0.608,126.001
95,Let Me Take You,CID,https://open.spotify.com/track/0q6ty9Ga2ebtTKa2C74jrC,0.874,0.908,6,-3.573,0,0.0593,0.00839,0.0891,0.343,0.905,125.981
96,How We Do,CID,https://open.spotify.com/track/0oDnZigAyI2RTxareDIuXO,0.798,0.928,6,-7.226,1,0.0523,0.0054,0.532,0.21,0.32,127.988
97,Stop This Flame - Celeste x MK,Celeste,https://open.spotify.com/track/3FN7IJMnUMWZXDw08ix3ot,0.692,0.846,8,-5.72,1,0.0559,0.0194,2.91e-05,0.324,0.827,124.007
98,Always (feat. Alana) - MK Area 10 Remix,MK,https://open.spotify.com/track/6MoCxnWQ7Qep1aaZJ3QWd0,0.787,0.819,5,-6.696,1,0.0374,0.161,0.00023,0.0571,0.607,122.328
99,Love Changes (feat. Alana) - Deep Mix,MK,https://open.spotify.com/track/00s9Ptk5N4QUYOf4CHP6c3,0.759,0.507,3,-10.417,1,0.0756,0.000916,0.000124,0.112,0.561,120.327
