,name,artist,url,danceability,energy,key,loudness,mode,speechiness,acousticness,instrumentalness,liveness,valence,tempo
0,Believe In Music,CASHEW,https://open.spotify.com/track/3xZcJMwrpm65gGTfA3ngL1,0.836,0.849,9,-6.691,0,0.0884,0.0311,0.305,0.319,0.691,125.056
1,Romeo,Corrupt (UK),https://open.spotify.com/track/03xzgjqAYzMW72afLVD6Of,0.836,0.761,11,-6.034,0,0.0686,0.021,0.0314,0.0633,0.915,125.993
2,Show Me A Sign (with MKLA),Ship Wrek,https://open.spotify.com/track/49yvk8qS9L7I5aDeIMSutb,0.717,0.763,2,-5.178,1,0.0559,0.0437,6.02e-05,0.154,0.741,126.002
3,Elevate,Noizu,https://open.spotify.com/track/1drT2ZIIniBKLsYM3kEEiv,0.657,0.951,2,-5.359,1,0.0623,0.0112,0.0609,0.127,0.536,125.972
4,Supa Sharp,Martin Ikin,https://open.spotify.com/track/12nQDslUWJxVi6yGjYbL2s,0.732,0.984,1,-6.099,1,0.0696,0.000346,0.687,0.29,0.593,127.023
5,Baby again..,Fred again..,https://open.spotify.com/track/4zlbKky2yA657Sk5rekZoR,0.847,0.724,2,-7.668,1,0.047,0.00355,0.00339,0.0731,0.326,126.983
6,I Wanna,Shiba San,https://open.spotify.com/track/55g1yIgnKXNKbA5hxiHTbW,0.877,0.737,1,-5.247,1,0.0353,0.000768,0.127,0.106,0.384,126.997
7,Shady Intentions (feat. Tori Levett) - VIP,NGHTMRE,https://open.spotify.com/track/0H7ohNCf0NzJQdtm0045RR,0.499,0.865,10,-4.898,0,0.0468,0.0984,0.000712,0.497,0.489,158.021
8,Saturday Love,Matroda,https://open.spotify.com/track/2jGlVbdMM7pzUl5RyeSJrX,0.877,0.82,0,-5.193,1,0.0907,0.0734,0.274,0.0714,0.356,125.035
9,Lost,Noizu,https://open.spotify.com/track/08rASU8hp7fUAWmQ8CLOgD,0.75,0.863,5,-6.059,0,0.0525,0.00116,0.421,0.0958,0.159,127.989
10,Take Me Away,ACRAZE,https://open.spotify.com/track/1EXDjOpV3Lbiv8CzJ7caHs,0.727,0.982,11,-4.011,0,0.0782,0.000274,0.854,0.286,0.719,126.036
11,Sometimes I Get,Curbi,https://open.spotify.com/track/5Igv1jW8dj9i9LGNhD6ZCm,0.714,0.762,11,-5.991,0,0.105,0.0929,0.753,0.315,0.465,128.026
12,Come Back to Me,Deeper Purpose,https://open.spotify.com/track/0wGFG26QzuMRH03ACmlyW7,0.766,0.86,2,-6.682,1,0.049,0.00597,0.191,0.0543,0.93,126.009
13,Snatch,Malaa,https://open.spotify.com/track/2WnWl10jDfmFHFFsQNAiAD,0.782,0.905,9,-5.119,1,0.0507,0.0262,0.82,0.0777,0.238,128.012
14,Gimmie The Loot - Remix,DVRST,https://open.spotify.com/track/3O2XObpevlmnM6iHhrp54v,0.878,0.94,5,-5.623,0,0.196,0.021,0.00102,0.151,0.604,128.006
15,I See Colors,Disco Lines,https://open.spotify.com/track/6CfcDeHk4tzSmkd97HRvM3,0.71,0.619,6,-8.771,0,0.063,0.047,0.000161,0.162,0.221,133.116
16,Misbehave,Ship Wrek,https://open.spotify.com/track/5ycGcr8ZiWiutDmLps8UQG,0.734,0.858,10,-5.42,0,0.0428,0.321,0.0109,0.0729,0.549,124.036
17,RUSH,Curbi,https://open.spotify.com/track/4BIpVhPALiMEUpSdmIitol,0.735,0.798,0,-5.206,1,0.0365,0.0192,0.733,0.282,0.542,128.019
18,Touchin' Me,Matroda,https://open.spotify.com/track/6lMq6pbQ0rRCzsqq6u9fYZ,0.786,0.952,7,-5.773,1,0.0619,0.00259,0.755,0.0777,0.217,126.032
19,About You,Blossom,https://open.spotify.com/track/7JAkvffm6VZJ0uVO3DY3My,0.551,0.861,7,-4.243,1,0.0358,0.000174,0.805,0.114,0.041,174.01
20,Put It On Me (feat. Mila Falls),Holy Goof,https://open.spotify.com/track/1VO8LC2PyM13d1LxE6KLSc,0.748,0.583,9,-5.673,1,0.0556,0.00684,0.0,0.433,0.374,129.063
21,Turn It Up,Corrupt (UK),https://open.spotify.com/track/0TeJiZ6GXGYSBLTNxwwD8j,0.767,0.969,7,-4.768,0,0.0565,0.00212,0.677,0.353,0.815,126.98
22,Far Away,Blossom,https://open.spotify.com/track/0AqWn1DSuHXlnAbRnE7nDM,0.793,0.87,0,-4.368,1,0.0891,0.000808,0.00352,0.0839,0.459,130.0
23,Wish You Were Here,Blossom,https://open.spotify.com/track/5KClVCszuR3RkmRvS2GWQd,0.801,0.948,7,-4.009,1,0.211,0.003,0.000225,0.112,0.511,132.121
24,Samsara,Bleu Clair,https://open.spotify.com/track/4U91micKPBG76g9oKoICVk,0.798,0.995,4,-5.05,1,0.0557,0.00528,0.816,0.344,0.439,126.025
25,Gucci Suit,Cloonee,https://open.spotify.com/track/0htfSPN3BMHHaJTrZ63YMM,0.731,0.603,6,-10.01,1,0.0674,0.00705,0.189,0.0956,0.448,126.003
26,Over & Over,Ship Wrek,https://open.spotify.com/track/5yxZgGzAoRUntxuqBeiX7a,0.651,0.887,11,-6.26,0,0.0462,0.0361,0.000225,0.11,0.753,125.073
27,Morenita - Matroda Remix,HUGEL,https://open.spotify.com/track/4Qa9y4SXsLBAhcRZUdtpOw,0.746,0.903,8,-5.322,0,0.0724,0.0133,0.615,0.329,0.626,126.088
28,Tick Tock (feat. Natz),Corrupt (UK),https://open.spotify.com/track/7v6AOJb2eTCsgMzF1b93Y5,0.801,0.751,11,-5.693,1,0.0557,0.00341,0.389,0.0601,0.885,128.001
29,Hombres y Mujeres,Gordo,https://open.spotify.com/track/71L9EZo8OEaZINg75dBUSW,0.85,0.81,1,-5.015,1,0.0688,0.000445,0.00165,0.0541,0.818,130.024
