,name,artist,url,danceability,energy,key,loudness,mode,speechiness,acousticness,instrumentalness,liveness,valence,tempo
0,MARGIELA,Omar Courtz,https://open.spotify.com/track/0dn2vcLgQNYhXyq8Xs9o4Q,0.791,0.512,8,-7.356,0,0.382,0.37,1.53e-05,0.1,0.656,90.078
1,"Paola ""Asesinos""",Omar Courtz,https://open.spotify.com/track/6UXuoEjQQwAo7iY5qlYoag,0.739,0.615,6,-6.437,0,0.134,0.154,8.31e-06,0.145,0.609,176.008
2,Más Grande,Joyce Santana,https://open.spotify.com/track/4TLEFzZg6L6iYBCIi0T2tU,0.862,0.626,10,-6.12,0,0.178,0.081,0.0,0.226,0.762,89.968
3,LA CANCIÓN,J Balvin,https://open.spotify.com/track/0fea68AdmYNygeTGI4RC18,0.754,0.646,7,-5.795,1,0.317,0.152,1.85e-05,0.108,0.429,176.089
4,Cuerpecito,Jhayco,https://open.spotify.com/track/79euszUrA1kga1kK5PRmDo,0.807,0.762,8,-2.41,1,0.0468,0.0721,0.0,0.0922,0.268,106.004
5,CLASSY 101,Feid,https://open.spotify.com/track/6XSqqQIy7Lm7SnwxS4NrGx,0.859,0.658,11,-4.79,1,0.159,0.145,0.0,0.12,0.672,100.065
6,LEJOS DEL CIELO,Rauw Alejandro,https://open.spotify.com/track/58EM1w815O5XZGWSF7DUCf,0.77,0.521,7,-6.982,1,0.195,0.372,3.91e-05,0.3,0.222,92.014
7,Nostálgico,Rvssian,https://open.spotify.com/track/2BEcap3xJtmiPaHKyfQi4e,0.734,0.846,9,-3.425,0,0.0489,0.166,1.74e-06,0.235,0.604,98.026
8,Candy,Plan B,https://open.spotify.com/track/2ctjDCCg1wHoQSjIJ8p6U4,0.897,0.864,11,-3.735,0,0.147,0.252,0.0,0.517,0.542,95.981
9,Choca,Plan B,https://open.spotify.com/track/1hiKRqR0jox7OI7aweq7Sj,0.858,0.835,4,-4.852,0,0.122,0.225,5.76e-06,0.0613,0.466,88.0
10,La Maldita Bulla,Many Malon,https://open.spotify.com/track/6Z0USdAMfe3eDQRaye0yF1,0.891,0.521,2,-8.762,1,0.094,0.0164,0.0898,0.0996,0.505,123.981
11,DÁKITI,Bad Bunny,https://open.spotify.com/track/4MzXwWMhyBbmu6hOcLVD49,0.731,0.573,4,-10.059,0,0.0544,0.401,5.22e-05,0.113,0.145,109.928
12,La Bebe - Remix,Yng Lvcas,https://open.spotify.com/track/2UW7JaomAMuX9pZrjVpHAU,0.812,0.479,2,-5.678,0,0.333,0.213,1.21e-06,0.0756,0.559,169.922
13,TQG,KAROL G,https://open.spotify.com/track/0DWdj2oZMBFSzRsi2Cvfzf,0.72,0.63,4,-3.547,0,0.277,0.673,0.0,0.0936,0.607,179.974
14,X SI VOLVEMOS,KAROL G,https://open.spotify.com/track/3Zyk5Vd9WNPNVWxvb0EZTk,0.793,0.78,1,-4.247,0,0.249,0.341,0.0,0.111,0.576,178.046
15,Yandel 150,Yandel,https://open.spotify.com/track/2oiixB9QMIzhWaHGVlQx4g,0.783,0.729,6,-3.549,0,0.0691,0.0492,0.000272,0.1,0.58,167.968
16,CHORRITO PA LAS ANIMAS,Feid,https://open.spotify.com/track/0CYTGMBYkwUxrj1MWDLrC5,0.743,0.831,8,-4.042,0,0.0584,0.114,6.43e-05,0.35,0.609,95.975
17,PROVENZA,KAROL G,https://open.spotify.com/track/3HqcNJdZ2seoGxhn0wVNDK,0.87,0.517,1,-7.918,1,0.0475,0.576,0.00553,0.11,0.54,111.002
18,200 COPAS,KAROL G,https://open.spotify.com/track/0aZnyTWJNgdzYoOiaW8HKG,0.515,0.704,9,-5.25,0,0.206,0.767,0.0,0.415,0.885,91.246
19,LOKERA,Rauw Alejandro,https://open.spotify.com/track/1aUq8rjW1EwkAkMri4VfJy,0.836,0.826,11,-2.66,0,0.0461,0.213,6.03e-06,0.0814,0.579,102.025
20,WUEPA,Rauw Alejandro,https://open.spotify.com/track/0KYmzY7oFojlPb84tJeHhp,0.791,0.698,5,-6.825,0,0.214,0.232,0.00134,0.309,0.498,140.002
21,Nieve,Feid,https://open.spotify.com/track/2gLDm4AjVnHlsik9sK87vj,0.849,0.667,6,-6.324,1,0.0466,0.00346,0.00104,0.108,0.747,120.033
22,RON COLA,Rauw Alejandro,https://open.spotify.com/track/5S8i9p2xS8M8pFqfZMbMzI,0.739,0.682,9,-5.121,0,0.0972,0.417,3.95e-05,0.105,0.476,94.048
23,No Me Conoce - Remix,Jhayco,https://open.spotify.com/track/2beS6dD5rovBxSA1zYoSHR,0.804,0.787,10,-3.824,0,0.0746,0.14,0.0,0.0927,0.562,91.974
24,Tu Príncipe,Daddy Yankee,https://open.spotify.com/track/2FNqnsX74ZlwduUAcnmzee,0.77,0.804,4,-5.479,1,0.0623,0.16,1e-05,0.193,0.568,94.017
25,MEMORIAS,Mora,https://open.spotify.com/track/2hLXUbsOU9cDb9RFva9FYr,0.771,0.707,2,-6.404,0,0.055,0.389,0.0,0.0745,0.317,127.963
26,Ella Me Levanto,Daddy Yankee,https://open.spotify.com/track/7fGODUqa0gtkb72oBVCgCD,0.76,0.9,5,-4.782,1,0.0668,0.0715,0.0,0.221,0.761,100.046
27,Party,Bad Bunny,https://open.spotify.com/track/4tYFy8ALRjIZvnvSLw5lxN,0.829,0.799,9,-5.389,1,0.0897,0.0151,0.000543,0.242,0.471,97.013
28,Suave (Remix),El Alfa,https://open.spotify.com/track/4phvdPGXE8MGXsTBhqB5ht,0.875,0.909,9,-3.558,1,0.076,0.14,0.00185,0.0616,0.524,119.999
29,Call Me,NAV,https://open.spotify.com/track/1xpXnpIpuvzpx9jz15baJF,0.678,0.395,9,-8.639,0,0.12,0.411,0.00544,0.122,0.136,170.065
30,Take Me - Radio Edit,Tiësto,https://open.spotify.com/track/1Y4oU6y3FTu2mO8EPu7FgA,0.58,0.781,0,-4.842,1,0.03,0.00859,5.13e-06,0.15,0.604,127.991
31,River of Darkness,The Midnight,https://open.spotify.com/track/4um6CPDIxnNWSEbj3LJQhQ,0.515,0.797,3,-4.979,0,0.0335,0.00519,0.158,0.156,0.134,130.008
32,PANTIES Y BRASIERES,Rauw Alejandro,https://open.spotify.com/track/4uVEdikP5eLUy8Dq6gjiPV,0.758,0.888,1,-2.851,1,0.0706,0.34,0.00139,0.144,0.408,107.039
33,La Jumpa,Arcángel,https://open.spotify.com/track/2mnXxnrX5vCGolNkaFvVeM,0.887,0.234,9,-14.52,1,0.178,0.111,0.67,0.13,0.197,140.02
34,UN PREVIEW,Bad Bunny,https://open.spotify.com/track/63ui2w3QJBp8xx0c1MJB2Z,0.786,0.814,1,-3.318,1,0.0873,0.0383,3.67e-05,0.22,0.365,95.084
35,Sensual Bebé,Jhayco,https://open.spotify.com/track/1xqbfjRuUw0ot43wgBuVkt,0.776,0.629,0,-6.09,1,0.0505,0.0268,0.0,0.114,0.104,97.066
36,Me Porto Bonito,Bad Bunny,https://open.spotify.com/track/6Sq7ltF9Qa7SNFBsV5Cogx,0.911,0.712,1,-5.105,0,0.0817,0.0901,2.68e-05,0.0933,0.425,92.005
37,Dile a El,Rauw Alejandro,https://open.spotify.com/track/13Tbv4nflNxg9kYBIbJnd9,0.784,0.587,4,-3.572,0,0.0767,0.375,0.00109,0.111,0.261,90.032
