,name,artist,url,danceability,energy,key,loudness,mode,speechiness,acousticness,instrumentalness,liveness,valence,tempo
0,Lethal Weapon,Baby Smoove,https://open.spotify.com/track/1KWA9XCIOu04M18FjFkIaA,0.67,0.326,1,-14.898,1,0.225,0.356,3.16e-06,0.144,0.204,83.997
1,I Dare U,Baby Smoove,https://open.spotify.com/track/4rXCupv1AQ24ZltH4UWJTd,0.498,0.492,1,-10.693,0,0.0492,0.00185,0.0,0.103,0.247,145.015
2,What She Like,Baby Smoove,https://open.spotify.com/track/5GnMkjUiLBc3nZT7jzvlad,0.659,0.488,11,-9.084,0,0.289,0.109,1.21e-06,0.146,0.406,128.918
3,Tim & Ginobili,Baby Smoove,https://open.spotify.com/track/3U31Ejeh05Ra3zvPYWU9RA,0.663,0.524,10,-12.001,0,0.309,0.707,0.0,0.108,0.465,81.191
4,Pillz & Shrooms,Baby Smoove,https://open.spotify.com/track/6jVrV1X8JEK56dP1hTMYd7,0.576,0.155,1,-16.165,1,0.361,0.296,0.094,0.139,0.275,152.949
5,I Drank I Smoke,Baby Smoove,https://open.spotify.com/track/45UF0FQXs2TlQ4JejyAtIp,0.688,0.573,0,-8.678,1,0.18,0.00298,0.00276,0.345,0.316,158.998
6,Bargain,Baby Smoove,https://open.spotify.com/track/1N15EfyI8QUa5OIWZUkGrw,0.732,0.61,8,-12.398,1,0.479,0.556,0.0,0.179,0.616,90.432
7,Muffin Man,Baby Smoove,https://open.spotify.com/track/4mVcNXNPlVyK0s6ZXHynny,0.769,0.414,2,-7.713,1,0.333,0.0436,0.0,0.213,0.279,98.6
8,First Date,Baby Smoove,https://open.spotify.com/track/5W9nornVMbgwj3SbbvMVip,0.73,0.675,3,-7.943,0,0.362,0.702,1.16e-05,0.106,0.741,94.059
9,None of Me,Baby Smoove,https://open.spotify.com/track/3NSbDPePeN08vQRWMgm9DG,0.753,0.426,1,-14.568,1,0.307,0.0661,1.03e-05,0.0761,0.215,77.392
10,Heavy Heart,Baby Smoove,https://open.spotify.com/track/6Puvt7PweiJYIWoPhw7W2O,0.737,0.305,10,-14.529,0,0.287,0.409,0.0,0.111,0.182,95.985
11,Forever Franchise,Baby Smoove,https://open.spotify.com/track/6zSxoZpKsKcTEBtvmm4BCl,0.799,0.502,11,-9.506,1,0.305,0.521,0.0209,0.686,0.224,97.981
12,Miss Me,Baby Smoove,https://open.spotify.com/track/4wWjq9dgYQBsUgbw8dodQJ,0.617,0.628,1,-6.798,1,0.249,0.0064,0.0,0.46,0.576,172.983
13,Animal Control,Baby Smoove,https://open.spotify.com/track/6OSJDQK9BdgEBuZ7sKkYDJ,0.706,0.57,2,-6.493,1,0.313,0.119,0.0163,0.148,0.351,130.414
14,"Sip Money, Get Lean",Baby Smoove,https://open.spotify.com/track/3GskZbERzUf3Prc6E3rXHt,0.441,0.541,1,-5.48,1,0.354,0.0724,0.000171,0.415,0.303,193.185
15,Ghetto Rich Boy,Baby Smoove,https://open.spotify.com/track/3ipGcHEZyAIjRqP70H1zDx,0.522,0.429,11,-13.634,0,0.297,0.0832,0.000273,0.338,0.236,149.91
16,Embarrassing,Baby Smoove,https://open.spotify.com/track/3k5Ud6Naj3R5QureHgKecB,0.678,0.491,0,-9.038,1,0.17,0.0343,0.000307,0.228,0.368,83.485
17,Real Hair,Baby Smoove,https://open.spotify.com/track/0pGBqfpoiSSb7yRuto7evr,0.333,0.636,2,-7.045,1,0.157,0.0396,0.0,0.512,0.229,151.184
18,S56,Baby Smoove,https://open.spotify.com/track/5BeEhvyOQn8LuHbfy6s5GP,0.71,0.561,11,-10.04,0,0.408,0.205,0.0,0.776,0.501,77.648
19,Hustler Muzic,Baby Smoove,https://open.spotify.com/track/71GP9Sfr4vmsddQ99bk693,0.556,0.626,1,-11.752,0,0.319,0.105,0.000844,0.121,0.602,176.186
20,Marathon,Baby Smoove,https://open.spotify.com/track/6wc7ytOHIdfUNQdI7fkzS5,0.703,0.48,2,-9.359,1,0.232,0.0504,0.0332,0.707,0.125,97.444
21,Franchise Forever,Baby Smoove,https://open.spotify.com/track/7v2cTHKJEimiWYDQiEf6CX,0.53,0.502,1,-8.493,1,0.154,0.0514,0.193,0.128,0.153,130.85
22,Losing My Mind,Baby Smoove,https://open.spotify.com/track/2JMW1iCKgPnSqbVVhHR6wI,0.73,0.44,1,-13.748,0,0.229,0.0867,0.0,0.104,0.077,94.982
23,Recipes,Baby Smoove,https://open.spotify.com/track/2OVwym5yjjqMuhqJ8snYZB,0.688,0.379,10,-14.971,1,0.273,0.387,0.0,0.107,0.113,96.01
24,Missing,Baby Smoove,https://open.spotify.com/track/7ziuIdtdBdqKanXLAOjeUa,0.779,0.397,2,-8.363,1,0.314,0.108,0.0,0.0886,0.255,96.028
25,I'm Still Serious,Baby Smoove,https://open.spotify.com/track/7gSEAhrQAvlD7LQrpNiA2j,0.653,0.563,11,-8.739,0,0.173,0.0587,4.36e-05,0.111,0.363,130.573
26,I Can't Choose,Baby Smoove,https://open.spotify.com/track/6PfSleWny2DRlGeCdgGCXz,0.592,0.452,4,-11.301,0,0.524,0.481,0.0,0.101,0.196,160.006
27,2:22 Am,Baby Smoove,https://open.spotify.com/track/7oAuRhERLc8noJAcNJ7ecf,0.882,0.276,4,-15.67,1,0.927,0.0858,0.0,0.149,0.963,75.969
28,Fat Wood,Baby Smoove,https://open.spotify.com/track/0XIHJ2nNDUmQdWpqEaZuyF,0.717,0.387,1,-14.018,0,0.27,0.309,0.0,0.141,0.365,97.938
29,For the Money,Baby Smoove,https://open.spotify.com/track/0QEa5aGC2K4VSi6UZHhkF3,0.777,0.599,8,-9.849,1,0.214,0.208,0.0,0.124,0.315,109.982
30,Settle Down,Baby Smoove,https://open.spotify.com/track/4zRn7LSZpFlEWmMFTxlm1H,0.456,0.469,10,-12.829,0,0.333,0.473,0.000105,0.117,0.235,96.095
31,Diary of a Mad Man,Baby Smoove,https://open.spotify.com/track/0JlRhDxQmmEOw5iXoyUxM0,0.743,0.565,1,-11.53,1,0.122,0.00791,0.0,0.091,0.12,95.981
32,Goyard,Baby Smoove,https://open.spotify.com/track/5nBBdfEP8RYglPxTClmvW7,0.526,0.735,11,-7.676,1,0.427,0.511,0.0,0.325,0.613,121.156
33,Lesson,Baby Smoove,https://open.spotify.com/track/3442FuOI4DyME59eGb3VNf,0.662,0.472,9,-9.937,0,0.46,0.0947,0.0,0.114,0.541,171.887
34,Attitude,Baby Smoove,https://open.spotify.com/track/61HxPVNVTBO9iakmukoxv5,0.613,0.361,8,-13.394,1,0.406,0.303,0.000182,0.137,0.121,89.683
35,Traumatized,Baby Smoove,https://open.spotify.com/track/6n74NNd4lwRX9hZwq3nC4Q,0.438,0.47,9,-12.587,0,0.436,0.0938,0.0,0.11,0.268,122.647
36,Load Management,Baby Smoove,https://open.spotify.com/track/4DSnGOsfUbiWcFtVd8EP2T,0.802,0.673,1,-6.611,0,0.357,0.165,1.56e-05,0.161,0.575,97.544
37,Prada Me,Baby Smoove,https://open.spotify.com/track/7mGWWQSRAjVCzVTHgL9VaG,0.808,0.349,4,-9.566,0,0.08,0.0154,0.0,0.111,0.0381,146.056
38,Overtime,Baby Smoove,https://open.spotify.com/track/71pmeuiEvHAkE7gXxWL2Uy,0.497,0.627,7,-7.851,1,0.306,0.0868,0.0,0.339,0.528,96.975
39,Sleep Walking Pt.2,Baby Smoove,https://open.spotify.com/track/5qVHO8vZHZM5etPF2ZR5Iv,0.769,0.286,1,-7.389,1,0.191,0.634,0.0,0.341,0.044,130.052
40,Boonie Flow,Baby Smoove,https://open.spotify.com/track/3N5uXxBvDBx0oCRkOU8GZG,0.735,0.446,6,-13.219,0,0.31,0.0414,0.0,0.108,0.6,173.869
41,DX,Baby Smoove,https://open.spotify.com/track/4UtpOsZxxFv1iSuTQ6RS0B,0.796,0.383,11,-10.65,1,0.469,0.0808,0.0,0.109,0.373,145.974
42,Swing the Wood,Baby Smoove,https://open.spotify.com/track/0xvDuJIorTKejnw1GzCPBm,0.65,0.444,2,-12.946,1,0.309,0.253,1.51e-06,0.11,0.0796,75.513
43,Bandana Patches,Baby Smoove,https://open.spotify.com/track/4Pl3d9VkqlMmbUEtG4Khol,0.454,0.602,7,-6.809,1,0.395,0.109,0.368,0.143,0.653,193.113
44,Floyd May,Baby Smoove,https://open.spotify.com/track/0dk2ze8XgUz62FMHOWAoCy,0.776,0.485,7,-11.029,1,0.341,0.0607,0.0,0.118,0.564,75.984
45,In My Feelings,Baby Smoove,https://open.spotify.com/track/05Vm1jMa9XBBOUtIYZPHYb,0.732,0.455,6,-9.386,0,0.333,0.0221,0.0,0.124,0.322,77.493
46,Sleep Walking Pt.3,Baby Smoove,https://open.spotify.com/track/5AdJwNwPj2lwrfmuLOHKsY,0.639,0.392,7,-16.269,1,0.335,0.265,0.000299,0.145,0.415,75.059
47,Poetry,Baby Smoove,https://open.spotify.com/track/4pf3yj6T4Xko1dBcgluG6q,0.799,0.509,4,-13.321,0,0.159,0.162,0.0998,0.127,0.308,96.05
48,Hall of Fame,Baby Smoove,https://open.spotify.com/track/7BhmHpJ6qjH2vcaUAFjBFC,0.771,0.592,6,-8.395,0,0.145,0.0957,2.66e-05,0.0911,0.281,97.105
49,Freestyle,Baby Smoove,https://open.spotify.com/track/4e77sbeviXqd9qlFSZOy12,0.729,0.357,10,-18.251,0,0.1,0.0512,0.00524,0.109,0.322,94.07
50,The New Smoove,Baby Smoove,https://open.spotify.com/track/0fnPiGRXEfqKFmsL9Hi0Tq,0.625,0.556,4,-10.74,0,0.342,0.186,0.0,0.136,0.853,169.873
51,"Losing My Mind, Pt.2",Baby Smoove,https://open.spotify.com/track/0vn8Vw0faNIgdVdpAw0JaS,0.493,0.586,1,-8.593,1,0.0932,0.125,3.2e-05,0.103,0.395,125.491
52,Dirty Faygo,Baby Smoove,https://open.spotify.com/track/3J1Ez85GFbMYrhWtSzYtNc,0.486,0.497,5,-10.204,0,0.496,0.329,0.0,0.221,0.15,106.571
53,"Risk It All, Pt.2",Baby Smoove,https://open.spotify.com/track/1FQMwCRlnmp6lLPrThtS8J,0.664,0.644,5,-7.852,1,0.256,0.0158,0.000103,0.156,0.167,176.983
54,Phenergan,Baby Smoove,https://open.spotify.com/track/3Av7wkdzKF2uVd7CTcPf9q,0.601,0.697,6,-13.032,0,0.307,0.0113,0.0,0.14,0.806,90.865
55,You & Me,Baby Smoove,https://open.spotify.com/track/4NO2yyJuOxk6NzXgnOzrza,0.614,0.612,2,-6.677,0,0.145,0.126,0.0,0.333,0.343,161.073
56,Drank-Juice,Baby Smoove,https://open.spotify.com/track/7lIGFydcY50FEGrIjGkm9P,0.586,0.691,1,-11.159,1,0.118,0.00877,0.172,0.272,0.809,143.011
57,I Cant Believe It but Its True,Baby Smoove,https://open.spotify.com/track/5tu9LxXujbYPJu7v8TD4R5,0.729,0.444,0,-12.588,0,0.249,0.526,8.66e-05,0.115,0.623,75.027
58,"Settle Down, Pt.2",Baby Smoove,https://open.spotify.com/track/6Uct5jeuUApR6ywOaDrSgK,0.657,0.669,8,-8.707,0,0.168,0.594,3.1e-05,0.16,0.441,94.12
59,Sleep Walking,Baby Smoove,https://open.spotify.com/track/0oi2TvUrcftZGUpbMiA0J6,0.682,0.759,4,-6.877,1,0.278,0.0718,0.0,0.163,0.937,165.915
60,It's Up,Baby Smoove,https://open.spotify.com/track/4agf07y3NNRxWoLgWXem2K,0.741,0.56,10,-7.548,0,0.387,0.00254,0.0,0.205,0.0637,170.019
61,Palm Angels,Baby Smoove,https://open.spotify.com/track/1rKIDEBQlucaXpXzwRkZTa,0.707,0.369,1,-18.679,1,0.272,0.0448,5.34e-05,0.113,0.171,94.159
62,Oh My God,Baby Smoove,https://open.spotify.com/track/17K0T5nnlggdHV5WWll0yQ,0.577,0.707,2,-7.075,1,0.0409,0.016,0.0,0.177,0.426,120.026
63,1 Time,Baby Smoove,https://open.spotify.com/track/4sE0PxHAaO7cMrSYGCetxg,0.668,0.501,10,-12.792,0,0.0411,0.698,9.55e-06,0.112,0.498,93.176
64,Lonewolf,Baby Smoove,https://open.spotify.com/track/26zh2nMzMNzmXt5ykqtTY8,0.633,0.578,10,-9.351,0,0.308,0.376,0.0,0.348,0.342,93.77
65,Pink Monty,Baby Smoove,https://open.spotify.com/track/1we3spFJVtRE1dENxA2akP,0.533,0.608,10,-9.092,0,0.217,0.0689,0.000948,0.119,0.359,170.022
66,OMG,Baby Smoove,https://open.spotify.com/track/76p7V6xJMGZLxngG35rP4t,0.768,0.701,6,-8.189,0,0.263,0.728,7.34e-06,0.242,0.706,140.015
67,So Many Kids,Baby Smoove,https://open.spotify.com/track/18tuPUZBrp4GJQyDj4as3s,0.671,0.916,11,-7.354,0,0.18,0.00492,3.29e-05,0.381,0.721,170.039
68,Dirty Dan,Baby Smoove,https://open.spotify.com/track/0Q0CWF2yJVyWQ0amWMXw9w,0.717,0.682,11,-9.231,0,0.172,0.00604,0.0,0.26,0.476,99.948
69,Habits,Baby Smoove,https://open.spotify.com/track/5zkrN4e4gxDTQ9JQrjEC9S,0.592,0.339,1,-8.885,1,0.403,0.0634,0.129,0.15,0.374,160.162
70,Hawaiian Runtz,Baby Smoove,https://open.spotify.com/track/3HktnPSA4gonlL65Cm2xxV,0.428,0.457,2,-5.714,1,0.2,0.139,1.02e-05,0.294,0.0784,93.341
71,Chanel,Baby Smoove,https://open.spotify.com/track/6JzZzGNpgjM9C0bqtj1bXV,0.741,0.643,0,-8.72,0,0.295,0.00424,3.34e-05,0.117,0.55,145.006
72,Off White Apparel,Baby Smoove,https://open.spotify.com/track/0acekxQM28qwhmySmANhEz,0.793,0.84,2,-7.575,1,0.263,0.0324,0.0,0.0908,0.614,85.033
73,'04 Iverson,Baby Smoove,https://open.spotify.com/track/4MuKraewQTU0d97hYWbCbK,0.739,0.674,9,-9.405,1,0.254,0.00572,0.0,0.301,0.318,90.004
74,PoleSticks,Baby Smoove,https://open.spotify.com/track/2wvf2Fof8Wv6mIFC2CxBva,0.487,0.63,1,-10.536,1,0.295,0.359,0.000266,0.372,0.344,169.909
75,Plagiarism,Baby Smoove,https://open.spotify.com/track/4KK12GjL4aQ190XI6FC7cn,0.644,0.732,0,-6.547,0,0.225,0.36,2.91e-05,0.224,0.294,89.933
76,Interlude (Richard Millie),Baby Smoove,https://open.spotify.com/track/1qZ3KYKPfVapHRKWRSta7Y,0.404,0.635,8,-4.675,1,0.102,0.00521,0.0,0.399,0.352,103.504
77,Skippin School,Baby Smoove,https://open.spotify.com/track/73TIpcsrgtYVXl0vP0r9ao,0.591,0.855,1,-6.515,0,0.195,0.0311,0.0,0.331,0.704,74.964
78,CardoGotWIngs,Baby Smoove,https://open.spotify.com/track/0iON1eZ4eiDm4HXde0skCf,0.754,0.727,6,-7.088,0,0.282,0.105,0.0,0.31,0.784,100.439
79,Runtz & Balenciagas,Baby Smoove,https://open.spotify.com/track/0DpKErgtejZ8h2juCmn5u8,0.408,0.579,0,-9.044,1,0.247,0.11,0.0,0.167,0.187,176.903
80,Zoomin,Baby Smoove,https://open.spotify.com/track/1SxPoBDvDjvQ8NYt76tADH,0.712,0.516,1,-12.376,0,0.379,0.112,2.92e-05,0.094,0.531,77.772
81,Gucci Bandana,Baby Smoove,https://open.spotify.com/track/40Dg23dLVTb6x8N1OghHSi,0.591,0.675,10,-9.521,0,0.395,0.0322,0.0,0.478,0.402,149.788
82,Dont Touch My Pints,Baby Smoove,https://open.spotify.com/track/72WPaN2JREwb8n9As38zZb,0.669,0.567,1,-9.043,1,0.22,0.0109,5.08e-05,0.0962,0.375,150.117
83,Triple Double,Baby Smoove,https://open.spotify.com/track/29jLlgWWnqGDNBgHZ0HDoo,0.711,0.487,10,-10.289,0,0.211,0.0488,6.47e-05,0.116,0.285,124.986
84,Diary,Baby Smoove,https://open.spotify.com/track/2IgEsDIPVHGLWz1uTrvSNe,0.742,0.887,5,-7.293,1,0.0832,0.413,0.0,0.101,0.717,121.572
85,Tings,Baby Smoove,https://open.spotify.com/track/2HrrRZ7pk2tK3dxr2Hl1zJ,0.607,0.809,6,-7.668,0,0.167,0.00445,0.0,0.267,0.598,84.955
86,Christian Dior,Baby Smoove,https://open.spotify.com/track/4IT8cyPERtywwT4AmuL0Zd,0.736,0.471,2,-9.359,1,0.193,0.48,9.84e-05,0.143,0.158,100.023
87,Nwts,Baby Smoove,https://open.spotify.com/track/1PuNM7EkQ0vQnxo4iQYbZj,0.658,0.453,7,-9.816,1,0.0577,0.236,1.29e-05,0.112,0.0868,99.968
88,Purple Heart,Baby Smoove,https://open.spotify.com/track/5MTtYkaVE51k1FKYGAyyJr,0.695,0.617,6,-7.451,1,0.158,0.18,0.0,0.137,0.446,100.056
89,Doves (Cry),Baby Smoove,https://open.spotify.com/track/0LaI2H5d4jmD8kiofkphjT,0.711,0.552,1,-9.302,1,0.087,0.267,0.0,0.0922,0.248,98.014
90,Pinky Promise Pt.2,Baby Smoove,https://open.spotify.com/track/02nqX4nQrkcOeO4xNVLNU3,0.604,0.638,7,-9.017,1,0.103,0.465,0.0,0.158,0.348,97.992
91,Buy It All,Baby Smoove,https://open.spotify.com/track/4dLkZb59stGABFf8rVL0dY,0.725,0.577,11,-8.718,1,0.548,0.294,0.0,0.116,0.657,140.11
92,Natural,Baby Smoove,https://open.spotify.com/track/1JaPf7Xfvp5E2cpl6a2237,0.705,0.427,5,-9.26,1,0.169,0.0731,1.62e-06,0.136,0.216,95.038
93,Top Speed,Baby Smoove,https://open.spotify.com/track/7tRIyKBVx4tyZC6xjyaDZh,0.822,0.562,1,-6.763,1,0.0895,0.197,0.0,0.0964,0.532,102.016
94,On the Flo,Baby Smoove,https://open.spotify.com/track/4IVRCV6Oe1R7rmQ41GYYrR,0.643,0.643,1,-9.098,1,0.232,0.0294,0.0,0.114,0.0819,159.935
95,Carolina Plates,Baby Smoove,https://open.spotify.com/track/2BsgXiZJU6L9TbyRNVwqwk,0.66,0.671,2,-8.572,1,0.168,0.227,0.000579,0.451,0.564,89.954
96,400$ Shirt,Baby Smoove,https://open.spotify.com/track/0k5GBEHir5idlnh5a1RQ7Y,0.58,0.678,4,-8.044,1,0.316,0.052,3.16e-06,0.403,0.386,82.047
97,RiRi,Baby Smoove,https://open.spotify.com/track/54faanybFvZrdkzTczej4l,0.681,0.72,4,-8.013,0,0.268,0.0661,0.0,0.424,0.694,170.048
98,Instagram,Baby Smoove,https://open.spotify.com/track/1wU9FsDOR99cujDqXJbZhi,0.565,0.326,4,-10.869,0,0.397,0.539,0.0,0.116,0.347,179.944
99,Nerd,Baby Smoove,https://open.spotify.com/track/0ZF6sDY2MN6gd1r5moi3eL,0.672,0.707,4,-11.169,0,0.178,0.00416,5.75e-06,0.195,0.479,140.008
100,Omar,Baby Smoove,https://open.spotify.com/track/0KZw3WII4tu6F58NHSdYJE,0.725,0.636,8,-7.972,1,0.142,0.154,3.67e-06,0.283,0.51,169.933
101,Trippin,Baby Smoove,https://open.spotify.com/track/0DY6R1X99A55Z7PxeJoBPD,0.796,0.535,10,-7.584,0,0.142,0.164,0.00856,0.108,0.368,117.098
102,Dog Shit,Baby Smoove,https://open.spotify.com/track/2aS1ugieV3PZcDU4kiqwGl,0.69,0.435,1,-11.813,1,0.0555,0.164,0.000354,0.122,0.499,99.985
103,Pinky Promise,Baby Smoove,https://open.spotify.com/track/4b44aswJjHH6dnkRzJhIOy,0.709,0.544,7,-10.701,0,0.214,0.167,0.0,0.0804,0.466,98.01
104,Really Him,Baby Smoove,https://open.spotify.com/track/2L2qY51PNPTfZb7GNnlMlV,0.746,0.537,11,-10.668,1,0.0957,0.64,0.0,0.148,0.549,97.976
105,The One,Baby Smoove,https://open.spotify.com/track/7zUF3xsls450RQTsBUbAeJ,0.723,0.552,8,-8.687,1,0.243,0.173,0.0,0.122,0.51,88.01
106,How Did We Know?,Baby Smoove,https://open.spotify.com/track/78rgKkKbtMOR182mR13HYZ,0.771,0.46,7,-11.114,0,0.234,0.337,2.93e-06,0.203,0.433,102.924
107,Secret Sauce,Baby Smoove,https://open.spotify.com/track/56u2i4FpUom1fEEu2eqD7r,0.715,0.408,10,-9.419,0,0.329,0.205,0.0,0.11,0.517,119.903
108,Kane.Pt2,Baby Smoove,https://open.spotify.com/track/0bxrG7lDCeTTTnHXtlX0uL,0.602,0.637,1,-9.909,0,0.318,0.056,0.000964,0.108,0.417,125.869
109,Blicky,Baby Smoove,https://open.spotify.com/track/1dajpID0q5eOKWsh5m9TWy,0.747,0.55,10,-7.969,1,0.349,0.117,0.0,0.194,0.884,149.996
110,Absurd,Baby Smoove,https://open.spotify.com/track/2SOh5EwpcDVzii7wWIbre7,0.547,0.691,5,-8.14,1,0.275,0.396,1.68e-06,0.21,0.399,123.259
111,Sixty (Melo),Baby Smoove,https://open.spotify.com/track/3fsHegBiG396YPgMiPH1zH,0.503,0.618,5,-6.852,0,0.291,0.708,0.0,0.119,0.807,124.137
112,I'm 22,Baby Smoove,https://open.spotify.com/track/1gIBewLpeGvI9cKEy5tt2l,0.735,0.529,11,-10.639,1,0.243,0.303,0.0,0.321,0.123,92.514
113,Plastic,Baby Smoove,https://open.spotify.com/track/1D0FXktMId8ocFISiXoGNG,0.676,0.642,1,-8.206,0,0.284,0.0511,0.00159,0.113,0.327,122.751
114,Mr.Perfect,Baby Smoove,https://open.spotify.com/track/6nQKhJsjA9o9Fya7HdBdh2,0.433,0.634,2,-6.062,1,0.0452,0.0485,0.185,0.299,0.169,77.305
115,Exotic Talk,Baby Smoove,https://open.spotify.com/track/5lq140EG6YjIP4ZQo7ADLx,0.785,0.396,1,-12.642,1,0.34,0.512,1.57e-05,0.0964,0.113,100.936
116,Bad Habits,Baby Smoove,https://open.spotify.com/track/59bVt1vSBfhDbMugTcJ0uV,0.765,0.566,9,-9.956,0,0.287,0.599,1.82e-06,0.0946,0.105,100.014
117,Too Much,Baby Smoove,https://open.spotify.com/track/2Fn48PRcRjjiC3pVcWsK57,0.805,0.557,9,-8.984,1,0.244,0.0322,0.0,0.174,0.226,99.984
118,Get to Work,Baby Smoove,https://open.spotify.com/track/1JSSsk2IrGB9JtRDcgcPfH,0.732,0.532,1,-10.171,1,0.104,0.56,0.00681,0.166,0.0739,122.693
119,Bape,Baby Smoove,https://open.spotify.com/track/6MTfPbfh8mPzDSI8wLHIfN,0.731,0.523,1,-9.365,1,0.139,0.391,0.283,0.118,0.34,122.786
120,In Too Deep,Baby Smoove,https://open.spotify.com/track/6bffgME3QD3fbyaFdp0C86,0.745,0.462,5,-9.686,0,0.202,0.319,0.0,0.346,0.57,136.014
121,Ignite Me,Baby Smoove,https://open.spotify.com/track/447wWHOP2IM4AupYANiGl6,0.898,0.264,1,-15.981,1,0.335,0.287,4.16e-05,0.109,0.406,94.984
122,Wockstar,Baby Smoove,https://open.spotify.com/track/0QUpuyy3ow3ObHzRYLajsV,0.629,0.688,9,-9.522,0,0.252,0.00365,0.0,0.167,0.331,97.511
123,Free Game,Baby Smoove,https://open.spotify.com/track/6DsT43Lc0A5R0LgQJUp3qr,0.774,0.645,2,-10.827,1,0.201,0.591,3.83e-05,0.105,0.348,99.975
124,Groupies,Baby Smoove,https://open.spotify.com/track/6D7GO3j7kQRhQ2lYOtMpeV,0.647,0.423,11,-14.3,0,0.315,0.542,0.0,0.12,0.321,121.756
125,Can I Vent?,Baby Smoove,https://open.spotify.com/track/7njw7tuZz7SbXNYtgmI9Lc,0.766,0.606,7,-12.0,1,0.362,0.642,0.0,0.274,0.818,123.978
126,Outro,Baby Smoove,https://open.spotify.com/track/5yOSaDA4mfwe2zR9TI55Th,0.819,0.362,7,-14.746,1,0.19,0.102,0.0,0.165,0.266,94.97
127,First M,Baby Smoove,https://open.spotify.com/track/7446eVzaAVe4HSKJwzarry,0.685,0.83,6,-7.186,1,0.192,0.0936,0.0,0.105,0.399,100.807
128,Risk It All,Baby Smoove,https://open.spotify.com/track/18RI9FtSwkgS2P5ivtYRHX,0.669,0.594,10,-11.149,0,0.177,0.304,0.0,0.12,0.203,125.779
129,Money,Baby Smoove,https://open.spotify.com/track/3ZQOqSg4MCHAjBGKShIIEq,0.748,0.492,10,-11.139,0,0.365,0.0307,0.000207,0.0817,0.583,157.065
130,Why so Serious,Baby Smoove,https://open.spotify.com/track/6BPuXYZ4dj4EPFfbpDKpPa,0.568,0.466,9,-11.442,0,0.354,0.472,0.0,0.135,0.33,99.209
131,10 Mintues. Pt 2,Baby Smoove,https://open.spotify.com/track/0Lu7eREfQH5S0JyvDpwwtW,0.557,0.515,9,-11.657,0,0.23,0.559,0.0,0.132,0.524,84.903
132,How You Do It,Baby Smoove,https://open.spotify.com/track/1VACYEtHzgPopoaglCa426,0.702,0.492,1,-9.349,0,0.23,0.781,0.0,0.121,0.328,97.452
133,Loyal,Baby Smoove,https://open.spotify.com/track/59ZFr5YB8E727hYWYJkmFW,0.72,0.41,10,-9.868,1,0.155,0.643,0.764,0.11,0.169,95.989
134,Amg,Baby Smoove,https://open.spotify.com/track/6hBocfeNzPiXXIQVZ7h9Xm,0.716,0.707,1,-5.763,1,0.208,0.492,7.95e-06,0.0912,0.312,83.488
135,I Kept It 22,Baby Smoove,https://open.spotify.com/track/6bjmmIr2FEBDbfgDjEszlA,0.678,0.743,4,-5.582,0,0.191,0.624,0.0,0.291,0.203,124.035
136,The World Is Mine,Baby Smoove,https://open.spotify.com/track/4yoJ15V3PFnxiJjH982j4C,0.578,0.638,11,-5.663,1,0.0615,0.385,6.74e-05,0.42,0.382,82.923
137,Kane,Baby Smoove,https://open.spotify.com/track/2k0mnHwkkaFEeAKy54PwC1,0.72,0.516,11,-4.414,1,0.198,0.0186,1.5e-05,0.59,0.471,123.198
138,I Have a Dream,Baby Smoove,https://open.spotify.com/track/5epyca28DAK8Bsw0MQ6Lrl,0.462,0.823,6,-4.331,0,0.166,0.145,0.0,0.342,0.22,118.58
139,Superstar,Baby Smoove,https://open.spotify.com/track/2m77OFqyrFEGRjdaQKi8P9,0.489,0.604,9,-11.107,1,0.409,0.283,0.0,0.29,0.489,82.574
140,Feeling Me,Baby Smoove,https://open.spotify.com/track/5ko8nsKJlRbfKrgd49XXHA,0.822,0.558,1,-7.033,0,0.208,0.26,0.172,0.256,0.236,101.1
141,Attention,Baby Smoove,https://open.spotify.com/track/2Pz4D1HmFXo95I7QQfbRFx,0.52,0.445,10,-13.085,0,0.322,0.266,9.56e-06,0.124,0.207,159.458
142,Ben Franklin,Baby Smoove,https://open.spotify.com/track/2HvilNNUE2N3O90ksPSIkP,0.613,0.582,4,-12.607,0,0.414,0.487,0.0,0.0915,0.581,84.81
143,Pain,Baby Smoove,https://open.spotify.com/track/4JAvY7TaMcgNWNX5tZcDfb,0.664,0.291,0,-14.039,1,0.438,0.0809,0.0,0.171,0.287,144.794
144,Goat,Baby Smoove,https://open.spotify.com/track/4JiZR7u0f3Tb3ZhTX1oGFk,0.721,0.383,8,-11.293,0,0.0492,0.0328,0.000753,0.0982,0.236,98.081
145,Feel the Same,Baby Smoove,https://open.spotify.com/track/7dGueG8PX5SWSokbMYVpY3,0.77,0.441,1,-12.844,0,0.319,0.0063,0.0,0.117,0.432,167.083
146,Paul George,Baby Smoove,https://open.spotify.com/track/7nQdXfK0AWVTrk7jw9v8PC,0.642,0.552,6,-10.781,1,0.129,0.088,0.0,0.123,0.183,92.049
147,Imagination,Baby Smoove,https://open.spotify.com/track/1GwCLDuwDHnURVNU21Xcx0,0.579,0.76,9,-7.861,0,0.349,0.215,1.52e-06,0.119,0.485,179.867
148,Raw Sippa,Baby Smoove,https://open.spotify.com/track/4QouU2S0703MVPCRqNQUgi,0.631,0.494,1,-10.584,0,0.153,0.0584,0.0295,0.262,0.133,86.012
149,Yrb,Baby Smoove,https://open.spotify.com/track/2OgXXjojDwzlczG0W6SmgE,0.643,0.348,1,-13.271,1,0.118,0.0111,0.0,0.163,0.274,145.014
150,Gotham City,Gallery Provence,https://open.spotify.com/track/4grLCNMKyrcpgjTpozscAG,0.602,0.319,1,-11.417,1,0.0462,0.0461,9.04e-05,0.134,0.0902,79.884
151,Animal Control,Baby Smoove,https://open.spotify.com/track/2PzBV6PaeakvMq54ipc9nj,0.727,0.572,2,-6.489,1,0.249,0.116,0.0153,0.135,0.391,130.662
152,Not Us,Baby Smoove,https://open.spotify.com/track/4UEh5Et6C3bOsnZSJnfUHI,0.372,0.468,9,-10.248,0,0.371,0.726,1.4e-05,0.107,0.151,187.918
153,Hustler Muzic,Baby Smoove,https://open.spotify.com/track/4Dby0B2mj2d5l68BoOCnIq,0.555,0.626,1,-11.752,0,0.318,0.104,0.000813,0.121,0.597,176.336
154,trix (Remix) [feat. Baby Smoove],whiterosemoxie,https://open.spotify.com/track/1fmZQL9o1Lv9Pcqbi7IKUM,0.785,0.416,2,-10.062,1,0.0628,0.376,0.0,0.093,0.277,104.042
155,Basketball,Baby Smoove,https://open.spotify.com/track/0GsYvMDXHlePSjtg71LnFA,0.408,0.462,11,-16.113,0,0.41,0.344,0.0,0.369,0.365,164.722
156,Palm Angels,Baby Smoove,https://open.spotify.com/track/0LXg7xcGcdKQbYudA5IDEJ,0.707,0.369,1,-18.679,1,0.272,0.0448,5.34e-05,0.113,0.171,94.159
157,Practice,Baby Smoove,https://open.spotify.com/track/4KO8x6dABHoGh1vGsSHPVS,0.856,0.325,10,-11.12,1,0.297,0.00572,4.94e-06,0.0813,0.0842,125.353
158,TracHawk,Baby Smoove,https://open.spotify.com/track/64RbVuogm3u5euTLZ7QRfS,0.369,0.456,11,-13.322,1,0.301,0.0424,0.00131,0.481,0.0872,161.396
159,Alexandria,Baby Smoove,https://open.spotify.com/track/7boIriNUeAqo9EvIDGsALT,0.966,0.492,4,-10.26,1,0.287,0.0059,0.000732,0.154,0.7,106.024
160,Fifth Ave,Baby Smoove,https://open.spotify.com/track/7vcxLRzvdamzHGBnX499ja,0.527,0.449,7,-14.634,1,0.374,0.0727,0.000859,0.1,0.238,94.093
161,Lyrical Lemonade,Baby Smoove,https://open.spotify.com/track/1zJWjF351uWsUQqWcCnxP3,0.682,0.47,2,-14.379,1,0.127,0.00414,1.59e-06,0.162,0.34,117.036
162,Codiene Dreams,Baby Smoove,https://open.spotify.com/track/4Ksck1Bjp4iEMmEYItQieM,0.74,0.833,4,-8.514,0,0.0714,0.0374,0.0,0.0723,0.775,124.993
163,Akorn,Baby Smoove,https://open.spotify.com/track/2BSC5k7wf96ofscMZAcFuh,0.758,0.421,11,-10.9,0,0.333,0.00915,0.0,0.315,0.581,98.068
164,TimeZone,Baby Smoove,https://open.spotify.com/track/10aPU4vGpebotPOKaXoUg2,0.699,0.504,8,-9.984,0,0.357,0.0366,1.83e-05,0.113,0.43,183.984
165,Need You,Baby Smoove,https://open.spotify.com/track/5CQcDXV4jV6LmIeRbSFqkW,0.622,0.475,11,-13.96,0,0.316,0.681,4.19e-06,0.109,0.297,133.52
166,Why in the F*Ck,Baby Smoove,https://open.spotify.com/track/6k6djfpPZJ7m6Xt8r3yCAe,0.801,0.483,11,-8.394,1,0.0569,0.231,1.85e-06,0.0972,0.258,97.986
167,Dat Nigga,Ruso,https://open.spotify.com/track/4TCi3WXDTv2lYK7zcBeX85,0.793,0.649,1,-7.487,1,0.0981,0.654,0.0,0.285,0.251,95.004
168,Undercover,DJ Bandemic,https://open.spotify.com/track/5qgdV3r6ESC0qOzgFKORa0,0.708,0.406,9,-13.63,1,0.0556,0.286,0.000539,0.154,0.367,150.004
169,Don’t Even Bother (feat. Veeze & Baby Smoove),Lil Yachty,https://open.spotify.com/track/60aSGEAiNpUmrQ9JHwchH3,0.783,0.583,8,-7.867,1,0.061,0.076,0.0,0.146,0.222,124.633
170,Like Spike,CHASETHEMONEY,https://open.spotify.com/track/4KY57NMk1n64RQmnkd7OHZ,0.76,0.857,11,-5.372,0,0.35,0.0357,0.000387,0.0901,0.735,196.007
171,Wreckless (feat. Baby Smoove),Icewear Vezzo,https://open.spotify.com/track/6ZnhsTmoPIWCqDSxh9eetC,0.553,0.538,1,-10.332,1,0.19,0.0676,0.0,0.142,0.496,177.945
172,FRANCHISE TAG,TinyGun,https://open.spotify.com/track/51ZG44FicOe5ttw2C0Cjyq,0.698,0.29,1,-13.343,1,0.218,0.0814,7.88e-05,0.106,0.314,75.056
173,Pop Tart,LUL POOH,https://open.spotify.com/track/19RTsduU0jClNe5igy09M7,0.679,0.153,1,-19.481,1,0.342,0.266,0.000276,0.112,0.314,78.474
174,Back to Back,DooWop,https://open.spotify.com/track/346sWFvvGdObhE60PyTZAS,0.776,0.193,10,-12.08,1,0.565,0.124,0.0448,0.109,0.715,163.97
175,tyler perry(smoove),mooky00,https://open.spotify.com/track/4wlSdnWKB0Z1B7GxIyBXe3,0.57,0.45,9,-15.855,0,0.498,0.215,6.15e-05,0.115,0.691,158.052
176,Codeine Babies,Baby Smoove N8,https://open.spotify.com/track/2JIWjGIJvNMeeo8qx3sWjg,0.794,0.397,1,-15.484,0,0.404,0.217,0.000124,0.153,0.764,76.429
177,Purple Haze,A$AP ANT,https://open.spotify.com/track/7oEIzYa8NaAgHgroJtT7A3,0.598,0.465,9,-10.567,0,0.114,0.0319,0.0,0.113,0.463,146.047
178,Dior Shopping (feat. Fenix Flexin & Baby Smoove),Talibando,https://open.spotify.com/track/2SZeP23kck3fKaaeOasfpk,0.891,0.369,2,-11.601,1,0.311,0.196,6.58e-06,0.103,0.248,103.017
179,Wet Jumper,Ralfy the Plug,https://open.spotify.com/track/0CDEL10RMMTGH0oasc74cx,0.714,0.32,10,-16.904,0,0.251,0.183,0.0,0.111,0.282,92.932
180,Halfway House,Top$ide,https://open.spotify.com/track/1OCWIWaX0vxZyGPD1YgUKi,0.697,0.534,9,-10.781,0,0.138,0.0846,0.000172,0.188,0.586,149.981
181,Shopping For Dior,JoogSzn,https://open.spotify.com/track/3E9RowAaBNjMYDs5fp3FGG,0.883,0.43,11,-9.534,0,0.374,0.159,5.65e-06,0.106,0.196,103.013
182,Trenches,RONRONTHEPRODUCER,https://open.spotify.com/track/1cVbBipfoz6LFItl44SHsD,0.821,0.408,6,-11.157,0,0.148,0.131,0.0,0.154,0.24,101.947
183,Magician (feat. Baby Smoove),Talibando,https://open.spotify.com/track/7d5KqH9ThPsiyRNwkfAkD0,0.806,0.674,1,-10.516,1,0.262,0.0359,1.89e-06,0.124,0.539,96.932
184,LA,Top$ide,https://open.spotify.com/track/6cDr826qYydCfMpYodpapY,0.521,0.744,0,-8.077,1,0.0573,0.00379,0.0,0.135,0.566,150.077
185,Gotham City,Gallery Provence,https://open.spotify.com/track/1Pf9Q6tE9WgWfVNEO1XBL5,0.602,0.319,1,-11.417,1,0.0462,0.0461,9.04e-05,0.134,0.0902,79.884
186,Bad Kids,WTM Scoob,https://open.spotify.com/track/0Q1Ab94h2apvJ5ZCZemrtT,0.524,0.525,10,-12.497,1,0.514,0.229,0.0,0.114,0.49,109.98
187,Mona Lisa,Top$ide,https://open.spotify.com/track/6nTe7Xju020eewTdpPfgho,0.79,0.175,4,-11.794,0,0.508,0.0186,0.0,0.116,0.0671,149.943
188,80 Lines (feat. Baby Smoove & Fenix),Lou Gram,https://open.spotify.com/track/2aGcyFhOhK7gYs5dlHOh5p,0.808,0.583,11,-14.37,0,0.129,0.47,4.08e-06,0.106,0.746,85.012
189,Cream Soda,Bigchoppa,https://open.spotify.com/track/0iiwVoJ4GskkI54rscFy8k,0.649,0.487,8,-11.262,0,0.318,0.157,0.124,0.176,0.329,81.042
190,12hrs,Jimmy Whisperz,https://open.spotify.com/track/16OS7JJPZeMavweHq1wmhJ,0.783,0.452,3,-10.916,0,0.25,0.0382,0.0,0.18,0.542,90.9
191,No Limit,Top$ide,https://open.spotify.com/track/7AUDJvpCo2LEPseS9pwLdb,0.814,0.545,1,-11.023,1,0.419,0.00888,0.0,0.0862,0.347,160.212
192,223,ShredGang Boogz,https://open.spotify.com/track/2ntvY3u8YZaR2IxWaddKU3,0.713,0.545,7,-9.028,1,0.24,0.000762,0.0,0.0955,0.131,75.228
193,Dat Nigga,Ruso,https://open.spotify.com/track/1FFSj38LoG1ZGC7x7f7AMX,0.802,0.646,10,-7.187,0,0.11,0.666,0.0,0.376,0.214,94.981
194,All American,Uncle Cheddabag,https://open.spotify.com/track/6qXsPCnuY5CuH4H1xSik3r,0.622,0.519,6,-11.195,0,0.458,0.0616,0.0,0.108,0.367,172.075
195,Baby Surf,Surf God,https://open.spotify.com/track/1dVipXX94uBq8zzOWukemp,0.824,0.67,1,-7.057,1,0.199,0.291,0.0,0.109,0.445,98.99
196,Rally's,Desto Dubb,https://open.spotify.com/track/1BLJsPDFqaNlP5D78tuoNr,0.812,0.529,5,-8.932,1,0.211,0.0267,1.81e-05,0.127,0.345,99.008
197,Side of the Ocean,CHASETHEMONEY,https://open.spotify.com/track/3eFhSVPAT6cgAEH57QLJOg,0.872,0.489,1,-11.043,1,0.1,0.0109,0.000583,0.111,0.738,97.512
198,slim shady(smoove),mooky003,https://open.spotify.com/track/2iXaXf41RvXmLzinCF4izd,0.58,0.528,1,-9.322,1,0.625,0.538,0.0,0.0964,0.731,116.656
199,Rose Gold,BankRoll,https://open.spotify.com/track/3Q3rJeezDFBLUe26HyECZx,0.501,0.562,5,-10.172,0,0.354,0.154,0.0,0.127,0.389,168.123
200,Arrogant,n0ah,https://open.spotify.com/track/6PMHxymuvHjYcYQ3yfz7Oc,0.744,0.495,1,-9.675,1,0.248,0.521,0.0,0.149,0.39,89.919
201,Sidney,Baby Smoove,https://open.spotify.com/track/3qF966HmItQXCthZTnn2Oy,0.73,0.398,1,-7.37,1,0.153,0.421,7.6e-05,0.274,0.231,97.017
202,Brand New Glocc,Baby Smoove,https://open.spotify.com/track/4B68b3QDdtdGSEi7yIkuiP,0.68,0.342,2,-12.406,1,0.317,0.00733,0.000586,0.114,0.239,144.155
203,Scrimmage (1 by 1),Baby Smoove,https://open.spotify.com/track/4ETAjBiOIqc8Fs7rE8Ppue,0.633,0.423,10,-6.648,0,0.136,0.109,0.0,0.243,0.146,85.02
204,Love Me?,Baby Smoove,https://open.spotify.com/track/0vR3VPCfoLFeRGgZZ15kzj,0.695,0.473,1,-14.736,0,0.353,0.0189,0.0,0.108,0.153,181.925
205,No Therapy,Baby Smoove,https://open.spotify.com/track/72GRnYhzWcz0xb8QBI4iCS,0.638,0.383,9,-15.734,1,0.394,0.219,1.93e-06,0.119,0.244,177.989
206,Ringtone,Baby Smoove,https://open.spotify.com/track/0ydUPuEvHrottztM11rZTC,0.619,0.36,7,-14.565,1,0.376,0.287,0.000658,0.105,0.483,91.608
207,Blue Monty,Baby Smoove,https://open.spotify.com/track/1YA4ovLj9CI501Srk0oQ9f,0.724,0.581,1,-6.867,0,0.265,0.0335,0.0,0.1,0.581,154.939
208,Celine,Baby Smoove,https://open.spotify.com/track/14aLTp9E3k42WOgVavNk5t,0.798,0.563,1,-6.592,1,0.149,0.0834,0.0,0.197,0.154,81.991
209,Wanna Be,Baby Smoove,https://open.spotify.com/track/6z3i7FgauWdLXrTWVSwqmG,0.683,0.533,10,-9.489,0,0.113,0.00733,1.8e-06,0.414,0.0913,83.004
210,Middle Man,Baby Smoove,https://open.spotify.com/track/4HavIwiquXiwVkbvImIgiA,0.798,0.417,1,-8.913,1,0.358,0.495,0.0,0.547,0.461,98.073
211,On That Rim,Baby Smoove,https://open.spotify.com/track/0PSm2hRqiUX3RoZsZgBM68,0.504,0.512,2,-8.894,1,0.0906,0.011,0.0,0.139,0.0973,153.815
212,Tyler Perry,Baby Smoove,https://open.spotify.com/track/7ygarZ3LyyGc7UT4YTQc2I,0.419,0.462,9,-15.081,0,0.573,0.184,5.46e-05,0.116,0.652,157.951
213,Cream No Sprite,Baby Smoove,https://open.spotify.com/track/1JDAFFC5izynbF9qH9Toip,0.545,0.603,9,-7.59,1,0.282,0.155,0.0,0.097,0.696,86.735
214,First Impression (Interlude),Baby Smoove,https://open.spotify.com/track/5I9xGg1db2jEFquOeNOv34,0.785,0.511,1,-13.674,1,0.247,0.139,0.0,0.129,0.535,109.904
215,Without You,Baby Smoove,https://open.spotify.com/track/6CaA3fJLfEbwCckA0QA80u,0.639,0.517,10,-14.628,0,0.515,0.692,0.0,0.0855,0.848,156.041
216,Second Date,Baby Smoove,https://open.spotify.com/track/39z8jet0cVoPKq1RP15bDK,0.769,0.803,2,-10.272,1,0.267,0.161,1.15e-05,0.116,0.717,179.378
217,Donnie Katana,Baby Smoove,https://open.spotify.com/track/3N8kEQTP4xiwS9Qnrg3IT2,0.823,0.509,6,-14.732,0,0.254,0.0756,3.73e-05,0.0729,0.389,142.935
218,Slim Shady,Baby Smoove,https://open.spotify.com/track/7J3otAioZTcGFMJRRHSiWX,0.683,0.535,1,-8.899,1,0.459,0.512,0.0,0.088,0.839,174.463
219,War>Pape,Baby Smoove,https://open.spotify.com/track/0kV6iTvbKTV3kiuexwvbOL,0.47,0.508,10,-9.14,0,0.231,0.00463,0.0,0.228,0.322,119.651
220,Fake Love,Baby Smoove,https://open.spotify.com/track/6e0FQZ7oJkDyTyjRxWCSVQ,0.705,0.287,9,-13.157,0,0.413,0.289,0.0,0.109,0.287,85.998
221,Addicted,Baby Smoove,https://open.spotify.com/track/248Pp2NBYS1CVWVoooNx7C,0.461,0.395,1,-14.274,1,0.298,0.323,0.021,0.173,0.458,179.982
