,name,artist,url,danceability,energy,key,loudness,mode,speechiness,acousticness,instrumentalness,liveness,valence,tempo
0,Y NOT?,LUCKI,https://open.spotify.com/track/6ELtGA64w8OWCchaj1UU4T,0.735,0.661,2,-5.523,1,0.0893,0.0704,5.74e-05,0.159,0.298,155.037
1,Team Rocket,Lil Uzi Vert,https://open.spotify.com/track/6FfyYWFEk4zd7CgvjBa2ZK,0.691,0.54,4,-8.818,0,0.0532,0.0907,0.0,0.175,0.23,132.02
2,Back 2 Da Basics,Summrs,https://open.spotify.com/track/4cECWfLOQBAum3AQPexpMS,0.623,0.575,10,-11.408,1,0.161,0.811,3.22e-05,0.102,0.319,143.999
3,FTW,Summrs,https://open.spotify.com/track/5FhhNNsdyXpM8x1z9FtIZr,0.658,0.487,11,-12.182,0,0.274,0.0464,0.0,0.445,0.119,140.075
4,WASTED,T$AN,https://open.spotify.com/track/1k0B89Jip3ZGioujiUEvDd,0.78,0.727,0,-6.637,0,0.177,0.0149,0.0,0.189,0.647,136.912
5,Flood,Lil Gunnr,https://open.spotify.com/track/0txq2AQX8Y6uMkMGVPTIuv,0.609,0.674,9,-7.492,0,0.0389,0.0453,0.0,0.267,0.361,144.985
6,No Talk,Headband Andy,https://open.spotify.com/track/2bh5GBXTtuJZKsbgwc8xKz,0.849,0.716,8,-4.983,1,0.369,0.00368,0.0,0.118,0.578,75.929
7,Sunset,LUCKI,https://open.spotify.com/track/0zXnqruuTKhV7dTmbaO52L,0.815,0.209,8,-16.526,1,0.516,0.715,0.000854,0.133,0.165,132.689
8,Teen Bean,Ken Carson,https://open.spotify.com/track/4jx9GqqVMPacAOKHaFlsLb,0.751,0.576,11,-7.702,1,0.176,0.163,4.36e-05,0.265,0.158,146.973
