,name,artist,url,danceability,energy,key,loudness,mode,speechiness,acousticness,instrumentalness,liveness,valence,tempo
0,issues,916frosty,https://open.spotify.com/track/1puDOtizeHvhzGXM5f7K0J,0.685,0.591,9,-7.376,1,0.0754,0.0623,0.0,0.146,0.328,132.961
1,FRIDAY,916frosty,https://open.spotify.com/track/3nFP8hjpBWMhu0yRPB2O1N,0.412,0.683,10,-6.837,0,0.191,0.163,0.0,0.466,0.447,92.014
2,enough,916frosty,https://open.spotify.com/track/3jnbd5B8VdKIXXySIBciuF,0.598,0.559,1,-7.22,0,0.083,0.637,0.0,0.137,0.254,145.822
3,forever,916frosty,https://open.spotify.com/track/21XEmNbGbfAYomUwtYkT5X,0.546,0.526,7,-6.56,1,0.0327,0.141,0.0,0.08,0.209,108.117
4,a night in brooklyn,916frosty,https://open.spotify.com/track/1beS6FhvrwsFTn26Z2nbRQ,0.332,0.554,5,-8.128,1,0.0702,0.0816,0.0,0.123,0.0453,88.964
5,in my heart,916frosty,https://open.spotify.com/track/2SUm69j0X2BM7Oc1uOzOIF,0.767,0.826,5,-5.811,0,0.0458,0.0166,0.0,0.163,0.549,160.03
6,Drive My Car,Landon Cube,https://open.spotify.com/track/275bZZtJfeT0w6loe9qUMb,0.573,0.637,7,-7.116,0,0.0603,0.274,0.0045,0.186,0.164,143.965
7,Kill4u,Lil Skies,https://open.spotify.com/track/5tnGoXhKnh5WpMX4BfMCiR,0.654,0.763,5,-5.486,0,0.0638,0.111,1.85e-05,0.066,0.457,160.929
8,Look What You've Done,Drake,https://open.spotify.com/track/0bsDJFV8d8kiPxD8xsxdzp,0.495,0.351,3,-14.669,0,0.34,0.485,0.0,0.0967,0.271,134.369
9,Doing It Wrong,Drake,https://open.spotify.com/track/06UZYUYbMqpaawLgoKwSw9,0.397,0.172,6,-15.698,0,0.0445,0.841,6.78e-05,0.108,0.123,101.275
10,Marvins Room,Drake,https://open.spotify.com/track/2z3htsNRuhDN923ITatc56,0.492,0.26,9,-17.341,0,0.0921,0.646,0.00178,0.0705,0.312,111.519
11,The Way Life Goes (feat. Oh Wonder),Lil Uzi Vert,https://open.spotify.com/track/2YQLTpUSFCQo9FEe29YPYs,0.703,0.757,1,-3.612,1,0.05,0.617,0.0,0.106,0.696,82.008
12,Running With A Ghost,Lil Yachty,https://open.spotify.com/track/1aIKdWC2AwJV3AtBLDzm4M,0.755,0.266,9,-11.216,0,0.0502,0.654,0.0,0.0737,0.383,120.026
13,Fuck Love,XXXTENTACION,https://open.spotify.com/track/7AQim7LbvFVZJE3O8TYgf2,0.797,0.533,0,-9.74,0,0.0412,0.0172,0.000152,0.103,0.329,131.036
14,I Don't Wanna Do This Anymore,XXXTENTACION,https://open.spotify.com/track/5de9Ho64dovuQI8Uhn5gPD,0.433,0.778,4,-7.681,1,0.041,0.843,0.0,0.139,0.764,114.208
15,Call Me,NAV,https://open.spotify.com/track/1xpXnpIpuvzpx9jz15baJF,0.678,0.395,9,-8.639,0,0.12,0.411,0.00544,0.122,0.136,170.065
16,Held Me Down,NAV,https://open.spotify.com/track/0jiW3PNiHJxOhWh9oPBJ7m,0.826,0.422,3,-8.217,0,0.11,0.483,0.0,0.108,0.223,119.997
17,Mariah,NAV,https://open.spotify.com/track/2g8nLbse9JTkO78L2apN6M,0.58,0.443,0,-10.05,0,0.0567,0.342,0.0,0.102,0.5,72.573
18,Jocelyn Flores,XXXTENTACION,https://open.spotify.com/track/7m9OqQk4RVRkw9JJdeAw96,0.872,0.391,0,-9.144,0,0.242,0.469,4.13e-06,0.297,0.437,134.021
19,All Girls Are The Same,Juice WRLD,https://open.spotify.com/track/4VXIryQMWpIdGgYR4TrjT1,0.671,0.529,0,-7.226,1,0.307,0.0769,0.000335,0.0856,0.203,161.989
20,Wya? (feat. Ugly God) - Remix,Wifisfuneral,https://open.spotify.com/track/6zQ0IcachvPDp04oWI7w8B,0.86,0.305,11,-15.617,0,0.387,0.322,0.0,0.0641,0.276,84.996
21,Awful Things,Lil Peep,https://open.spotify.com/track/7Hr2XoaGpIMKbNXCZDZ3le,0.366,0.797,1,-4.923,0,0.0812,0.0157,0.0,0.0694,0.181,169.986
22,Star Shopping,Lil Peep,https://open.spotify.com/track/30bqVoKjX479ab90a8Pafp,0.585,0.471,4,-9.934,0,0.0616,0.0967,0.0184,0.115,0.323,93.099
23,Better Off (Dying),Lil Peep,https://open.spotify.com/track/1tlrTC3x7viJ1U30oOFGdF,0.521,0.763,3,-4.693,1,0.0408,0.00835,0.0,0.155,0.197,75.036
24,This Could Be Us,Rae Sremmurd,https://open.spotify.com/track/4jTiyLlOJVJj3mCr7yfPQD,0.732,0.69,0,-4.992,0,0.134,0.291,0.0,0.116,0.758,143.072
25,Demasiao,DrefQuila,https://open.spotify.com/track/60Aq6feLMcqoOHi51wIsdz,0.477,0.447,9,-12.22,1,0.145,0.283,0.0,0.218,0.459,97.862
26,A Fuego,DrefQuila,https://open.spotify.com/track/6p3bOJh6hlWaaAuZvKsV5X,0.833,0.342,7,-6.497,0,0.0619,0.768,0.00151,0.103,0.448,115.938
27,Fireflies (Outro),KILLY,https://open.spotify.com/track/2qaTUKfwaEkhX4HGaJ1nN3,0.627,0.41,0,-8.156,1,0.0349,0.279,0.0,0.107,0.0763,148.991
28,beautiful death,Austin Skinner,https://open.spotify.com/track/5GO6BI3Qyxfre8wn7Nnkcp,0.662,0.492,1,-10.727,0,0.0448,0.00925,0.0,0.103,0.0527,119.964
29,Complete Me ## Patterns,Austin Skinner,https://open.spotify.com/track/1LbDC8R8OWPG1ex69eFfem,0.604,0.563,4,-7.902,0,0.0354,0.119,0.0,0.109,0.554,153.057
30,Stay,Austin Skinner,https://open.spotify.com/track/2WL36PeHscMF9J0lmblMRS,0.603,0.532,0,-8.544,1,0.0452,0.00242,0.0,0.108,0.348,155.008
31,Que Será,DrefQuila,https://open.spotify.com/track/37G6NRwub1frnMW2HHQG35,0.787,0.666,9,-7.925,1,0.0499,0.614,4.81e-05,0.147,0.554,128.947
32,Amorfoda,Bad Bunny,https://open.spotify.com/track/3ITvHA9zhZZdBJsOsAUegF,0.742,0.432,9,-7.539,0,0.0615,0.984,5.78e-05,0.0796,0.252,148.005
33,Ride for Me,JackZick,https://open.spotify.com/track/2n3Lue2BrPbfltkGO6LrNp,0.773,0.363,2,-11.384,1,0.0385,0.288,0.0,0.303,0.615,91.017
34,Bilbao,Lionware,https://open.spotify.com/track/0H9RZqpbFTuMuMMUnHNbEq,0.606,0.797,4,-6.187,0,0.121,0.121,0.0,0.102,0.394,179.935
35,Oye Guapa,Lionware,https://open.spotify.com/track/5qYrEYYKWZu9AByzb7TOd4,0.68,0.529,8,-8.238,0,0.0607,0.735,3.68e-06,0.0853,0.49,81.98
36,Roses (with Juice WRLD feat. Brendon Urie),benny blanco,https://open.spotify.com/track/5YAP8zpqj1eIX88makBjDe,0.613,0.6,8,-7.097,1,0.154,0.166,0.0,0.117,0.532,147.059
37,Legends,Juice WRLD,https://open.spotify.com/track/1Knctxx9vGZxpZfF66BIEa,0.594,0.798,4,-5.244,1,0.0844,0.115,0.0,0.143,0.381,142.049
38,Some Kind Of Drug (feat. Marc E. Bassy),G-Eazy,https://open.spotify.com/track/1Bqxj0aH5KewYHKUg1IdrF,0.634,0.525,0,-8.968,1,0.47,0.0705,0.0,0.0729,0.49,130.271
39,Sad Boy,G-Eazy,https://open.spotify.com/track/3V8gULd6OJQ8myIO9ET23e,0.601,0.64,11,-8.4,0,0.234,0.0126,6.06e-06,0.114,0.27,161.947
40,Let's Get Lost (feat. Devon Baldwin),G-Eazy,https://open.spotify.com/track/5DSr1NMci58MEgS20vivSL,0.671,0.672,4,-9.188,0,0.12,0.103,3.98e-05,0.074,0.186,117.96
41,Downtown Love (feat. John Michael Rouchell),G-Eazy,https://open.spotify.com/track/5lffpGkK5A4SAQdJSfTJso,0.544,0.557,7,-10.554,1,0.0765,0.217,0.000125,0.0771,0.105,87.97
42,Marilyn (feat. Dominique Le Jeune),G-Eazy,https://open.spotify.com/track/7xmCwWVmWBawnIzRUdg3Nr,0.435,0.641,10,-7.274,1,0.104,0.131,0.0,0.273,0.156,115.534
43,Trust Issues,Drake,https://open.spotify.com/track/4Wjhj0WjkyECccfHVIgaTq,0.421,0.539,11,-5.456,0,0.274,0.779,0.0,0.111,0.523,89.177
44,Houstatlantavegas,Drake,https://open.spotify.com/track/3XLSlQLJf3Ut0zvMUxnF1h,0.683,0.695,1,-6.798,0,0.0574,0.393,0.00124,0.124,0.406,135.337
45,Feel No Ways,Drake,https://open.spotify.com/track/3cjF2OFRmip8spwZYQRKxP,0.582,0.677,7,-7.081,1,0.172,0.0312,6.6e-06,0.122,0.205,193.818
46,Too Good,Drake,https://open.spotify.com/track/3BtuIIrQlkujKPuWF2B85z,0.794,0.653,7,-7.839,1,0.104,0.0489,4.88e-05,0.1,0.397,117.996
47,Fire & Desire,Drake,https://open.spotify.com/track/4BhGTc3Cgay2U1QcTS7vQe,0.722,0.252,1,-14.411,0,0.0761,0.0671,0.0,0.0852,0.275,79.923
48,Jungle,Drake,https://open.spotify.com/track/7JXZq0JgG2zTrSOAgY8VMC,0.697,0.235,7,-8.651,1,0.0534,0.62,0.000144,0.107,0.378,99.947
49,Shot For Me,Drake,https://open.spotify.com/track/6Z01gUquJsjJC67uNWm6P0,0.566,0.465,2,-11.714,1,0.235,0.0555,0.0,0.567,0.177,143.015
50,How To Love,Lil Wayne,https://open.spotify.com/track/4aX4Oycsk1fhHIee1zqsDe,0.644,0.661,11,-6.093,1,0.0418,0.000177,5.14e-06,0.108,0.272,154.001
51,Flowers,iann dior,https://open.spotify.com/track/14xJYn35NZzLEZ2D1AfGRG,0.527,0.63,8,-7.67,1,0.0975,0.478,0.0,0.103,0.426,169.986
52,Stay For A While,iann dior,https://open.spotify.com/track/2AbKro51mAUu7KePC6OkEF,0.565,0.528,2,-4.954,1,0.0261,0.435,0.0,0.102,0.396,134.952
53,cutthroat,iann dior,https://open.spotify.com/track/6Dww26l37RgujIGsfDmDLp,0.659,0.594,2,-5.785,1,0.0496,0.116,0.0,0.104,0.232,77.994
54,18,iann dior,https://open.spotify.com/track/0TK2EY9qEOo7n2c1UGUukJ,0.607,0.462,0,-9.644,1,0.102,0.047,0.0,0.0831,0.585,170.039
55,Lejos de Tí,Rels B,https://open.spotify.com/track/30pCOQE19RvNmHq78Svlkm,0.795,0.238,5,-20.338,1,0.369,0.487,0.000106,0.137,0.399,100.996
56,emotions,iann dior,https://open.spotify.com/track/5ls62WNKHUUrdF3r1cv83T,0.63,0.63,9,-6.211,1,0.0395,0.0131,0.0,0.142,0.163,80.512
57,Luvbug,Wassup Rocker,https://open.spotify.com/track/5Rfvz68F6Y48gjJitmSMR8,0.773,0.47,0,-9.23,0,0.274,0.944,0.00331,0.107,0.213,97.034
