,name,artist,url,danceability,energy,key,loudness,mode,speechiness,acousticness,instrumentalness,liveness,valence,tempo
0,Hard Street,Wax Motif,https://open.spotify.com/track/4p3eoIXR9fq3vwlD9yUL0i,0.763,0.839,3,-5.268,0,0.129,0.00441,0.0424,0.0723,0.333,127.031
1,dashstar*,Knock2,https://open.spotify.com/track/0dAfw35k2hBsnbSl74AVJF,0.699,0.949,9,-2.994,1,0.0739,0.00872,0.328,0.151,0.186,126.07
2,Suffocating,Qlank,https://open.spotify.com/track/0RL0kFseGHilQyinJa0eO8,0.883,0.643,11,-3.819,0,0.2,0.0907,0.00765,0.0595,0.202,126.051
3,Here For You,Blossom,https://open.spotify.com/track/1MKqVGJElkzGwG3MidkwNI,0.789,0.916,4,-3.603,0,0.0724,0.00744,0.0552,0.125,0.187,132.012
4,Monseigneur,Tchami,https://open.spotify.com/track/5X0A7PWXS8j0QvA16rxMrl,0.836,0.72,4,-7.259,0,0.131,0.00332,0.894,0.0821,0.943,132.002
5,Welcome to the Playhouse,Steve Aoki,https://open.spotify.com/track/1qXTtWP0sNcePb3tT2eHWL,0.784,0.969,11,-3.588,0,0.251,0.00369,0.000144,0.107,0.212,125.996
6,Ballin,Sikdope,https://open.spotify.com/track/3PIFvuzwRjfQgxtr9QwlVJ,0.724,0.913,10,-6.04,0,0.0564,0.0914,0.0103,0.105,0.584,130.075
7,What They Say,Axel Boy,https://open.spotify.com/track/6uIzCToTSO3iMUMpYprG6X,0.73,0.816,6,-4.397,1,0.133,0.0335,0.00262,0.12,0.737,131.922
8,Dominate,Space Laces,https://open.spotify.com/track/6zBFQ5dWHEmEx2RDoZ1ZP2,0.632,0.989,8,-1.673,1,0.175,0.00177,0.56,0.547,0.0662,128.004
9,Daddy,NITTI,https://open.spotify.com/track/3Bp5P1UoYfprzFy7EClcoz,0.839,0.866,11,-2.032,0,0.111,0.00836,0.0898,0.126,0.402,129.98
10,LOL OK - Habstrakt Remix,MUST DIE!,https://open.spotify.com/track/0n66u8qLBpSERUQGlh80Zt,0.729,0.801,1,-4.555,1,0.0461,0.00443,0.909,0.269,0.275,125.071
11,Bayside - Radio Edit,Obskür,https://open.spotify.com/track/7hYW4hKuPkfaLbzTpg9hQB,0.688,0.903,1,-3.598,1,0.34,0.0281,2.12e-06,0.0855,0.711,123.292
12,Poison,Klaus Veen,https://open.spotify.com/track/4kdnniHBTCnzaYXrnsweSf,0.826,0.925,1,-6.441,1,0.254,0.0428,0.00621,0.0689,0.726,126.505
13,Liverpool Street In The Rain,Mall Grab,https://open.spotify.com/track/2anY2gPJklTi9HcFx4Xdas,0.669,0.801,6,-9.193,0,0.0333,0.0104,0.888,0.154,0.267,130.042
14,Behind the Scenes,Zero,https://open.spotify.com/track/20tM3OtYXmpUtoZjFnmO1b,0.673,0.782,6,-5.136,0,0.0566,0.113,0.854,0.247,0.0362,128.056
15,Mother Nature,Zero,https://open.spotify.com/track/45ZOQlyz2XJpQREyKWzhe7,0.785,0.98,9,-2.71,0,0.114,0.154,0.021,0.0564,0.868,127.976
16,Breathe,Curbi,https://open.spotify.com/track/2dyuozqGz5qOaC7xB11DGE,0.722,0.957,11,-4.898,1,0.0373,0.0229,0.776,0.238,0.174,128.033
17,Beautiful,What So Not,https://open.spotify.com/track/5eHLY26dx6X3tnL4HiX1Fi,0.627,0.767,6,-6.033,0,0.0973,0.017,1.51e-06,0.657,0.387,127.957
18,Reeces Pieces,Zero,https://open.spotify.com/track/2Q6YfCsPGBuElAOsbAzlC1,0.782,0.895,9,-4.458,1,0.125,0.0117,0.847,0.472,0.378,130.047
19,Say Yeah,James Hype,https://open.spotify.com/track/7diiW6RSbOz0o1P7BWGmut,0.731,0.988,1,-5.174,1,0.122,0.00251,0.799,0.0883,0.155,125.993
20,"Moth To A Flame (with The Weeknd, Chris Lake) - Chris Lake Remix",Swedish House Mafia,https://open.spotify.com/track/7u6f174xl25TOBHA2HpFHO,0.587,0.892,10,-6.385,0,0.0415,0.00467,0.276,0.0703,0.285,126.017
21,Work It,VOLAC,https://open.spotify.com/track/2jC6oAT2P3w9HQBrRcQqFl,0.814,0.935,1,-6.128,1,0.055,0.00583,0.33,0.0537,0.546,126.036
22,Don't Wanna Let Go,Taiki Nulight,https://open.spotify.com/track/5Uygp1KAwyj41KSjwPt1Nz,0.739,0.747,10,-8.223,0,0.0377,0.000193,0.051,0.259,0.542,125.978
23,Lose Control (feat. Purple Velvet Curtains),VOLAC,https://open.spotify.com/track/3mgIfqJfJrwMwMKVyd0H4Q,0.741,0.895,1,-5.75,1,0.0466,0.00464,0.824,0.127,0.25,125.996
24,Who I Am,Malaa,https://open.spotify.com/track/4mr00M5jfoSwK4oCUzCISj,0.757,0.975,11,-4.313,1,0.125,0.00725,0.391,0.109,0.39,127.058
25,Every Morning,Chris Lorenzo,https://open.spotify.com/track/64vBCC1lpjEnF10CkDiDhv,0.795,0.981,6,-4.665,1,0.0517,0.00119,0.91,0.0519,0.666,128.0
26,Final Fantasy - Original Mix,AC Slater,https://open.spotify.com/track/53E9F6JQX1Z7vFLHq2yLV1,0.893,0.647,11,-5.929,0,0.0575,0.0234,0.000164,0.0996,0.293,127.951
27,Back 2 U - VIP Mix,Taiki Nulight,https://open.spotify.com/track/4hLQLyltNzhIENQGi9LYyW,0.78,0.762,11,-7.464,0,0.0342,0.00237,0.842,0.333,0.367,127.998
28,Disco Tool - Taiki Nulight Remix,Matroda,https://open.spotify.com/track/1P00RfRsTtjZP4AK6we2Gx,0.811,0.759,10,-6.822,0,0.0467,0.000847,0.774,0.0551,0.423,126.049
29,Gecko (Overdrive) - Radio Edit,Oliver Heldens,https://open.spotify.com/track/483XiZ5o13Cc1zoWV7jGml,0.609,0.885,0,-5.469,1,0.0642,0.00521,1.15e-05,0.336,0.76,124.959
30,Pondicherry,DJ Snake,https://open.spotify.com/track/0IoJNiqfeORsU6nMY9zC85,0.749,0.874,9,-6.019,1,0.111,0.00463,0.746,0.227,0.834,125.98
31,What You Want,Gentlemens Club,https://open.spotify.com/track/1YrxA784HBtMNOvPNpvFcu,0.642,0.83,11,-6.874,0,0.078,0.0169,0.87,0.432,0.372,128.091
32,Hollywood,Bassboy,https://open.spotify.com/track/0Z6tfDqVIaptfkvTlKPQeW,0.916,0.819,0,-6.997,1,0.138,0.00323,0.00866,0.08,0.61,128.022
33,The Darkness,Subshock & Evangelos,https://open.spotify.com/track/2oOm2NQx9s7sCuJnGXU41T,0.641,0.825,0,-3.086,1,0.051,0.00366,0.0484,0.279,0.303,135.067
34,Weak,Flo Milli,https://open.spotify.com/track/2eJ87on7uDqIvKobxuPpov,0.863,0.689,5,-4.18,0,0.0986,0.267,0.0,0.217,0.826,150.06
35,Daisy,Ashnikko,https://open.spotify.com/track/2g1KggY9PKvsoEAOaiz4xx,0.834,0.663,8,-6.143,1,0.133,0.235,0.0,0.372,0.774,121.876
36,Slumber Party (feat. Princess Nokia),Ashnikko,https://open.spotify.com/track/11ZulcYY4lowvcQm4oe3VJ,0.964,0.398,11,-8.981,0,0.0795,0.00151,3.95e-05,0.101,0.563,105.012
37,Bad Bitches (feat. Megan Thee Stallion),Marshmello,https://open.spotify.com/track/2OYfxjLnQuPo7Co1WH0Z1S,0.819,0.814,10,-3.44,0,0.0382,0.00033,0.328,0.0644,0.464,125.965
38,Sun Goes Down (feat. Jasmine Thompson) - Radio Mix,Robin Schulz,https://open.spotify.com/track/6UO755OcSvOPVVZOaJVH7v,0.548,0.723,6,-6.002,1,0.0375,0.0969,1.28e-05,0.337,0.499,125.088
39,Back In Time,Martin Ikin,https://open.spotify.com/track/5Z1mpxRySqQYig2wYuODyp,0.673,0.964,3,-6.095,1,0.0616,0.00685,0.903,0.104,0.469,126.012
40,Dame Gas,Chuwe,https://open.spotify.com/track/6PCms3vNvv1llO4fZToeMy,0.857,0.937,1,-3.404,1,0.0434,0.00119,0.0414,0.0828,0.265,124.961
41,La Candela Viva,Wax Motif,https://open.spotify.com/track/7nXUx5OiBbR4gmKMW91Jjo,0.76,0.869,7,-6.763,1,0.0425,0.00381,0.347,0.277,0.147,124.976
