,name,artist,url,danceability,energy,key,loudness,mode,speechiness,acousticness,instrumentalness,liveness,valence,tempo
0,Flip The Switch,Valentino Khan,https://open.spotify.com/track/7rBUiBC1mXwNYzn53foDUB,0.827,0.88,9,-3.188,1,0.0411,0.0202,0.685,0.074,0.101,127.015
1,Concentrate,Anti Up,https://open.spotify.com/track/5oXkfuwL7HieiHzvmWsaGo,0.851,0.866,6,-5.078,1,0.0532,0.00356,0.415,0.111,0.609,125.994
2,Rainforest - Valentino Khan Remix,Tchami,https://open.spotify.com/track/0tmmzcCEZodSaMJlS7ZiZ1,0.759,0.948,8,-4.26,0,0.102,0.000808,0.391,0.13,0.424,125.998
3,Green Goodness,RAJE,https://open.spotify.com/track/3b8EvwfjHOXsSRLI0ChNA3,0.857,0.313,4,-12.54,0,0.348,0.00185,0.844,0.116,0.742,127.919
4,Good for Me (feat. Anna Straker),Jay Pryor,https://open.spotify.com/track/1S69G657rrHOIfPkKNihwH,0.725,0.615,5,-7.217,1,0.0453,0.02,0.00821,0.138,0.411,124.987
5,Static Theory,Wax Motif,https://open.spotify.com/track/1w3Q0fhdINUxWbmQX0mg1x,0.755,0.83,8,-6.34,0,0.124,0.104,0.66,0.0872,0.74,128.052
6,On The Low,Wax Motif,https://open.spotify.com/track/4iXj0bNwBMHgomSBfrG1M4,0.8,0.858,2,-2.672,0,0.0445,0.0274,0.000147,0.356,0.312,126.074
7,Good Enough - Valentino Khan Remix,Alison Wonderland,https://open.spotify.com/track/1IAeNWzRIkbkwoDS4gAvF6,0.747,0.743,11,-3.262,1,0.0587,0.035,0.374,0.0811,0.211,145.958
8,Too Much,Marc Benjamin,https://open.spotify.com/track/5HY6wvH4sD3t7LOqGBOOSE,0.754,0.785,4,-5.003,0,0.0384,0.0991,0.00599,0.268,0.0901,128.026
9,Pree Me (Chris Lorenzo Remix),Roska,https://open.spotify.com/track/6X6LIhmk6XVblq7meVQ4Kn,0.869,0.647,8,-8.857,0,0.0472,0.00207,0.819,0.0746,0.434,130.001
10,SAY,Knock2,https://open.spotify.com/track/7l6ydCB0LwjaDVlnAKaq9c,0.6,0.971,11,-2.154,0,0.0475,0.004,0.424,0.305,0.28,145.015
11,Dominate,Space Laces,https://open.spotify.com/track/6zBFQ5dWHEmEx2RDoZ1ZP2,0.632,0.989,8,-1.673,1,0.175,0.00177,0.56,0.547,0.0662,128.004
12,Gold Star,Taiki Nulight,https://open.spotify.com/track/0f8kI9h3enq3ZKMZCxxJN3,0.888,0.828,2,-5.594,1,0.0603,0.0119,0.36,0.0588,0.938,129.036
13,Nightmares,Chris Lake,https://open.spotify.com/track/5xARo31Sdr6Kmk2g9j4t3x,0.802,0.819,0,-6.774,1,0.0856,0.00885,0.307,0.102,0.488,128.043
14,Like Me,Michael Sparks,https://open.spotify.com/track/4CngLazXC6c8DADtqSXRuP,0.856,0.566,2,-8.419,1,0.0868,0.0141,0.528,0.241,0.235,130.017
15,Twilight vs Breathe - Funkin Matt Remix,Adam K,https://open.spotify.com/track/1KPqyr5106GJEOzYgzsaXD,0.632,0.826,1,-8.323,1,0.0342,0.0034,0.102,0.31,0.116,125.025
16,Eternity (feat. Lena Leon),Tchami,https://open.spotify.com/track/7DDIVNWlbGJpQjVDDg8rXR,0.715,0.862,4,-8.182,0,0.0632,0.0108,0.788,0.128,0.152,124.0
17,Hold On,Taiki Nulight,https://open.spotify.com/track/27rVjau1APyQKLcfNXVQfd,0.758,0.721,9,-4.13,1,0.0455,0.00168,0.76,0.258,0.0487,123.996
18,All On Me,Tchami,https://open.spotify.com/track/5ad6HGAiatmKHXMI0OSodk,0.797,0.66,5,-6.883,1,0.0816,0.0112,0.00739,0.297,0.317,122.02
19,Do It To It - Habstrakt Remix,ACRAZE,https://open.spotify.com/track/56MlLxwdSDmyPzSLeJMZB0,0.907,0.795,11,-5.285,0,0.0905,0.000648,0.0849,0.383,0.442,126.046
20,Fool,Blossom,https://open.spotify.com/track/5DPkzkBSFFMY7u0QKSMIBC,0.808,0.918,1,-5.022,1,0.0711,0.0357,0.0486,0.188,0.585,129.911
21,MAMI,Chris Lorenzo,https://open.spotify.com/track/6JjSoJ2laV4ZbKNb9nybvh,0.758,0.944,3,-4.901,0,0.0623,0.0308,0.103,0.0438,0.826,126.022
22,Bump Bump Bump (Bom Bom),Wax Motif,https://open.spotify.com/track/0Kh1JKeJMAvFxv91HZ8uYU,0.819,0.817,10,-8.599,0,0.0536,0.00186,0.0794,0.0734,0.852,124.001
23,Burner,GHASTLY,https://open.spotify.com/track/0jzKaa5I1wkcvdAtE8jmDv,0.798,0.978,7,-4.323,1,0.07,0.025,0.629,0.167,0.801,126.05
24,Lights Out - Ghastly Remix,Zomboy,https://open.spotify.com/track/7lY0fJVuJMY790QoVaAxOT,0.422,0.98,1,-3.297,1,0.233,0.00678,0.0105,0.255,0.367,128.475
25,Gimme More,Distinkt,https://open.spotify.com/track/3XOOjp4OcQV7ChnJkZpMkN,0.795,0.815,5,-0.87,0,0.0407,0.0849,0.00423,0.11,0.189,129.009
26,Bring Et,Jauz,https://open.spotify.com/track/1Vh2puNQGk1IpIjZoxoOYz,0.827,0.978,0,-5.443,1,0.0491,0.0065,0.607,0.147,0.886,126.017
27,gettin' hott,Knock2,https://open.spotify.com/track/5GEAKD9oEgIMaxJSAfxwNB,0.63,0.961,1,-3.754,0,0.0543,0.000644,0.779,0.723,0.542,125.98
28,Need You,Blossom,https://open.spotify.com/track/62xZG4gNgOti8wkue0TEYz,0.848,0.838,8,-4.494,1,0.0838,0.055,0.00989,0.0889,0.375,128.0
29,Late At Night,MASTERIA,https://open.spotify.com/track/7FCi3tQwvCLbJnEW5x4mYI,0.815,0.797,1,-4.389,0,0.298,0.000516,0.863,0.317,0.361,125.985
30,Super Bad,Blossom,https://open.spotify.com/track/29ZPXCByfiHgIjyV4KI0EB,0.831,0.87,9,-4.077,0,0.0935,0.00826,0.0624,0.243,0.699,127.922
31,2HEARTs,Knock2,https://open.spotify.com/track/7fzsmXD3YbExnMmy7BdWZY,0.633,0.985,2,-2.445,1,0.126,0.0227,0.417,0.403,0.247,125.834
32,Snake Charmer,Zero,https://open.spotify.com/track/5Dma8dQkYAL4UeWaTsRfW9,0.699,0.947,10,-5.924,0,0.0549,0.00537,0.343,0.229,0.487,127.986
33,Angels Landing,ISOxo,https://open.spotify.com/track/7z8zdcW66DyZ931P6BjnX7,0.285,0.812,5,-2.572,0,0.0596,0.127,0.0303,0.0823,0.0388,149.431
34,Don't Look Back - Champagne Drip Remix,Kill The Noise,https://open.spotify.com/track/6qz9ONo9jXhUwPnalibdNj,0.531,0.962,6,-2.19,0,0.189,0.00206,8.32e-05,0.102,0.19,150.023
35,Sports Mode,Redlight,https://open.spotify.com/track/5BWYelYuCkWz2dacnbPpXa,0.858,0.987,8,-3.562,0,0.0748,0.0154,0.0395,0.3,0.589,130.022
36,Non Stop (feat. Mary Grace),Cheyenne Giles,https://open.spotify.com/track/0t0Vw0DmPmqG6QLSd3tSF2,0.71,0.876,4,-4.314,1,0.154,0.0127,0.0089,0.362,0.367,126.006
37,Vibrations,Ephwurd,https://open.spotify.com/track/6TAS3gPMx7rURiuaM1a8aq,0.745,0.975,11,-0.908,0,0.104,0.0459,0.00035,0.122,0.236,127.982
38,Ladi Dadi (feat. Wynter Gordon) - Tommy Trash Remix,Steve Aoki,https://open.spotify.com/track/2DWerU3jwEKKby8GKfAgSN,0.699,0.967,9,-4.607,0,0.137,0.00122,0.000206,0.194,0.0619,128.979
39,Save Me,REESE,https://open.spotify.com/track/5Km33r9bLTdnHVmdO4q39P,0.723,0.803,11,-3.829,0,0.211,0.163,0.0112,0.157,0.457,134.966
40,Silent,Ship Wrek,https://open.spotify.com/track/5MvvEKnfgMVLLBkzsgStpD,0.79,0.84,2,-4.637,1,0.0609,0.0025,0.422,0.0783,0.627,126.001
41,Jungle,Fred again..,https://open.spotify.com/track/31B7wLv4yvtjDoTTmbnxeE,0.665,0.727,1,-8.073,0,0.0391,0.00984,0.394,0.172,0.397,133.922
42,In The Dark,DEV,https://open.spotify.com/track/1pbHy9VBpSyZh56xuujZz0,0.736,0.823,8,-4.231,1,0.0675,0.00358,0.000914,0.33,0.442,124.954
43,BREAK LAW,Dog Blood,https://open.spotify.com/track/223t7TwvWm5PuE1IuWpRZM,0.679,0.95,2,-2.247,1,0.0373,0.0148,0.00205,0.43,0.12,107.994
44,Brooklyn,Moksi,https://open.spotify.com/track/52mtNBYpfvjH8KHmsYdcWC,0.85,0.915,11,-5.606,1,0.0512,0.00556,0.574,0.0521,0.526,123.993
45,1F2F,€URO TRA$H,https://open.spotify.com/track/77sxAECGDQdMvNa82MVHGt,0.916,0.854,11,-6.674,0,0.0783,0.00134,0.0704,0.0537,0.734,125.018
46,Turn On The Lights again.. (feat. Future),Fred again..,https://open.spotify.com/track/6gdDu39yYqPcaTgCwYEW8i,0.683,0.887,6,-4.944,0,0.0497,0.0125,0.446,0.318,0.551,132.007
47,Mi Corazón,Noizu,https://open.spotify.com/track/2oNMdd8UJcwDYxLQ4BBc9W,0.729,0.934,6,-5.234,1,0.0807,0.0129,0.456,0.125,0.698,126.013
48,If You Need,Taim,https://open.spotify.com/track/50Jzwcj8kYcVrK1EbhuEfK,0.721,0.733,2,-6.216,1,0.0384,0.00113,0.198,0.129,0.307,126.006
49,Just Us,Ephwurd,https://open.spotify.com/track/4rMBPcD8lnuo1JcVuxvQ1C,0.785,0.867,9,-4.001,0,0.0613,0.175,0.00755,0.091,0.331,126.034
50,Have Me All (feat. Jelita),Bleu Clair,https://open.spotify.com/track/5uxSxL44LynLj2xstL0ogf,0.685,0.846,7,-3.771,0,0.0462,0.099,0.00168,0.344,0.255,126.046
51,Slayer,Michael Sparks,https://open.spotify.com/track/0WhZ0vfQFfdEx0BxYdEybD,0.823,0.879,11,-4.886,1,0.0457,0.0179,0.0213,0.0734,0.392,130.001
52,Body Move,Matroda,https://open.spotify.com/track/1UyYIqE4bTokxEK0DUpzTM,0.842,0.914,2,-5.796,1,0.135,0.053,0.00128,0.0593,0.388,130.009
53,No Drama,Walker & Royce,https://open.spotify.com/track/1MZmduhi0sK3RbF4cN3dbv,0.8,0.94,10,-6.182,0,0.0606,0.0281,0.0105,0.0911,0.764,126.987
54,Not About You,Walker & Royce,https://open.spotify.com/track/4rRmrn7Z5qySuAjD4Ep9bR,0.817,0.864,6,-5.654,1,0.0413,0.00363,0.0773,0.0775,0.363,127.98
55,LO*E DR*G,PAX,https://open.spotify.com/track/1JfryJlUV7RuCdTOSSVbwN,0.864,0.974,9,-6.923,1,0.0702,0.0272,0.0476,0.064,0.326,126.992
56,Nightbird,DJ Snake,https://open.spotify.com/track/0CADZTEOUaMw9bHnKB59Ts,0.811,0.808,9,-6.055,1,0.0548,0.00816,0.505,0.135,0.651,126.027
57,EGODEATH,GHENGHIS OTT,https://open.spotify.com/track/6yrMWKRUdGZ8He2TibxkCo,0.836,0.778,0,-6.0,1,0.128,0.0436,0.0683,0.06,0.914,135.03
58,Show Me - Skepsis Remix,Kamakaze,https://open.spotify.com/track/7EfCX1JJcvCtul38U9PBRB,0.623,0.993,1,-2.905,1,0.134,0.00886,0.00681,0.623,0.773,131.992
59,Don't Be Shady,Axel Boy,https://open.spotify.com/track/6WFwfQuDSWdPkG7PkJcAyf,0.695,0.985,1,-2.542,0,0.204,0.0692,0.0,0.844,0.53,127.91
60,Party Right,Zero,https://open.spotify.com/track/6cS27V3QGz0WdRqSRioDu3,0.687,0.923,1,-5.429,1,0.0936,0.00709,0.000557,0.0801,0.435,128.009
61,Show Me - Skepsis Remix,Kamakaze,https://open.spotify.com/track/7EfCX1JJcvCtul38U9PBRB,0.623,0.993,1,-2.905,1,0.134,0.00886,0.00681,0.623,0.773,131.992
62,Rush,MPH,https://open.spotify.com/track/2a9hp6HbEtzUQBLv5C81mw,0.674,0.898,3,-4.406,0,0.128,0.0315,0.597,0.674,0.474,132.025
63,Future Of The Underground,Botnek,https://open.spotify.com/track/3v4tNqfNRv6nO7WpYUhhl0,0.672,0.994,8,-4.558,1,0.118,0.00356,0.589,0.0795,0.304,125.996
64,Overdrive,Petey Clicks,https://open.spotify.com/track/0cglXNQA8VexjyEV7ipfvS,0.823,0.775,1,-5.997,1,0.108,0.002,0.368,0.0363,0.387,125.995
65,Dreamer,Livin' Joy,https://open.spotify.com/track/0r1veUx7ezhSwTZESVYEIt,0.73,0.752,8,-8.131,1,0.0426,0.000481,0.0719,0.176,0.774,127.489
66,Feel Alright,Dillon Nathaniel,https://open.spotify.com/track/6tcAIvGYzQP9dVb28BjANR,0.761,0.786,11,-9.311,1,0.0613,0.000151,0.703,0.211,0.796,126.985
67,Naquele Pique,Gabe,https://open.spotify.com/track/05mKeQVuFbZWOG30zfwvAG,0.863,0.881,7,-8.54,1,0.0497,0.00305,0.107,0.0767,0.357,129.006
68,Now,Curbi,https://open.spotify.com/track/2uYYUJDzYMZbJ2IX5jVLQo,0.94,0.786,9,-7.448,0,0.0437,0.188,0.856,0.332,0.301,128.01
69,Sombrero Sam - Radio Edit,Mochakk,https://open.spotify.com/track/3SoElzvGzQoWSn5i0sIS2u,0.963,0.515,7,-10.346,1,0.418,0.00465,0.687,0.282,0.325,127.984
70,To The Drum,PAX,https://open.spotify.com/track/1rUblzYg28ccBdGeQzgHav,0.885,0.681,1,-9.775,0,0.128,0.0137,0.467,0.0988,0.171,127.035
71,Acrobatic,SIDEPIECE,https://open.spotify.com/track/2ZDssPiWL5pxRB03Ll9WWy,0.735,0.949,9,-3.734,1,0.084,0.00212,0.561,0.347,0.557,125.03
72,NERVE DAMAGE - Tisoki Remix,MUST DIE!,https://open.spotify.com/track/06C2O2nycYAlsr2DFaWTFZ,0.675,0.954,5,-0.824,0,0.114,0.0518,0.321,0.19,0.678,144.871
73,Peanut Butter,Bleu Clair,https://open.spotify.com/track/7F2xg9REyaMDf9JHMV8V9S,0.783,0.954,11,-4.796,0,0.0748,0.00966,0.638,0.0676,0.752,125.983
74,Bruises - Curbi Remix,Curbi,https://open.spotify.com/track/3Q9vdkz3Fv9ewkKDBQV3d4,0.672,0.937,11,-3.073,0,0.05,0.00287,0.0359,0.313,0.373,128.071
75,Let's Go There,Mondry,https://open.spotify.com/track/6lO3OU8erPCQps8NuY0V8B,0.729,0.878,11,-4.133,0,0.0317,0.00228,0.00317,0.11,0.361,122.987
76,Pull Up,DJ Hanzel,https://open.spotify.com/track/14ypcMSqXvuiGFcaMrGreK,0.842,0.583,2,-6.85,1,0.0678,0.00839,0.0423,0.112,0.543,123.993
77,Don't Call,Neon Steve,https://open.spotify.com/track/5v8Gce3zzKorqTnldjxB7G,0.874,0.95,8,-4.163,0,0.104,0.0925,0.866,0.205,0.621,128.019
78,Flying,Curbi,https://open.spotify.com/track/23tSVCziOnXVAyayQt0Bi7,0.747,0.855,4,-7.27,1,0.0341,0.24,0.807,0.111,0.219,130.038
79,¡MAS CRAZY!,Valentino Khan,https://open.spotify.com/track/5BZlwePMT2J54TWq7Eaks7,0.758,0.937,1,0.163,0,0.0818,0.00819,0.958,0.0546,0.519,129.012
80,Marea (we’ve lost dancing),Fred again..,https://open.spotify.com/track/5Z8Dj3LtbyCMiwE86rhg2f,0.761,0.781,5,-6.778,0,0.141,0.0681,0.108,0.0607,0.473,123.023
81,Feel So Free,Zero,https://open.spotify.com/track/2LXv7VRCHmtusc6B9FfkVW,0.79,0.932,0,-4.514,1,0.278,0.0604,0.154,0.0717,0.867,127.977
82,Work My Body,Diamond Dallas Tex,https://open.spotify.com/track/3Nw2K4yEJMpBty6HFRwo6R,0.749,0.873,7,-3.666,1,0.125,0.0832,0.884,0.083,0.424,135.006
83,Bright Lights (feat. Lil Debbie),Wenzday,https://open.spotify.com/track/5om2GqwzkfrvkzMmMPvmHD,0.821,0.687,1,-4.2,1,0.178,0.00394,0.9,0.0896,0.475,125.982
84,Can’t Fight The Feeling,Matroda,https://open.spotify.com/track/1T7fTFxkosqEF8AZzDvm6I,0.878,0.882,1,-4.143,0,0.223,0.00861,2.39e-05,0.201,0.64,125.98
85,Push To Start (feat. No/Me),Noizu,https://open.spotify.com/track/6t4VHEcJ7Kek9pgGHlDp6R,0.852,0.988,1,-6.007,0,0.0588,0.00951,0.302,0.0629,0.67,128.013
86,Vision,Habstrakt,https://open.spotify.com/track/6oKSbAIYE9hQMLWMfSRZja,0.787,0.808,1,-2.745,1,0.194,0.0579,0.815,0.709,0.693,126.027
87,Sweat,CHYL,https://open.spotify.com/track/7AAlPuFRZTQ1AigH7rdMXp,0.75,0.989,11,-2.996,0,0.133,0.00206,0.672,0.0531,0.709,144.966
88,Back To You,CHYL,https://open.spotify.com/track/16OILoAyyVES0eh230eBQh,0.621,0.962,1,-6.011,1,0.0439,3.53e-05,0.803,0.176,0.684,149.967
89,Superpowers (feat. Helen),Curbi,https://open.spotify.com/track/7aw4SIGi131oiPQJ0t4c77,0.785,0.681,4,-4.951,0,0.0642,0.188,0.00181,0.15,0.153,125.007
90,Hooyah!,CHYL,https://open.spotify.com/track/3v3NFAqax9Zg6TFBltTMF8,0.543,0.992,9,-3.204,0,0.119,0.00713,0.62,0.339,0.424,150.078
91,Find My Way,Joel Macintosh,https://open.spotify.com/track/5H64SFQzPmnqcjzBxKXMqT,0.799,0.88,5,-8.612,0,0.0626,0.0174,0.648,0.0551,0.439,128.0
92,Over & Over,Ship Wrek,https://open.spotify.com/track/5yxZgGzAoRUntxuqBeiX7a,0.651,0.887,11,-6.26,0,0.0462,0.0361,0.000225,0.11,0.753,125.073
