,name,artist,url,danceability,energy,key,loudness,mode,speechiness,acousticness,instrumentalness,liveness,valence,tempo
0,Fighting My Demons,Ken Carson,https://open.spotify.com/track/2c7sRekhMGlj7u1WIIzoQu,0.538,0.669,1,-4.97,1,0.0518,0.00437,1.03e-05,0.43,0.0389,141.659
1,Yale,Ken Carson,https://open.spotify.com/track/0HTIrbUwwFn984RzVZm5Fk,0.728,0.442,1,-10.095,1,0.0565,0.000487,8.21e-06,0.149,0.441,142.025
2,Freestyle,Lil Baby,https://open.spotify.com/track/5BbdKBZO0TH0GhfxUfyhL9,0.877,0.517,2,-5.426,0,0.0706,0.217,0.0,0.143,0.255,119.996
3,Fear Of Heights,Drake,https://open.spotify.com/track/53KaP77tkliz36LPxWGlWK,0.581,0.325,10,-9.238,1,0.22,0.0128,0.0,0.16,0.0666,136.934
4,HVN ON EARTH (with Kodak Black),Lil Tecca,https://open.spotify.com/track/4CIyxiObT9G35HrSItAblR,0.734,0.649,8,-5.12,1,0.108,0.078,0.000664,0.137,0.239,132.038
5,Rich & Player,D. Savage,https://open.spotify.com/track/4uAdk4WsvROzbhHpxlI744,0.674,0.632,4,-9.146,0,0.0477,0.000283,0.0,0.115,0.152,84.956
6,Kome On,D. Savage,https://open.spotify.com/track/3vF6JeSyCHaCAjDuO2h3zr,0.619,0.518,5,-9.843,0,0.0914,0.0462,0.000155,0.139,0.329,143.068
7,Gist,Lil Tecca,https://open.spotify.com/track/6dkffLWo31KnXmwCLsgA2K,0.72,0.614,4,-5.482,1,0.188,0.0407,0.0,0.103,0.533,75.44
8,Ready (feat. Gunna),Lil Baby,https://open.spotify.com/track/4F6yN5FsFW10Ucx7cLCzBh,0.793,0.395,1,-5.578,1,0.385,0.277,1.4e-05,0.109,0.129,77.027
9,Teenager Rager,Ken Carson,https://open.spotify.com/track/0MwOpzSByFjvmgjeY0It4a,0.664,0.473,5,-9.514,0,0.299,0.034,0.0,0.115,0.825,147.055
10,LOT OF ME,Lil Tecca,https://open.spotify.com/track/2ZXxRC6V6AXzMdbLQZMHSB,0.704,0.537,0,-8.565,1,0.302,0.223,0.0,0.122,0.7,77.444
11,Lost & Found,D. Savage,https://open.spotify.com/track/35gPF7j6rBRHKUe4zsXqry,0.692,0.557,10,-8.109,0,0.0528,0.000279,0.0,0.102,0.353,140.026
12,SUPERSTAR,Dro Kenji,https://open.spotify.com/track/703KeK9DXEBRbGEJeQpCjF,0.667,0.533,9,-6.477,0,0.117,0.00265,0.0,0.153,0.475,168.003
13,Wake Up,Dom Corleo,https://open.spotify.com/track/7zkM2VrMD0DvAxNrxZCICt,0.735,0.457,11,-6.395,0,0.0541,0.0402,0.0,0.174,0.473,137.091
14,24 song,runkiss,https://open.spotify.com/track/5whyo6kqUeXkPYCmnzd0my,0.345,0.51,7,-12.16,1,0.043,0.627,0.000297,0.106,0.188,137.545
15,def not carti leak,lunaa archive,https://open.spotify.com/track/0taCNmbRf8zqYf8s2I3mli,0.644,0.515,1,-4.217,1,0.368,0.263,0.00122,0.114,0.0581,77.011
16,MONEY SHOWER,Dro Kenji,https://open.spotify.com/track/3YA8NtjEsq4JzHibN62Cb0,0.744,0.457,9,-6.332,0,0.049,0.00337,0.0,0.11,0.144,90.963
17,Sessions,Sharkey,https://open.spotify.com/track/2GtzWw3lNpIgog4TNoxBny,0.779,0.538,4,-9.461,0,0.15,0.369,0.0,0.126,0.505,126.072
