,name,artist,url,danceability,energy,key,loudness,mode,speechiness,acousticness,instrumentalness,liveness,valence,tempo
0,Far Away,Blossom,https://open.spotify.com/track/0AqWn1DSuHXlnAbRnE7nDM,0.793,0.87,0,-4.368,1,0.0891,0.000808,0.00352,0.0839,0.459,130.0
1,Torture Me (feat. Skrillex),100 gecs,https://open.spotify.com/track/3ne63mn2I1EXKi6kwpqq5X,0.723,0.903,8,-3.653,1,0.0593,0.114,0.0158,0.121,0.811,156.991
2,Over You,Inpetto,https://open.spotify.com/track/1jue5QeGJWJPEQiQafWllV,0.485,0.911,11,-4.964,1,0.0425,0.0815,0.947,0.152,0.888,122.869
3,Isolate,D.O.D,https://open.spotify.com/track/5rh2zHFAI1ebnAmO3FfbaB,0.662,0.884,4,-4.669,0,0.05,0.209,0.162,0.098,0.381,126.04
