,name,artist,url,danceability,energy,key,loudness,mode,speechiness,acousticness,instrumentalness,liveness,valence,tempo
0,"Sex, Drugs, Alcohol",Black V Neck,https://open.spotify.com/track/7JcO76y58yBC3W0tUCLLol,0.897,0.69,8,-5.932,1,0.0511,0.0362,0.0565,0.0539,0.13,124.998
1,Better,Valentino Khan,https://open.spotify.com/track/5xGcpnA8ACSipKcRcYioxh,0.804,0.922,8,-5.678,1,0.0515,0.00114,0.221,0.0771,0.773,126.012
2,DFCW,Sosa UK,https://open.spotify.com/track/3BbAVLfkhtY237ORPUj3wX,0.825,0.771,8,-5.695,1,0.0674,0.00351,0.005,0.0776,0.661,130.044
3,Skank N Flex (w/ Scrufizzer),Wax Motif,https://open.spotify.com/track/5bZ5HXF6yBsCdL6YQIrcY5,0.968,0.87,9,-4.805,1,0.123,0.00416,0.00628,0.0789,0.567,130.052
4,Es Isso,Habstrakt,https://open.spotify.com/track/71lRigR1SzhVptQboeTDit,0.917,0.814,7,-3.369,1,0.119,0.0264,0.282,0.0564,0.643,126.077
5,BRB,Valentino Khan,https://open.spotify.com/track/4n200Zr9b9vPmu3psBsP7F,0.874,0.616,9,-3.998,1,0.0695,0.00326,0.411,0.184,0.667,124.011
6,Show Me,Habstrakt,https://open.spotify.com/track/0ZVpeCq77i5ZkXWLfalueR,0.672,0.825,1,-4.551,1,0.233,0.0211,0.0934,0.648,0.351,127.982
7,Gold Star,Taiki Nulight,https://open.spotify.com/track/0f8kI9h3enq3ZKMZCxxJN3,0.888,0.828,2,-5.594,1,0.0603,0.0119,0.36,0.0588,0.938,129.036
8,Mirror Mirror,Ship Wrek,https://open.spotify.com/track/4v7iD5hHhy5CQshGKmleGw,0.881,0.844,0,-5.563,1,0.0687,0.00692,0.131,0.372,0.476,123.99
9,Obsession,Valentino Khan,https://open.spotify.com/track/55jJiuvjDJ3opwgVI6SlVa,0.854,0.559,10,-2.516,0,0.0347,0.0083,0.513,0.135,0.639,126.015
10,Mula,Eliminate,https://open.spotify.com/track/08EDz6781IVLc3qMn3VneT,0.635,0.841,0,-1.212,0,0.0742,0.0304,0.00177,0.0347,0.188,149.996
11,Need It,Ship Wrek,https://open.spotify.com/track/5cG2xC4qPmUTerZdWupWNi,0.8,0.862,5,-4.373,0,0.068,0.000286,0.843,0.0516,0.405,125.97
12,Keep Raving,Wax Motif,https://open.spotify.com/track/0IJQeY73GsMXqwA5EBzYuP,0.799,0.854,9,-4.882,1,0.095,0.0539,0.264,0.242,0.502,126.025
13,Danger,Ship Wrek,https://open.spotify.com/track/6W9xnRasZucJOudBIuGoPN,0.819,0.777,2,-5.75,0,0.0894,0.0009,0.803,0.0563,0.572,126.055
14,I Do Coke,Kill The Noise,https://open.spotify.com/track/3PvhJcV5xv7E1ImIfbRYeM,0.774,0.895,11,-3.846,0,0.233,0.00224,0.0794,0.804,0.533,106.945
15,Crazy,Dr. Fresch,https://open.spotify.com/track/4t7c0UtYDajk8ugoHa1NL0,0.933,0.802,6,-3.995,0,0.146,0.0707,0.0403,0.0713,0.197,126.056
16,Feel The Beat,VOLAC,https://open.spotify.com/track/4NHdQ40uoM2YntzHiQj25b,0.659,0.979,11,-7.102,1,0.0541,0.0102,0.348,0.269,0.803,124.983
17,The Movement,Matroda,https://open.spotify.com/track/03BsODxJmtnB1yweYnxLhK,0.799,0.965,8,-5.986,0,0.104,0.0132,0.215,0.284,0.597,124.998
18,Kush,Taiki Nulight,https://open.spotify.com/track/1JvyIRnMQAgPQFTyMIUNgQ,0.826,0.718,1,-5.169,1,0.0761,0.00218,0.396,0.059,0.787,127.018
19,Ravewerk,Dr. Fresch,https://open.spotify.com/track/4p923cQq8kad1HV3e0VkXt,0.71,0.969,8,-5.867,1,0.0418,0.00199,0.506,0.391,0.509,126.021
20,Blackmail,Valentino Khan,https://open.spotify.com/track/0rN76Jwngx4rDgNTdQQdC3,0.874,0.825,8,-2.847,1,0.0494,0.0198,0.846,0.0718,0.162,125.976
21,Walk In The Spot,Matroda,https://open.spotify.com/track/5VZSIseZuR0WoAwieGD4Ff,0.764,0.908,7,-3.976,1,0.0735,0.00862,0.742,0.0977,0.354,124.019
22,Stand Up,AC Slater,https://open.spotify.com/track/4hlyuPfRskhNv9iyFSjAZF,0.819,0.949,10,-5.376,1,0.0632,0.0436,0.00255,0.0168,0.799,128.015
23,4AM,JOYRYDE,https://open.spotify.com/track/47N4xRBjtdqmwmoL3cZXar,0.675,0.993,0,-1.887,0,0.106,0.00241,0.594,0.158,0.103,136.012
24,Mind Tricks,Nostalgix,https://open.spotify.com/track/6oIH0HplQXWXgEyjwLtMdU,0.897,0.575,2,-9.185,1,0.155,0.00107,0.000521,0.0585,0.44,125.031
25,What's the Move (feat. General Degree),Henry Fong,https://open.spotify.com/track/1vByAxtr0Mzf5FtpVz9VCn,0.654,0.988,11,-1.647,1,0.0946,0.0091,0.338,0.317,0.389,129.967
26,Jaw Drop,Curbi,https://open.spotify.com/track/5mpJ8Rrt0JPPXFuIrySFXh,0.737,0.941,1,-3.34,1,0.112,0.0238,0.289,0.222,0.241,128.035
27,All Night Alone - Chris Lake Edit,Josement,https://open.spotify.com/track/49tMnLt1iXNT6QBOsepFyg,0.804,0.857,1,-6.814,1,0.118,0.0534,0.824,0.086,0.848,126.001
28,WYNEHOUSE,YYVNG,https://open.spotify.com/track/3fnz5m2LGSL7mHXeiUlSfD,0.756,0.988,4,-3.397,1,0.0562,0.00978,0.845,0.156,0.419,126.007
29,OUT OUT (feat. Charli XCX & Saweetie),Joel Corry,https://open.spotify.com/track/6Dy1jexKYriXAVG6evyUTJ,0.787,0.833,8,-4.403,1,0.0478,0.018,0.00747,0.0374,0.796,123.97
30,I Can't,Tony Romera,https://open.spotify.com/track/2LaT6S4HaiWAqNd4yQ4MAg,0.789,0.793,9,-5.035,0,0.225,0.0218,0.136,0.436,0.403,125.965
31,DVNCEFLOOR,Cheyenne Giles,https://open.spotify.com/track/5FqBr7KxHtTyxV6XjoLPf5,0.829,0.93,10,-3.998,0,0.156,0.000389,0.0136,0.054,0.48,126.025
32,If You Wanna,Matroda,https://open.spotify.com/track/1bnXadY6dxL1OMVGZELyPP,0.87,0.94,1,-4.455,0,0.0481,0.0618,0.868,0.0827,0.374,124.023
33,ON FIRE,JOYRYDE,https://open.spotify.com/track/2vHOCV5YErCA8ypUwHozcA,0.784,0.91,1,-2.698,1,0.0824,0.00735,0.581,0.28,0.596,125.025
34,Wanna See You,SIDEPIECE,https://open.spotify.com/track/2kcMpizmt7wmRCM15Jqmdg,0.891,0.937,9,-5.107,1,0.0562,0.000687,0.0387,0.0605,0.683,124.975
35,Like This (feat. AMY MIYÚ) - Carta Edit,SMACK,https://open.spotify.com/track/3Ej9gFp9x29QEpU0TDUueh,0.871,0.852,11,-4.958,1,0.0586,0.131,0.00111,0.0923,0.732,126.011
36,Feel Me,Kage,https://open.spotify.com/track/24AExLzqYk4uktcK0HfFT1,0.877,0.766,10,-5.409,0,0.244,0.0647,0.775,0.165,0.513,126.015
37,Right Here,Habstrakt,https://open.spotify.com/track/5uNhltpaL5Qb4n0hBGoFdl,0.783,0.909,10,-5.565,0,0.0866,0.00554,0.248,0.104,0.655,126.009
38,GOT REAL,JOYRYDE,https://open.spotify.com/track/3ZNUTqogBIAOxyFE34FlRu,0.87,0.958,6,-3.649,0,0.162,0.00542,0.0678,0.566,0.741,127.009
39,D.A.N.C.I.N.G,Matroda,https://open.spotify.com/track/7kIxKhhRSzmRfe2qOiyJgM,0.837,0.989,11,-4.065,1,0.0439,0.0342,0.872,0.0545,0.651,124.02
40,Boom Shakalaka,Moksi,https://open.spotify.com/track/5ijp0ctfwwkmkR6hWDQnwn,0.87,0.787,4,-8.091,0,0.206,0.0267,0.144,0.229,0.551,123.953
41,Burning,NOTION,https://open.spotify.com/track/37mG6IjvmVd0bKf83D7ZGt,0.7,0.983,10,-2.914,0,0.0534,0.0289,0.159,0.246,0.635,127.009
42,Feel The Vibe,DJ Kuba,https://open.spotify.com/track/0IuWXgVgQniBDe7LwduK3a,0.688,0.887,9,-3.454,1,0.0605,0.00257,0.873,0.326,0.433,126.047
43,Wind Up,Coka Cobra,https://open.spotify.com/track/1a4LsdiSP2l4YFh8nRTLCF,0.796,0.911,11,-4.631,0,0.198,0.0188,0.262,0.333,0.397,119.915
44,Hit List,Bleu Clair,https://open.spotify.com/track/1dQtt3K8GyPmH7ZD1LJ2ox,0.803,0.902,1,-2.934,1,0.0676,0.00533,0.667,0.111,0.628,126.999
45,LMLY,AC Slater,https://open.spotify.com/track/5NPRZBLJc79UeV3A0x1PFA,0.66,0.968,9,-3.754,0,0.0915,0.00521,0.737,0.102,0.352,130.025
46,Laid Off,AC Slater,https://open.spotify.com/track/4c3seUD3TTjeqqLzMqISrl,0.919,0.831,10,-7.477,1,0.0635,0.00234,0.203,0.0939,0.392,128.045
47,Thru Your Mind,Bassboy,https://open.spotify.com/track/277xBb6mGl8yNEY3tjntiP,0.897,0.827,11,-5.465,0,0.165,0.0905,0.036,0.112,0.529,130.004
48,Got A Groove,Bassboy,https://open.spotify.com/track/1kbGFz4dZDnjtSyjiZvMHC,0.795,0.879,10,-7.372,0,0.0873,0.00447,0.143,0.0488,0.712,128.019
49,Acrobatic - Martin Ikin Remix,SIDEPIECE,https://open.spotify.com/track/2GhHpLLLgzA7yfwuNSEHDk,0.796,0.918,1,-6.47,0,0.0572,0.00308,0.169,0.365,0.507,127.001
