,name,artist,url,danceability,energy,key,loudness,mode,speechiness,acousticness,instrumentalness,liveness,valence,tempo
0,atlantis,Austin Skinner,https://open.spotify.com/track/1sTWM6z4QMFrZKNWWvifFa,0.61,0.552,1,-12.153,1,0.14,0.0266,2.87e-05,0.316,0.103,160.022
1,back to me,Austin Skinner,https://open.spotify.com/track/12gHniIwGFq3onZ7QdJoHv,0.821,0.658,11,-8.914,1,0.0505,0.109,7.35e-05,0.0823,0.0959,122.012
2,behind,Austin Skinner,https://open.spotify.com/track/6XN5ybPCDpcjtVxz1arQHU,0.584,0.558,1,-10.058,1,0.069,0.0146,0.0,0.11,0.246,159.868
3,half time *FOREVER WORLD*,Austin Skinner,https://open.spotify.com/track/1genfuWIRK66xe3ye2hYb4,0.734,0.545,5,-8.862,0,0.161,0.119,2.11e-06,0.111,0.364,148.014
4,Feelings Change,Bryce Hase,https://open.spotify.com/track/5EivKipExrKZpzkOBdugke,0.514,0.572,4,-6.911,0,0.194,0.0212,0.0,0.133,0.359,119.994
5,Stay,Club 97,https://open.spotify.com/track/5EQLiBrFWaWjzFFb7LA7SD,0.697,0.612,0,-5.776,1,0.0628,0.0728,1.21e-05,0.232,0.303,76.051
6,Blakehomie,skaiwater,https://open.spotify.com/track/3AVhLSEnpRRuY3gfDsP8op,0.693,0.46,6,-9.121,0,0.174,0.35,0.0,0.0977,0.265,90.073
7,Georgia Peaches,DUX,https://open.spotify.com/track/0CbSuWJJHuFYNebKipFD35,0.77,0.877,4,-4.397,0,0.194,0.191,0.0,0.2,0.669,113.995
8,Gateway,Louie Bagz,https://open.spotify.com/track/1Lsr2lldlA6Ngb0kPl63qE,0.689,0.821,8,-5.936,1,0.036,0.0823,0.0,0.307,0.73,90.021
9,The Evening,Louie Bagz,https://open.spotify.com/track/0UEGBEL8QdMmRenR8xCxxp,0.708,0.274,1,-18.794,1,0.0707,0.0738,0.0,0.109,0.404,140.096
10,To the Moon,Rob Curly,https://open.spotify.com/track/2qZFCu2kYtAagNQA7NZfCq,0.582,0.334,11,-14.436,0,0.337,0.834,0.0171,0.0883,0.634,76.99
11,bitch i need a place to smoke,Austin Skinner,https://open.spotify.com/track/4lTI8ArPmSX2Cczw9Xn5q1,0.777,0.946,6,-3.304,0,0.137,0.0605,0.00198,0.361,0.293,85.012
12,myself,Austin Skinner,https://open.spotify.com/track/6MB8eDezILqDEcX4D5oDO3,0.686,0.481,1,-8.617,0,0.131,0.0191,0.0,0.123,0.393,145.056
13,for this,Austin Skinner,https://open.spotify.com/track/66r8vrs1LZLQ43NnZMbltn,0.698,0.712,6,-8.111,0,0.0901,0.0171,0.0,0.291,0.428,90.01
14,MENTIONS *FOREVER WORLD*,Austin Skinner,https://open.spotify.com/track/61kYYWwnUHg1e2IKevBEco,0.733,0.43,5,-9.729,0,0.189,0.231,0.0,0.1,0.301,152.002
15,way back,Austin Skinner,https://open.spotify.com/track/5yaX6Zqgu0kPoWcGXMmZ4Y,0.619,0.492,9,-8.915,0,0.0618,0.0279,0.0,0.161,0.527,157.091
16,g.i. joe (feat. lil marley),Austin Skinner,https://open.spotify.com/track/17gHqjgeaEInmrnGElN3B0,0.645,0.529,0,-11.725,1,0.0507,0.0335,0.0,0.115,0.283,94.988
17,find me,Austin Skinner,https://open.spotify.com/track/0Aipr2EY2GriWug0KpO27M,0.715,0.481,4,-9.607,0,0.0896,0.228,0.0,0.0625,0.176,143.964
18,Lets Go!,Austin Skinner,https://open.spotify.com/track/46iplsJ3u5boZVwRZbkBq5,0.791,0.536,6,-5.236,0,0.153,0.0179,0.0,0.0728,0.413,164.98
19,Itsokay2cry,Surf,https://open.spotify.com/track/2LqavTATQmYhqKabsmTyUC,0.75,0.539,4,-8.926,0,0.223,0.0694,0.0,0.669,0.332,164.048
20,Spaceship,Surf,https://open.spotify.com/track/7ICthrnPMdqiZfWdp0GMIm,0.741,0.596,5,-7.421,0,0.395,0.231,0.0,0.168,0.662,160.009
21,So Long,Killval,https://open.spotify.com/track/60rUopTzjHomIx2LfCuJDl,0.781,0.563,5,-6.106,0,0.0641,0.0687,0.0,0.113,0.581,113.276
22,Messages,TheHxliday,https://open.spotify.com/track/4719tULhcRyJtNx9DaI0Vu,0.739,0.418,6,-15.512,1,0.0578,0.00664,7.55e-05,0.0912,0.803,148.093
23,Demonstrate,GARZI,https://open.spotify.com/track/19uA0MIGsb1xmR19yx8oTr,0.586,0.786,10,-4.892,1,0.0686,0.0177,0.0,0.233,0.463,82.557
24,No Love,Killval,https://open.spotify.com/track/64Nqcvino2TjNJ3G3FGHyT,0.604,0.575,5,-6.299,1,0.0456,0.414,0.0,0.1,0.315,162.043
25,Slide,Killval,https://open.spotify.com/track/4Jt03kaaV39KdtRECBKPU9,0.689,0.593,8,-5.35,1,0.127,0.0922,0.0,0.123,0.301,81.066
26,Hate,Killval,https://open.spotify.com/track/4djOS0DbkPB3Om320mF6Hn,0.675,0.503,10,-7.975,0,0.492,0.296,0.0,0.117,0.414,175.937
27,Leave Me Alone,Killval,https://open.spotify.com/track/00B7AnIx67KVJ0P4kQe2qC,0.724,0.62,0,-7.768,0,0.116,0.0482,0.0,0.0946,0.608,157.933
28,Sleeves,Killval,https://open.spotify.com/track/1chfEE26bB79xWyqitHCfu,0.684,0.418,2,-8.673,1,0.161,0.0194,0.0,0.0983,0.377,153.995
29,Feelings,SSGKobe,https://open.spotify.com/track/3bunovg8ep6uXccEg5RUAy,0.793,0.735,7,-6.899,0,0.0531,0.0442,0.0,0.0895,0.585,83.936
30,moonlight,Austin Skinner,https://open.spotify.com/track/1SkIk3yIhh6fe9CLYLEBjd,0.59,0.612,6,-8.182,1,0.091,0.00319,0.0,0.111,0.306,83.993
31,Tyler Herro,Jack Harlow,https://open.spotify.com/track/4DuUwzP4ALMqpquHU0ltAB,0.794,0.756,5,-7.16,0,0.136,0.11,0.0,0.247,0.775,123.066
32,Chrome Hearts,Killval,https://open.spotify.com/track/3uBNyHmHFlvC5N2uYcYIFf,0.738,0.648,0,-7.595,0,0.0824,0.0798,0.0,0.105,0.55,155.964
33,Withdrawal,Daily Chiefers,https://open.spotify.com/track/3sMxZZkmQOLF5wfv8rkVgx,0.649,0.39,8,-11.783,1,0.196,0.595,0.0,0.108,0.229,77.573
34,Chrome Heart < / 3,xotrapp,https://open.spotify.com/track/66AUoZHR6i9Ag4e0LF3AAJ,0.664,0.488,10,-11.898,1,0.219,0.0171,0.0,0.0887,0.281,171.998
35,Last Time,KillBunk,https://open.spotify.com/track/2FdPbLzyObpr072NNVUeK5,0.682,0.792,2,-4.773,1,0.117,0.0599,0.0,0.17,0.568,150.99
36,Love,Ducey Gold,https://open.spotify.com/track/7vIt6T3oKum2kuBvEUrHyH,0.591,0.592,1,-8.726,0,0.0517,0.00441,0.0,0.127,0.207,149.991
37,All Girls Are the Devil,Malik,https://open.spotify.com/track/5c9GdfpvxxsThtGBAglOig,0.774,0.393,4,-12.936,1,0.12,0.1,0.0,0.217,0.323,146.979
38,beautiful death,Austin Skinner,https://open.spotify.com/track/7upCR677HhUv4IM1uohrfE,0.662,0.492,1,-10.727,0,0.0448,0.00925,0.0,0.103,0.0527,119.964
39,Rear View,Andrew Spacey,https://open.spotify.com/track/6UHRvtm1Be1NJOSJMpbGLu,0.538,0.856,6,-4.671,1,0.135,0.0634,0.0,0.263,0.769,164.215
40,Raining,Lil Candy Paint,https://open.spotify.com/track/1D4nqd4cB4ndlG426T3jQC,0.613,0.267,9,-13.99,0,0.0473,0.474,2.15e-05,0.117,0.187,130.0
41,Be Nice 2 Me,Bladee,https://open.spotify.com/track/2TmqHjg7uhizGndzXQdFuf,0.449,0.631,7,-9.019,1,0.07,0.0732,9.27e-06,0.482,0.331,139.017
42,Give No F*#%!,MDMA,https://open.spotify.com/track/6PBzWqr3Xg34epV7oBtOuj,0.784,0.536,7,-9.913,0,0.143,0.622,0.0,0.188,0.635,132.228
43,4 The Betta,LUCKI,https://open.spotify.com/track/7ibRB2S2WOfPKSvYkhcYtj,0.78,0.453,6,-9.926,1,0.337,0.233,1.98e-06,0.114,0.305,155.984
44,Pull Up (feat. Key!),Matt OX,https://open.spotify.com/track/4JzRE2FdTcXTqEMMyRhYKg,0.777,0.595,6,-4.534,1,0.0606,0.112,1.14e-06,0.147,0.445,86.029
45,All Girls Are The Same,Juice WRLD,https://open.spotify.com/track/4VXIryQMWpIdGgYR4TrjT1,0.671,0.529,0,-7.226,1,0.307,0.0769,0.000335,0.0856,0.203,161.989
46,Famous,Lxst,https://open.spotify.com/track/4u3NJjAYo9QV2f9hSRAqpq,0.407,0.588,8,-7.13,1,0.0697,0.07,0.000238,0.188,0.278,86.209
47,Up,Dro Kenji,https://open.spotify.com/track/4bYiRHGWpFOX1wEWGtorm1,0.398,0.693,7,-4.24,1,0.0964,0.299,0.0,0.297,0.558,83.028
48,ULTRA VIOLET,Thouxanbanfauni,https://open.spotify.com/track/2CxjDTsUBmVlcMjjy2UETJ,0.632,0.714,1,-8.924,0,0.063,0.118,0.926,0.12,0.313,159.938
