,name,artist,url,danceability,energy,key,loudness,mode,speechiness,acousticness,instrumentalness,liveness,valence,tempo
0,Formula,RL Grime,https://open.spotify.com/track/7h9y8oMm1GtwYNhAPh4OOI,0.186,0.977,1,-2.888,0,0.393,0.0369,0.576,0.119,0.043,70.21
1,Everytime,Medasin,https://open.spotify.com/track/0BAQjCC9gfqOebxpmonHKz,0.751,0.377,5,-9.8,1,0.0538,0.0485,0.000468,0.291,0.14,112.478
2,Follow (with Jeremih) [Dillon Francis Remix],Kito,https://open.spotify.com/track/2eomAcNgNQTogi2Y4apBKh,0.74,0.726,5,-7.234,1,0.0322,0.00933,0.00168,0.0443,0.403,125.021
3,Simple Hit,Dombresky,https://open.spotify.com/track/0C3QADQBYFjcSeU8bY7Oex,0.631,0.951,5,-6.203,1,0.0439,0.108,0.836,0.173,0.703,124.007
4,3AM,Baauer,https://open.spotify.com/track/3ODFkkLTkyZpdyzcDQXTij,0.88,0.67,2,-9.237,1,0.217,0.0928,0.000595,0.064,0.235,116.016
5,Because You Move Me,Tinlicker,https://open.spotify.com/track/05GvwwTLLID738BbKN1ze0,0.789,0.435,2,-9.506,0,0.149,0.691,0.0418,0.107,0.166,122.995
6,On My Mind - Radio Edit,Don Diablo,https://open.spotify.com/track/2toRTtkHZ70ZvKHQcemRv2,0.578,0.941,5,-2.452,0,0.0835,0.00547,0.812,0.412,0.274,125.986
7,Turn Back Time,Diplo,https://open.spotify.com/track/27bZ77uG7mEhydpaPvThR6,0.751,0.783,10,-7.974,0,0.0332,0.176,0.000933,0.114,0.398,123.998
8,Nobody,NOTD,https://open.spotify.com/track/7GiozRoMk95aFl1WbrDdjX,0.818,0.773,8,-5.714,0,0.0579,0.0166,7.64e-06,0.377,0.878,122.016
9,Anything,Alison Wonderland,https://open.spotify.com/track/48fPdAwGVoSkGK8GSez9yx,0.768,0.908,5,-5.014,0,0.0486,0.184,0.546,0.0583,0.423,120.042
10,Friday (feat. Mufasa & Hypeman) - Dopamine Re-Edit,Riton,https://open.spotify.com/track/4cG7HUWYHBV6R6tHn1gxrl,0.824,0.862,2,-3.424,1,0.126,0.0076,0.000132,0.303,0.801,122.98
11,You Know You Like It - Tchami Remix,AlunaGeorge,https://open.spotify.com/track/0OpcI3rARLsNWgVbPdwHD9,0.815,0.84,5,-4.331,0,0.107,0.183,0.0843,0.0866,0.587,122.988
12,Best Be Believing - Shadow Child Remix,AlunaGeorge,https://open.spotify.com/track/4ZOuB9nVbvyeEIYKbm55O4,0.85,0.755,11,-6.832,0,0.0597,0.0136,0.565,0.0216,0.534,124.02
13,The Buzz (feat. Mataya & Young Tapz),Hermitude,https://open.spotify.com/track/1E0EOstQRm7YMhFpmDJzaB,0.739,0.583,0,-6.434,0,0.173,0.33,0.00137,0.122,0.497,140.941
14,Heroes (we could be) - Grandtheft Remix,Alesso,https://open.spotify.com/track/2uGgvmRNgCwXpmxqvJnptU,0.624,0.924,2,-3.171,0,0.0938,0.0751,0.00812,0.0894,0.491,144.04
15,Separated,Cloonee,https://open.spotify.com/track/5O7yUDeSAj390VI5z98jsd,0.753,0.765,4,-3.739,0,0.0332,0.0143,8.41e-05,0.338,0.155,125.986
16,Turn off the Lights - Cages Remix,Chris Lake,https://open.spotify.com/track/5JeBHduTGxXxytZFXBcIlB,0.653,0.839,11,-6.677,0,0.0581,0.00324,0.00294,0.476,0.334,125.004
17,All On Me,Tchami,https://open.spotify.com/track/5ad6HGAiatmKHXMI0OSodk,0.797,0.66,5,-6.883,1,0.0816,0.0112,0.00739,0.297,0.317,122.02
18,Move All Night,SNBRN,https://open.spotify.com/track/6RKFXPdoCBRcLljsxKZUNw,0.797,0.69,7,-5.845,0,0.037,0.248,0.0496,0.132,0.184,124.0
19,Together,SIDEPIECE,https://open.spotify.com/track/3ydFRJUABULlXklU1M24TV,0.727,0.749,2,-5.811,0,0.0327,0.184,0.00666,0.105,0.466,125.056
20,Kawaii 808,Yellow Claw,https://open.spotify.com/track/6ZvXQhiIbP4XpbrHN6brAI,0.85,0.863,11,-5.162,0,0.117,0.00115,0.103,0.181,0.434,144.985
21,One Touch,Baauer,https://open.spotify.com/track/3zBWN2RILlV8RshkKvQsW8,0.733,0.547,6,-7.79,0,0.0776,0.0309,0.0,0.0882,0.268,96.056
22,In My Mind,Dynoro,https://open.spotify.com/track/0E9ZjEAyAwOXZ7wJC0PD33,0.694,0.77,6,-5.335,1,0.149,0.176,1.1e-05,0.118,0.163,125.905
23,Raingurl,Yaeji,https://open.spotify.com/track/5z1wOyEyoRu0HTkXYvuqiH,0.929,0.573,6,-6.934,0,0.0511,0.0173,0.00347,0.122,0.305,128.037
24,Lonely (with Chandler Leighton),ILLENIUM,https://open.spotify.com/track/2tPzQueGEjxjmBvJrYe02u,0.451,0.402,9,-4.63,1,0.0286,0.597,3.77e-06,0.294,0.129,92.93
25,Mistake,Bleu Clair,https://open.spotify.com/track/0kQSRUHcJZr9nfX1R5HZcN,0.636,0.896,4,-1.977,0,0.0442,0.0397,0.529,0.165,0.565,124.987
26,MONEY ON THE DASH,Elley Duhé,https://open.spotify.com/track/1p0jBDjxORjYNJyAphBRpE,0.84,0.667,8,-7.126,1,0.0843,0.0439,1.34e-05,0.179,0.292,120.044
27,Shadow,Bossfight,https://open.spotify.com/track/4mRgaiyw6w8MBgkUR6qcMX,0.465,0.894,8,-3.225,1,0.0804,0.00127,5.18e-06,0.554,0.181,149.993
