,name,artist,url,danceability,energy,key,loudness,mode,speechiness,acousticness,instrumentalness,liveness,valence,tempo
0,Naquele Pique,Gabe,https://open.spotify.com/track/05mKeQVuFbZWOG30zfwvAG,0.863,0.881,7,-8.54,1,0.0497,0.00305,0.107,0.0767,0.357,129.006
1,Contra,Future Class,https://open.spotify.com/track/4APgnurpQx4DzWMYGsihDQ,0.791,0.875,11,-5.275,1,0.0582,0.0519,0.00996,0.131,0.493,123.998
2,Honey,JØRD,https://open.spotify.com/track/2bOalEb2NVugngrIPAx4Vg,0.691,0.82,1,-9.027,1,0.0347,0.0182,0.054,0.195,0.726,126.013
3,My Dimension,Gabe,https://open.spotify.com/track/7vp6sra1FqF2VK6hRUPJRo,0.872,0.564,9,-9.078,1,0.158,0.045,0.405,0.127,0.22,126.979
4,Banger,Gabe,https://open.spotify.com/track/3stvclv9DCO7vNAetN24BM,0.834,0.914,6,-7.477,1,0.0529,0.00376,0.298,0.0405,0.758,126.992
5,Stick-Up,Pimp Chic!,https://open.spotify.com/track/6AdjsFu053x5Lk8pvzltnm,0.819,0.856,10,-5.376,0,0.0486,0.0044,0.858,0.145,0.437,126.04
6,Main Ingredients,Matroda,https://open.spotify.com/track/3ZD0OYOs25acO3EcZZqXhB,0.795,0.996,6,-4.714,0,0.0855,0.000231,0.817,0.0461,0.592,126.001
7,Killer Bee,Bleu Clair,https://open.spotify.com/track/3vq4X1cphzASnVAPR3Tfqg,0.796,0.992,1,-3.009,0,0.0589,0.00232,0.728,0.253,0.702,127.994
8,B2B,James Hype,https://open.spotify.com/track/0FMLbet9blK5IgKktuqCBx,0.799,0.956,0,-6.407,1,0.0679,0.00545,0.568,0.064,0.922,123.998
9,Work My Body,Diamond Dallas Tex,https://open.spotify.com/track/3Nw2K4yEJMpBty6HFRwo6R,0.749,0.873,7,-3.666,1,0.125,0.0832,0.884,0.083,0.424,135.006
10,Disconnected,James Hype,https://open.spotify.com/track/3MK2rvp7XjarzRKFrPGMOb,0.842,0.811,2,-6.476,1,0.109,0.00579,0.176,0.0702,0.594,125.995
11,What You Know,Diamond Dallas Tex,https://open.spotify.com/track/3xlgFnJ2wQnjXXN87Z6KjD,0.756,0.837,10,-6.148,0,0.0457,0.00161,0.841,0.597,0.218,129.985
12,Heartbeat,Sandor,https://open.spotify.com/track/69Va1kxcuI2i7rm3hmYLBL,0.813,0.643,8,-10.325,0,0.052,0.0166,0.656,0.0833,0.382,125.009
13,NY to LA,Bruno Furlan,https://open.spotify.com/track/0XZrLV8OiyMLUCsrXNcUGY,0.827,0.781,11,-7.144,0,0.056,0.0197,0.0348,0.0756,0.246,128.995
14,Lets Dance,Disaia,https://open.spotify.com/track/5UDyODhZFGATBFx3MLL3qm,0.84,0.959,9,-5.902,1,0.0596,0.00385,0.931,0.101,0.735,124.996
15,Once Again,Dillon Francis,https://open.spotify.com/track/0FzqS9TaYAKwhjdIXfphtd,0.725,0.883,5,-4.819,0,0.0642,0.00446,0.761,0.248,0.0809,126.033
16,Wurk,Green Velvet,https://open.spotify.com/track/4Ynibk8PO978n4voJ1Uzby,0.798,0.965,7,-6.796,1,0.047,4.97e-05,0.901,0.0398,0.803,128.003
17,Sidewindah (feat. Flirta D),Gorgon City,https://open.spotify.com/track/3NGC2t1KnSOFcDQv8EI2Pl,0.817,0.936,9,-7.669,1,0.0618,0.131,0.285,0.227,0.415,127.0
18,This Is Life,Nic Fanciulli,https://open.spotify.com/track/1ur7LR2NpipjxbjxnNCzaW,0.798,0.873,9,-8.631,0,0.0696,0.00373,0.878,0.611,0.709,127.979
19,Small Talk,Poolhaus,https://open.spotify.com/track/5GzeX965D5kEuCMT35sQqb,0.682,0.761,2,-10.86,1,0.0555,0.00136,0.884,0.24,0.488,128.007
20,Looking at Your Pager - Chris Lake Remix,KH,https://open.spotify.com/track/19IYiA9TCmbCet65fZZhhN,0.812,0.941,11,-6.263,0,0.139,0.0312,0.841,0.118,0.464,125.99
21,Toro (I Hate Models Speed Up Revival Edit of Andre VII RMX),El Columpio Asesino,https://open.spotify.com/track/1HIalwjo1TQVaB63BXbkQu,0.722,0.849,6,-6.025,0,0.088,0.000531,0.373,0.0741,0.252,150.006
22,Asi,Toyzz,https://open.spotify.com/track/6gvss2BhzkoeQpCu2Pfc27,0.771,0.919,8,-4.905,1,0.053,0.00288,0.783,0.108,0.409,125.982
23,M1 Impulse,Bushbaby,https://open.spotify.com/track/3D0Iy3NlwT9HosJudFISeU,0.807,0.84,1,-4.568,0,0.051,0.00268,0.569,0.0593,0.625,133.001
24,District 8,FJAAK,https://open.spotify.com/track/3oXiddNGiWhpmlQCWkJoJ9,0.658,0.808,10,-6.792,0,0.182,0.0154,0.766,0.11,0.202,138.212
25,Killer,Eli Brown,https://open.spotify.com/track/1qFMkptRxk84JEjp1tCKTi,0.393,0.789,7,-6.143,1,0.0572,0.0116,0.0188,0.565,0.127,127.957
26,BETTER OFF ALONE HARDSTYLE SPED UP,SICK LEGEND,https://open.spotify.com/track/0X3Y75MCn5LFO2l1GPgZZL,0.364,0.889,2,-4.162,0,0.0494,0.00019,0.579,0.363,0.0746,162.74
27,The Yard Man,SRVD,https://open.spotify.com/track/6bZLnP9lEqExU9sZ1ow97T,0.679,0.758,2,-6.463,1,0.0598,0.00242,0.857,0.116,0.0399,127.961
28,La Cabana,Shiba San,https://open.spotify.com/track/4ZxsrEBcFALXcrdgoFRjJb,0.787,0.861,11,-6.387,0,0.0337,0.00046,0.875,0.0746,0.0395,125.014
29,Intimate,Whistleface,https://open.spotify.com/track/5WrOyg6rcDclpLd9I1o4wL,0.877,0.543,8,-8.163,1,0.0621,0.00182,0.317,0.0552,0.501,125.995
30,La Jumpa (Tech House),Nick Xuso,https://open.spotify.com/track/5k0UuyRWBMdrNCxxTyTD6I,0.739,0.784,8,-11.664,1,0.093,0.0197,0.0125,0.0585,0.933,130.015
31,Viva Voce,John Summit,https://open.spotify.com/track/5SKZviRSs9vlsykOLVeoWe,0.796,0.91,5,-7.773,0,0.0521,0.00629,0.14,0.0205,0.488,124.003
32,Bongoloco,Bruno Furlan,https://open.spotify.com/track/20MM2VpIUqc7FHJ0a8PX3a,0.797,0.665,2,-7.612,1,0.106,0.00504,0.757,0.0789,0.0747,128.036
33,Loca People,Tom Enzy,https://open.spotify.com/track/2y1V4nbrr7Lqr6d7K3TMXi,0.868,0.923,2,-7.487,1,0.181,0.0973,0.187,0.581,0.368,128.0
34,This Is The Sound,Riva Starr,https://open.spotify.com/track/7L6ZDYK13nVfc6j3QlKNJj,0.771,0.967,9,-4.65,0,0.124,0.0241,0.226,0.357,0.46,125.999
35,Step To,Matt Sassari,https://open.spotify.com/track/0HsQvGaux6t1XMptT4XrhU,0.842,0.88,4,-8.005,0,0.0945,0.000757,0.958,0.0916,0.488,124.994
36,Brighter Days - Marco Lys Remix,Cajmere,https://open.spotify.com/track/7IJP1vVnqU5mV2hYUbZrlX,0.77,0.876,7,-6.383,1,0.0465,0.00884,0.37,0.0906,0.0891,125.995
37,Venezuela,Tom Budin,https://open.spotify.com/track/0ZnMzSoVfqDRzXgagCOlKZ,0.733,0.84,1,-8.119,1,0.0914,0.02,0.0235,0.439,0.675,126.009
38,Baila Co.,bewav,https://open.spotify.com/track/2MyuUHuHm2OrLchibG1WFF,0.86,0.843,1,-9.5,1,0.0944,0.00123,0.181,0.0274,0.596,130.009
39,Wannabe,Damien N-Drix,https://open.spotify.com/track/6cRbCEy9lTI5Qs3kPuNHEQ,0.653,0.967,9,-10.781,0,0.0566,0.099,0.868,0.0602,0.282,123.021
