,name,artist,url,danceability,energy,key,loudness,mode,speechiness,acousticness,instrumentalness,liveness,valence,tempo
0,Never Satisfied (feat. Drake),Future,https://open.spotify.com/track/11eVz92Nm7b2CTgA8OJVwp,0.616,0.623,9,-7.233,1,0.308,0.501,7.5e-06,0.243,0.458,143.888
1,Sleep,NAV,https://open.spotify.com/track/3hcAHrLQ2FsYhf8Y5Qywlp,0.758,0.582,10,-6.813,0,0.153,0.187,0.0,0.103,0.506,160.037
2,Realest In the City (feat. Meek Mill & PARTYNEXTDOOR),Preme,https://open.spotify.com/track/1kKfLv5RsxxQb6afxfIgsz,0.725,0.471,0,-8.635,0,0.241,0.0455,0.0,0.196,0.12,135.88
3,No Mas Pelea,Jay Crusoe,https://open.spotify.com/track/6PijpCVtAQ6W3LdPFEQh9N,0.803,0.85,6,-6.387,0,0.0467,0.00214,0.45,0.0712,0.807,127.993
4,I Want Your Soul - Mau P Remix,Armand Van Helden,https://open.spotify.com/track/0I9Bt9ds5N3NGB2vlI4wrT,0.785,0.872,10,-6.589,0,0.0678,0.0175,0.505,0.0563,0.523,127.011
5,Let's Rave,Cloonee,https://open.spotify.com/track/2MLN5oiw0yDLOZYbNlEOM9,0.93,0.555,9,-7.533,1,0.254,0.0397,0.471,0.0569,0.505,127.001
6,Think About Me,Interupt,https://open.spotify.com/track/0RPV7uB2i9Y4TnofJfmp3j,0.722,0.639,10,-5.657,1,0.0501,0.0492,0.0985,0.227,0.764,131.019
7,Limitless,Trippie Redd,https://open.spotify.com/track/5L6Hsg46B22FVf2qN9DaF2,0.718,0.469,8,-11.092,1,0.179,0.0904,0.0,0.133,0.585,137.875
8,Losing My Head,Julian Jordan,https://open.spotify.com/track/3eQZbK5mweA7WkbPnSaejl,0.71,0.883,8,-5.428,0,0.0634,0.00309,0.00176,0.347,0.236,124.005
9,Hijos De La Noche,Shermanology,https://open.spotify.com/track/1XgsBtX1glXMrclgp6JBb5,0.936,0.693,6,-7.726,0,0.135,0.00151,0.728,0.19,0.523,129.933
10,Too Real (Explicit),DJ Willi,https://open.spotify.com/track/2cdJqJkC7aE2jWOMri9UM2,0.861,0.642,7,-5.454,1,0.0666,0.0717,0.0,0.243,0.674,103.004
