,name,artist,url,danceability,energy,key,loudness,mode,speechiness,acousticness,instrumentalness,liveness,valence,tempo
0,Miracle Maker,Dom Dolla,https://open.spotify.com/track/6txvQu0zUbiqG24A8XMLnK,0.609,0.94,10,-6.097,1,0.0617,0.00124,0.269,0.15,0.238,128.001
1,Deceiver - VIP,Chris Lake,https://open.spotify.com/track/39aowVnxyzMDZOmrgsN4MU,0.889,0.898,1,-4.36,0,0.105,0.0189,0.67,0.0769,0.84,124.02
2,DEEPFAKE,Green Velvet,https://open.spotify.com/track/67CSegLhAnL2RHPOnaakRs,0.801,0.912,7,-8.547,0,0.0602,0.000202,0.826,0.0933,0.709,130.004
3,BARBEE,Green Velvet,https://open.spotify.com/track/2oOmtxMfTI3ZvxSdqlMnbS,0.785,0.915,9,-6.661,1,0.0968,0.0316,0.00503,0.0121,0.793,125.018
4,Burn This House,J. Worra,https://open.spotify.com/track/5HYOVRe3chMbHoFnGxdxWC,0.745,0.873,1,-7.619,0,0.0448,0.0367,0.298,0.315,0.718,125.982
5,I Wanna,Shiba San,https://open.spotify.com/track/7jyXSvXhSBisabvSVTQe0R,0.877,0.737,1,-5.247,1,0.0353,0.000768,0.127,0.106,0.384,126.997
6,Ba Da Bam,Shiba San,https://open.spotify.com/track/5K0MAKgSzTxGqiKhdwW12j,0.787,0.931,0,-5.436,1,0.0509,0.00285,0.902,0.0923,0.276,125.992
7,Rhyme Dust,MK,https://open.spotify.com/track/5mKiwDDrwG22qKKVL6JZqF,0.925,0.561,3,-8.675,1,0.176,0.0659,0.0271,0.152,0.721,128.034
8,See In Color,Wax Motif,https://open.spotify.com/track/2RxDAFchouApF3yUwE6gxE,0.76,0.807,10,-7.4,0,0.0501,0.145,0.000486,0.102,0.476,127.017
9,Gimme That Bounce,Mau P,https://open.spotify.com/track/7jURkEKDVEm9sHueqUX0ko,0.801,0.96,8,-5.534,1,0.264,0.0284,0.877,0.0985,0.101,126.045
10,Push To Start (feat. No/Me),Noizu,https://open.spotify.com/track/6t4VHEcJ7Kek9pgGHlDp6R,0.852,0.988,1,-6.007,0,0.0588,0.00951,0.302,0.0629,0.67,128.013
11,Nothing Better,Chris Lake,https://open.spotify.com/track/1oqniN5rzgvhAWoq4HgY2W,0.699,0.936,7,-5.601,0,0.125,0.0194,0.000431,0.0506,0.369,125.946
12,Wurk,Green Velvet,https://open.spotify.com/track/4Ynibk8PO978n4voJ1Uzby,0.798,0.965,7,-6.796,1,0.047,4.97e-05,0.901,0.0398,0.803,128.003
13,I've Been Waiting﻿﻿,Azzecca,https://open.spotify.com/track/25xGCpAKWRUth9UbxC1TOl,0.698,0.854,6,-7.641,0,0.0661,0.00294,0.689,0.0875,0.0973,125.999
14,Lose My Mind (feat. Taylor Moody),J. Worra,https://open.spotify.com/track/4lYCwQD1GjKmk7MpKSd5d9,0.749,0.892,10,-6.074,0,0.0375,0.247,0.69,0.0257,0.907,124.044
15,MAMI,Chris Lorenzo,https://open.spotify.com/track/6JjSoJ2laV4ZbKNb9nybvh,0.758,0.944,3,-4.901,0,0.0623,0.0308,0.103,0.0438,0.826,126.022
16,Mi Corazón,Noizu,https://open.spotify.com/track/2oNMdd8UJcwDYxLQ4BBc9W,0.729,0.934,6,-5.234,1,0.0807,0.0129,0.456,0.125,0.698,126.013
17,We Got It,German Brigante,https://open.spotify.com/track/60kNE1X6alaiNJvBFF4K3T,0.797,0.716,11,-10.334,0,0.0502,0.000563,0.894,0.148,0.3,123.997
18,Ele te Bota Soca Soca - Boa Noa Remix,Boa Noa,https://open.spotify.com/track/6PQVo9eDg4drtXlS3ZGDSF,0.804,0.981,7,-5.153,1,0.0547,0.00654,0.553,0.46,0.669,127.004
19,Shady Intentions (feat. Tori Levett) - VIP,NGHTMRE,https://open.spotify.com/track/0H7ohNCf0NzJQdtm0045RR,0.499,0.865,10,-4.898,0,0.0468,0.0984,0.000712,0.497,0.489,158.021
20,For One Night,Miane,https://open.spotify.com/track/4PDxk8IXTMxbRlSv7Cx2Hb,0.793,0.977,9,-5.31,1,0.0563,0.0324,0.0094,0.108,0.886,126.005
21,How it is,Malaa,https://open.spotify.com/track/7HQEKWXO8oGMvnGSvhRK4j,0.73,0.965,1,-5.757,1,0.0743,0.0242,0.0197,0.351,0.419,123.926
22,OCB,Malaa,https://open.spotify.com/track/4fs4MJMbe10cgpF0cvTtb8,0.781,0.941,1,-6.853,1,0.0696,0.0415,0.93,0.0183,0.496,125.019
23,Ya Didn't,FISHER,https://open.spotify.com/track/7vtj0Lofn4XQgJPNtDarit,0.855,0.934,0,-5.386,1,0.0434,0.00155,0.698,0.308,0.898,123.965
24,Divided Souls,Wax Motif,https://open.spotify.com/track/1k8Sk12EWAnl9jQwEauMri,0.683,0.998,6,-4.738,0,0.108,0.127,0.188,0.0603,0.373,125.071
25,Too Much,Curbi,https://open.spotify.com/track/1ZPc5wZ3riWjtKVRCgHPOK,0.8,0.976,10,-3.659,0,0.121,0.0046,0.138,0.281,0.85,128.045
26,In Chicago,John Summit,https://open.spotify.com/track/5h2ED2Bw6lKWZDOuQTTSDG,0.73,0.849,2,-6.899,1,0.0378,0.00172,0.82,0.159,0.688,125.99
27,Touchin' Me,Matroda,https://open.spotify.com/track/6lMq6pbQ0rRCzsqq6u9fYZ,0.786,0.952,7,-5.773,1,0.0619,0.00259,0.755,0.0777,0.217,126.032
28,Lifting,Matroda,https://open.spotify.com/track/0BaT8fXJLmR5gVSyJnjANj,0.906,0.934,1,-4.356,0,0.0955,0.117,0.0653,0.0508,0.905,124.981
29,Sextacy,SIDEPIECE,https://open.spotify.com/track/7Fbx8mVJy36dsVq9IYTRXu,0.809,0.953,1,-4.793,0,0.048,0.00439,0.312,0.312,0.873,125.008
30,Acrobatic,SIDEPIECE,https://open.spotify.com/track/3jIFcrHrnLgBio9z8mkMBo,0.732,0.949,9,-3.734,1,0.0831,0.00208,0.572,0.348,0.557,125.032
31,Samsara,Bleu Clair,https://open.spotify.com/track/4U91micKPBG76g9oKoICVk,0.798,0.995,4,-5.05,1,0.0557,0.00528,0.816,0.344,0.439,126.025
