,name,artist,url,danceability,energy,key,loudness,mode,speechiness,acousticness,instrumentalness,liveness,valence,tempo
0,I Don't Need Love,Karen Harding,https://open.spotify.com/track/5VfhA85Ocx50hwZrGtC8hS,0.588,0.84,9,-5.445,0,0.0426,0.008,1.06e-05,0.417,0.377,124.001
1,Wavey,Noizu,https://open.spotify.com/track/72BLFDUJWvAEwvVf0JDIfO,0.572,0.852,9,-5.979,1,0.081,0.00255,0.919,0.0457,0.686,123.962
2,Intentions,PAX,https://open.spotify.com/track/6Z3ORHjKFKqjODCQ2iez2v,0.726,0.866,8,-5.422,0,0.0586,0.000747,0.0394,0.129,0.35,127.006
3,Always Gonna Be (feat. Alex Mills),Sonny Fodera,https://open.spotify.com/track/6rAx7ooMF7l0uUat1Ebcyh,0.862,0.493,0,-9.643,1,0.0482,0.0142,0.0512,0.153,0.255,122.013
4,Daylight,Disciples,https://open.spotify.com/track/2gGDfz0betX6x1BAvky2rX,0.962,0.569,8,-6.589,1,0.122,0.0884,4.19e-05,0.0933,0.886,122.024
5,Rave Alarm,Dombresky,https://open.spotify.com/track/1wOvNC0xGchNUO2qZVcbPT,0.751,0.797,1,-4.421,1,0.0592,0.014,0.675,0.0711,0.653,125.009
6,Body Funk - Dom Dolla Remix,Purple Disco Machine,https://open.spotify.com/track/33Y0bMNu467iRgezqHOPsS,0.781,0.93,9,-6.871,1,0.0378,8.13e-05,0.755,0.0509,0.58,124.003
7,Boogie All Night,Anabel Englund,https://open.spotify.com/track/0nboWXjBJpwLSIjUVGeuwc,0.632,0.937,0,-5.995,0,0.0391,0.0133,0.0466,0.197,0.706,119.993
8,Utopia (4B Remix),Dombresky,https://open.spotify.com/track/6BlemBicuIk2xAtmpFXr9W,0.663,0.803,10,-4.268,0,0.0505,0.0194,0.655,0.436,0.0712,133.981
9,Good Times,ricky retro,https://open.spotify.com/track/3bkE4Zk48wwFfTagxlEAPd,0.607,0.932,9,-3.339,1,0.275,0.0144,0.791,0.334,0.448,125.013
10,Moving [edit],Love Regenerator,https://open.spotify.com/track/6KpGyJIyA75C0XyAkIcpZn,0.645,0.96,4,-6.497,1,0.0399,0.0773,0.00641,0.594,0.637,127.999
11,Take Control,Blinkie,https://open.spotify.com/track/0CfUpUpO7JNfLqExighSwx,0.684,0.909,5,-5.312,0,0.0425,0.109,0.752,0.0607,0.724,123.031
12,The Guitar Man - Original Mix,WEISS,https://open.spotify.com/track/7EC1jqcgMDmC0pC2K1H7fa,0.865,0.594,6,-8.436,0,0.0684,0.00305,0.325,0.0795,0.494,121.995
13,Bring Me to Life (feat. Milly Pye),MK,https://open.spotify.com/track/3au2vSIdhu3JDzGiffhZds,0.557,0.853,9,-2.917,0,0.0406,0.0818,0.0,0.13,0.459,124.968
14,Boxed Off - Original Mix,Patrick Topping,https://open.spotify.com/track/57T6tikkGJVT2RAJSFt1c4,0.809,0.472,8,-7.672,0,0.0718,0.0231,0.92,0.0916,0.747,123.962
15,Only for You,Just Kiddin,https://open.spotify.com/track/1H4qWZy8aBW90r8SWgCTKE,0.611,0.937,5,-5.884,0,0.0452,0.00879,0.492,0.0972,0.488,120.024
16,Little Love (feat. Grace Tither),Blinkie,https://open.spotify.com/track/5FQUb9sBnjA2Cd0lujJ3hr,0.645,0.849,0,-3.546,0,0.0474,0.00947,0.0,0.725,0.349,122.027
17,Time After Time (feat. Jessie Ware),Franky Wah,https://open.spotify.com/track/53nM36dTMaZSsQ46TIMgbe,0.642,0.822,9,-5.191,0,0.0451,0.00394,0.118,0.365,0.216,122.03
18,Get Down - Original Mix,Eli Brown,https://open.spotify.com/track/6xIIkOAT5PFxYZrcQ8IjJg,0.793,0.988,1,-4.734,1,0.0484,0.000221,0.0498,0.0559,0.695,124.997
19,Regenerate Love [edit],Love Regenerator,https://open.spotify.com/track/3q5RFBtATbick3V5sFQsWR,0.749,0.906,9,-7.076,1,0.0507,0.165,0.59,0.128,0.454,130.017
20,Live Without Your Love (with Steve Lacy) - Solardo Ball Bass Remix,Love Regenerator,https://open.spotify.com/track/6Enxx8XMWmZDAPBFMts5Gz,0.78,0.703,0,-7.42,1,0.0717,0.0145,0.479,0.0798,0.325,129.987
21,Jaded,Disclosure,https://open.spotify.com/track/6c4T1Dz9hwK5xat7eh3g8o,0.801,0.857,6,-5.079,1,0.195,0.0111,3.97e-06,0.0645,0.551,117.007
22,Real Love,Clean Bandit,https://open.spotify.com/track/59swFMbWuPBEJLnJyUGo2Q,0.63,0.848,0,-4.592,1,0.0428,0.0834,4.34e-06,0.205,0.551,124.987
23,Deep In - Jody Wisternoff's Deep 05 Reshape,Leftwing : Kody,https://open.spotify.com/track/6TZORjVNndLX6A5eEvZCMC,0.654,0.906,0,-6.873,0,0.0345,0.000285,0.807,0.269,0.409,122.998
24,Disturbia,Rihanna,https://open.spotify.com/track/2VOomzT6VavJOGBeySqaMc,0.707,0.813,11,-4.515,0,0.0571,0.0863,0.0,0.168,0.722,124.921
25,The Spot - Original Mix,Solardo,https://open.spotify.com/track/6nH6tcAZtuf767P7ANHBB6,0.8,0.8,11,-6.0,1,0.114,0.000253,0.58,0.0911,0.856,125.023
26,Before U (feat. AlunaGeorge),Sonny Fodera,https://open.spotify.com/track/7qJ3lbBs4CbaoREdhaTRXK,0.641,0.824,6,-6.609,0,0.0345,0.13,0.00322,0.336,0.616,125.007
27,Same Man,Franky Rizardo,https://open.spotify.com/track/2O5oL5wpiGI7vcO1kFhZwa,0.806,0.906,0,-7.241,1,0.0549,6.76e-05,0.909,0.0498,0.948,125.009
28,Small Talk (Okay),Booka Shade,https://open.spotify.com/track/6zdxe6WLga7TtTvkczYPYo,0.577,0.863,0,-7.852,0,0.0374,0.00124,0.289,0.109,0.324,121.006
29,Murky Manor,Taiki Nulight,https://open.spotify.com/track/1bvZbPhGHuPck3twR4BgRQ,0.55,0.632,2,-8.196,1,0.107,0.0396,0.88,0.103,0.546,126.985
30,Six Shooter,SNBRN,https://open.spotify.com/track/7gzOfclimlOrkmeMtpt2GN,0.686,0.77,2,-8.538,1,0.0516,0.0167,0.899,0.084,0.511,124.022
31,Body Talk,Just Kiddin,https://open.spotify.com/track/1iiuYKdJrhOWt2LwSTyiVx,0.792,0.787,5,-5.299,0,0.0416,0.04,0.00295,0.166,0.723,120.004
32,Atheist,Disciples,https://open.spotify.com/track/5k8fP6CGMhvyuBNcT5NmSq,0.85,0.59,8,-8.427,1,0.0695,0.000607,0.0708,0.107,0.184,123.012
33,Shades (feat. Donnie Sloan & Ricky Ducati),Tchami,https://open.spotify.com/track/5EqvRNLWBnhHevkDIyCPU6,0.623,0.746,5,-6.509,1,0.0783,0.0994,1.95e-05,0.109,0.179,119.984
34,Yoohoo,Dusky,https://open.spotify.com/track/7q6SWBPRSCzlAtBhPERjbl,0.711,0.987,4,-5.964,0,0.0498,0.0165,0.852,0.16,0.711,122.003
35,Fire (with Elderbrook),Ytram,https://open.spotify.com/track/5HFPK8mcO6BGPZNeZPZI5L,0.584,0.865,8,-5.951,1,0.0321,0.00112,0.433,0.122,0.0743,126.003
36,As Gospel,Lord Leopard,https://open.spotify.com/track/27qDHU96NcTHQXv0NIMhzK,0.694,0.702,10,-6.478,0,0.0558,0.000126,0.923,0.0641,0.342,124.995
37,Wish You Were Mine - Radio Edit,Philip George,https://open.spotify.com/track/412luShbmlgqqgYFStIB1s,0.654,0.832,7,-4.164,0,0.0293,0.0126,0.0901,0.102,0.407,123.002
38,I Loved You (feat. Melissa Steel),Blonde,https://open.spotify.com/track/4KuS9s0fuqLznp9AJTqTm7,0.647,0.792,10,-6.391,0,0.0504,0.16,0.0,0.0624,0.351,122.432
39,The Poet,Wh0,https://open.spotify.com/track/1RmVCzAaQmyLB1dFTzPNjn,0.685,0.913,2,-4.599,1,0.048,0.000444,0.0541,0.113,0.336,126.015
40,Lost,DJ Rose,https://open.spotify.com/track/2XjHmwfbMutgpZXD0vHaDn,0.816,0.83,11,-6.568,0,0.0452,0.00104,0.881,0.0374,0.26,123.999
41,Now Ya Know,J. Worra,https://open.spotify.com/track/4dhNxj3FDO1b35VXSuJ6p0,0.769,0.618,8,-7.4,1,0.0779,0.0538,0.873,0.0812,0.558,123.991
42,I Feel It,Leftwing : Kody,https://open.spotify.com/track/5FzuDFYmUFcvjraadJXv28,0.566,0.954,6,-4.678,1,0.0376,0.00411,0.0257,0.0943,0.887,125.967
43,Runaway,Karen Harding,https://open.spotify.com/track/6Mm5r0uQmy29EBJu6mYZbh,0.622,0.843,1,-6.232,0,0.0557,0.00913,0.00486,0.0891,0.446,119.998
44,Baby,Anton Powers,https://open.spotify.com/track/7Ew1K1I2TYwTehYwBLxyYY,0.635,0.891,8,-3.912,1,0.133,0.0124,0.0,0.726,0.467,122.006
45,Losing Control,Illyus & Barrientos,https://open.spotify.com/track/2nbmXP1GTWZO5KvhVV8hZv,0.764,0.836,6,-3.729,0,0.0459,0.00167,0.817,0.0604,0.347,125.992
46,Better Day (feat. Nile Rodgers & Josh Barry),Wh0,https://open.spotify.com/track/3PdLMTut7spFf9leWqBrjK,0.714,0.866,8,-5.483,0,0.09,0.00406,0.0178,0.292,0.646,125.072
47,Better Day - Forbid Remix,Wh0,https://open.spotify.com/track/4UzmHNkBLcOc1bdm6NUzBo,0.683,0.719,7,-6.153,1,0.038,0.0108,0.265,0.091,0.0656,124.01
48,Family (feat. El Boogie),Marshall Jefferson,https://open.spotify.com/track/6X6HvqcAThorTz88ereWUF,0.694,0.817,9,-4.754,0,0.0358,0.000352,0.0,0.0848,0.803,121.987
49,Devotion - Original Mix,Wh0,https://open.spotify.com/track/1JX3YrJkpNya3NqFI0CD90,0.737,0.799,6,-5.278,1,0.0509,0.000948,0.828,0.0943,0.204,127.981
50,You Got Me,Wh0,https://open.spotify.com/track/2eZGW2Zqv8W0jjRZ3mGB01,0.614,0.952,7,-4.274,0,0.0485,0.00095,0.000418,0.316,0.547,125.982
51,BRB,Valentino Khan,https://open.spotify.com/track/4n200Zr9b9vPmu3psBsP7F,0.874,0.616,9,-3.998,1,0.0695,0.00326,0.411,0.184,0.667,124.011
52,Constellations - Radio Edit,CamelPhat,https://open.spotify.com/track/0l0jMydIAM3fhJzmtum2FW,0.717,0.95,0,-6.661,1,0.0565,0.00549,0.895,0.256,0.524,121.987
53,Tell Me - Original Mix,Leftwing : Kody,https://open.spotify.com/track/76eSf7FZwu3fqCBsVB9Hcy,0.632,0.918,1,-6.284,1,0.0473,6.75e-05,0.747,0.173,0.53,123.818
54,Diamonds,Malaa,https://open.spotify.com/track/1uS7rXL8HJ818nOKQA7p4I,0.86,0.782,7,-4.668,1,0.0415,0.067,0.0547,0.0921,0.184,123.024
55,Flip The Switch,Valentino Khan,https://open.spotify.com/track/3Q77slevpY90w5Ef4aPHKL,0.827,0.88,9,-3.188,1,0.0411,0.0202,0.685,0.074,0.101,127.015
56,Can't Wait,Claude VonStroke,https://open.spotify.com/track/1i7eBBQteu8z27kZGco3Sf,0.814,0.441,11,-9.598,0,0.076,0.000499,0.866,0.12,0.186,122.999
57,Taking Libz - Original Mix,Patrick Topping,https://open.spotify.com/track/1S6m7dZJnGkuHpzYorEx47,0.807,0.795,8,-7.794,1,0.0653,0.00245,0.905,0.0754,0.227,125.977
58,Untrue,Tchami,https://open.spotify.com/track/4Dp3yrEK6dQzr9oM2UtZgR,0.68,0.869,4,-5.085,0,0.034,0.00326,0.818,0.261,0.403,121.028
59,Baby Boy,VOLAC,https://open.spotify.com/track/50D2DP45CxPWO8JZAiqCjJ,0.801,0.858,2,-6.521,1,0.0546,0.000501,0.883,0.093,0.638,124.99
60,No Introduction,Dr. Fresch,https://open.spotify.com/track/4lA4BffpqWGKF05R3j5zX4,0.611,0.85,8,-6.326,1,0.0408,0.0376,0.457,0.33,0.297,105.001
61,About Time,Elisabeth Troy,https://open.spotify.com/track/23UmfvaHh5jIifsJqyb9FC,0.802,0.888,4,-6.262,0,0.0638,0.0335,0.744,0.0413,0.459,124.0
62,By My Side (feat. Anthony Valadez),Ferreck Dawn,https://open.spotify.com/track/6eSWdCAvzD4danVK3OlqYU,0.795,0.749,4,-8.058,0,0.0789,0.0371,0.00195,0.0575,0.72,123.054
63,Wish I Didn't Miss You,Non-Essential,https://open.spotify.com/track/1qtuV9ltW1DVBtHjjA7TbS,0.727,0.996,1,-6.996,1,0.0792,0.00133,0.0833,0.0177,0.757,125.996
64,Make Love,Joe Stone,https://open.spotify.com/track/0aZbmXygE2961ROgMhNCcN,0.767,0.873,8,-3.798,1,0.103,0.171,3.58e-05,0.808,0.796,123.928
65,You What - Original Mix,Keees.,https://open.spotify.com/track/3dZOvfJQ4t0gTLuMtx1jWH,0.804,0.864,9,-11.352,1,0.067,0.0194,0.94,0.118,0.802,126.05
66,The Rebirth,Max Müller,https://open.spotify.com/track/3U5KEY6kr1AoqAC26ImWsT,0.788,0.905,10,-5.335,0,0.0459,0.0369,0.815,0.101,0.734,126.013
67,The Giver,Duke Dumont,https://open.spotify.com/track/7r3Yg7Jl8tIfCryEaaYf41,0.787,0.876,7,-5.789,1,0.122,0.000342,5.98e-05,0.137,0.324,123.968
68,Rosario,Ejeca,https://open.spotify.com/track/2WwMHsMBriVPFz5FNeuKmo,0.688,0.629,0,-6.982,0,0.0447,0.0114,0.83,0.353,0.263,121.989
69,Better Not (with Wafia),Louis The Child,https://open.spotify.com/track/7n1940b6kHcaEewFSZXnXa,0.783,0.537,9,-2.921,1,0.0795,0.278,0.0,0.229,0.393,113.988
70,Sad (feat. Afrojack),Chico Rose,https://open.spotify.com/track/4ESPuOrSsRcBISzcMlzmY5,0.717,0.716,3,-5.485,0,0.0432,0.0421,0.000467,0.0699,0.206,125.064
71,Lights Go Out,Chapter & Verse,https://open.spotify.com/track/18KVIouF8klKE9HdqdpUxd,0.624,0.888,3,-5.909,0,0.0474,0.0975,0.313,0.0899,0.278,126.081
72,What You Want,Tom Budin,https://open.spotify.com/track/5NUs5HmzL1dG55LZgwrNan,0.731,0.836,2,-6.119,1,0.0406,0.000251,0.411,0.349,0.572,126.06
73,Lose Control,Steve James,https://open.spotify.com/track/4eDUUesassQ1xQCLBuDCbo,0.753,0.916,11,-6.65,1,0.0515,0.00456,0.544,0.0893,0.7,125.011
74,Lose It,Golf Clap,https://open.spotify.com/track/3He3ABpSKJmeBFMdJwE2rf,0.794,0.783,9,-4.904,1,0.0622,0.00971,0.805,0.0423,0.0686,125.994
75,Sway,Endor,https://open.spotify.com/track/0LZzGrLgxK8e0V6IoAQtd5,0.848,0.664,8,-11.783,1,0.0772,0.1,0.204,0.0425,0.34,126.026
76,Boogie Wonderland,Mr. Belt & Wezol,https://open.spotify.com/track/3vub8awVQgbBHzGIzPXdkZ,0.724,0.891,0,-4.275,1,0.047,0.00448,0.0108,0.158,0.717,124.061
77,Mi Amor,Mosimann,https://open.spotify.com/track/2EojDHNEmUDf4DmUh4GcDe,0.671,0.567,11,-8.438,1,0.0466,0.0803,0.0302,0.258,0.308,126.033
78,Dreams,Gorgon City,https://open.spotify.com/track/0yiDgx6WOtlJCVPQ5Q7Ob3,0.671,0.897,6,-5.232,0,0.0298,0.0553,0.272,0.148,0.493,123.985
79,Shine On - Justin Martin Remix,Tchami,https://open.spotify.com/track/47yZpis0w3B1tH1zpq5RiZ,0.819,0.7,1,-6.058,1,0.0971,0.000835,0.663,0.123,0.412,125.022
80,Keep This Fire Burning - Voost Remix,Bolier,https://open.spotify.com/track/467B9OypezTxMn7xNhm9Ea,0.636,0.949,7,-4.989,0,0.0628,0.0586,0.00193,0.18,0.697,123.998
81,On the Line,Ashibah,https://open.spotify.com/track/5xQioc2NRZBZeq8lSJgmhl,0.802,0.939,11,-10.3,1,0.0628,0.0142,0.892,0.0336,0.701,123.993
82,Earth Wind & Fire Mood - Extended Version,Mindhouse Bros,https://open.spotify.com/track/3a7ap6fPYMcAlnGULGpuxE,0.708,0.7,6,-8.658,0,0.0589,0.0036,0.734,0.0713,0.732,120.022
83,Hot In Herre,Nelly,https://open.spotify.com/track/04KTF78FFg8sOHC1BADqbY,0.956,0.745,11,-4.753,0,0.12,0.206,0.0,0.0615,0.912,107.075
84,"Whenever, Wherever",Shakira,https://open.spotify.com/track/2lnzGkdtDj5mtlcOW2yRtG,0.794,0.832,1,-4.862,0,0.0407,0.237,1.14e-05,0.203,0.871,107.657
85,Free,Vintage Culture,https://open.spotify.com/track/5cLaBI9yBgzcxSf950CcW7,0.704,0.936,9,-3.99,1,0.0745,0.00207,0.00026,0.218,0.357,125.018
86,Rock Your Body,Justin Timberlake,https://open.spotify.com/track/1AWQoqb9bSvzTjaLralEkT,0.892,0.714,4,-6.055,0,0.141,0.201,0.000234,0.0521,0.817,100.972
87,Playbox,Purple Disco Machine,https://open.spotify.com/track/3SumM4vuOsrAJINAqjCv9p,0.649,0.906,10,-5.922,1,0.0365,0.00823,0.201,0.295,0.602,124.817
88,Your Body,Biscits,https://open.spotify.com/track/697HW34FLNURvRAbSieICv,0.833,0.744,4,-6.735,0,0.0886,0.168,0.458,0.615,0.917,126.987
89,Hang Tight,Eden Prince,https://open.spotify.com/track/3mNatLxyy40oEzyL2SWpmj,0.495,0.945,10,-5.87,1,0.0386,0.00203,0.923,0.195,0.582,125.032
90,WANT NEED LOVE,Prospa,https://open.spotify.com/track/3FIb81xI76x7pGPbFbzZXu,0.429,0.683,8,-7.297,1,0.038,0.000823,0.00342,0.0801,0.0536,126.873
91,4 U and 4 Ever,Sebastian Gummersbach,https://open.spotify.com/track/0t0SsgjWZ0pScKYKUTYJl2,0.806,0.998,9,-9.795,0,0.0615,0.00073,0.927,0.0808,0.361,130.025
92,I Need Protection,Girls of the Internet,https://open.spotify.com/track/3tE5EovM3MDsYq0ZQpC8qv,0.713,0.714,5,-10.418,1,0.0367,0.295,0.0821,0.135,0.9,123.99
93,I Want To Stay,JP Sunshine,https://open.spotify.com/track/0feWyfoxidgOIQoHWs14En,0.62,0.869,5,-6.736,1,0.034,0.00151,0.778,0.316,0.458,132.032
94,I Go,Peggy Gou,https://open.spotify.com/track/1S3wM42IWR5DDukmZo8GwV,0.782,0.839,11,-7.67,1,0.0487,0.0834,0.767,0.0495,0.961,119.994
95,Pump the Brakes - Catz 'n Dogz Remix,Dom Dolla,https://open.spotify.com/track/155VWMmw88mN2G6eggxUiu,0.811,0.892,11,-7.461,0,0.0596,0.00365,0.743,0.335,0.9,128.008
96,Love Tonight (David Guetta Remix),Shouse,https://open.spotify.com/track/5zf8rvPF22Q3dcKKWWUoeA,0.623,0.99,10,-4.49,0,0.042,0.0244,0.442,0.101,0.0343,126.007
97,Feels (Remix),DJ K-More,https://open.spotify.com/track/1qsnbyYOn2lFY4UQRKlJfZ,0.887,0.693,2,-6.631,1,0.0978,0.034,0.0,0.628,0.89,102.1
98,Friday (feat. Mufasa & Hypeman) - Dopamine Re-Edit,Riton,https://open.spotify.com/track/4cG7HUWYHBV6R6tHn1gxrl,0.824,0.862,2,-3.424,1,0.126,0.0076,0.000132,0.303,0.801,122.98
99,Used To Be - Extended Mix,Dombresky,https://open.spotify.com/track/5ZKzO4iyTmS5a1fciTLa3Q,0.74,0.679,6,-5.904,1,0.0667,0.00146,0.768,0.0276,0.717,125.002
