,name,artist,url,danceability,energy,key,loudness,mode,speechiness,acousticness,instrumentalness,liveness,valence,tempo
0,Loading,Central Cee,https://open.spotify.com/track/4D0GT8zWuA7Z2em6dpajAn,0.85,0.68,3,-6.18,0,0.338,0.732,0.0,0.0964,0.694,144.006
1,"Body (Remix) [feat. ArrDee, E1 (3x3), ZT (3x3), Bugzy Malone, Buni, Fivio Foreign & Darkoo]",Tion Wayne,https://open.spotify.com/track/6uvMKqNlrSvcC4NaKnrwjZ,0.883,0.674,11,-8.043,0,0.357,0.21,0.0,0.0678,0.73,141.02
2,Doja,Central Cee,https://open.spotify.com/track/3LtpKP5abr2qqjunvjlX5i,0.911,0.573,6,-7.43,1,0.288,0.38,0.0,0.403,0.972,140.04
3,Keisha & Becky - Remix,Russ Millions,https://open.spotify.com/track/5wIjM4q7oIgiLqn8Qfoyxh,0.863,0.471,6,-9.545,1,0.478,0.251,0.0,0.121,0.644,140.969
4,Obsessed With You,Central Cee,https://open.spotify.com/track/4oxGI8yyghLuMV7ybRG3kg,0.746,0.825,3,-4.457,1,0.0435,0.192,0.0,0.365,0.904,143.062
5,Je M'appelle,Benzz,https://open.spotify.com/track/6A3SB2C4U6JtCavQOXLYNN,0.807,0.75,11,-4.396,1,0.237,0.17,0.0,0.164,0.961,141.176
6,Day in the Life,Central Cee,https://open.spotify.com/track/0qSSfVh97cz3Wqp6NB9Y4d,0.905,0.571,2,-7.979,1,0.357,0.228,0.0,0.113,0.757,144.892
7,Clash (feat. Stormzy),Dave,https://open.spotify.com/track/2oUwMN5VfdGX10XeQJLBBi,0.871,0.519,2,-6.549,1,0.258,0.313,8.14e-06,0.0869,0.532,140.013
8,Commitment Issues,Central Cee,https://open.spotify.com/track/5w3CtwPT5e0k8zg2LyjvNN,0.8,0.71,5,-6.403,0,0.295,0.463,0.0,0.339,0.795,147.171
9,I Dunno (feat. Dutchavelli & Stormzy),Tion Wayne,https://open.spotify.com/track/3B0WbRucJ6ZIla2G9IVt2E,0.821,0.666,1,-7.237,1,0.342,0.0954,0.0,0.319,0.739,145.066
10,6 For 6,Central Cee,https://open.spotify.com/track/1tLV0GD0WXQ1Z8BKOQscti,0.855,0.792,2,-4.949,1,0.143,0.552,0.0,0.17,0.623,142.965
11,Oliver Twist,ArrDee,https://open.spotify.com/track/6mSzsSdu0CWIV70jEjWMhI,0.725,0.807,11,-4.332,1,0.315,0.352,0.0,0.462,0.848,140.045
12,BM (London View),OTP,https://open.spotify.com/track/2swRdG3vAk5bYBR3oSf1cg,0.868,0.522,11,-8.601,1,0.355,0.24,0.0,0.235,0.8,143.01
13,Only If You Knew,dutchavelli,https://open.spotify.com/track/27ApZ49hpZZbLSBdNLnqjv,0.816,0.766,1,-4.759,1,0.31,0.192,3.34e-05,0.0943,0.349,144.105
14,Ain't It Different (feat. AJ Tracey & Stormzy),Headie One,https://open.spotify.com/track/6NJfIydBMYrXvlaXsFxmc8,0.767,0.569,4,-6.805,0,0.216,0.00988,1.45e-05,0.109,0.524,77.052
15,TPL x Fumez The Engineer - Plugged In Freestyle,Fumez The Engineer,https://open.spotify.com/track/2oW5T6viRcUuE6Ttk6TJ9B,0.877,0.419,10,-14.419,0,0.512,0.0837,0.0,0.12,0.255,140.012
16,We Don't Dance / Gbg,M24,https://open.spotify.com/track/20KSi7QkJ0j8VdY9eIrJHx,0.925,0.481,1,-7.356,1,0.367,0.481,0.0,0.109,0.393,140.018
17,Flowers (Say My Name),ArrDee,https://open.spotify.com/track/2BzAGK3lEZAQz5cU0Ae1wd,0.723,0.713,2,-6.879,0,0.241,0.495,0.0,0.513,0.803,143.052
18,Only You Freestyle,Headie One,https://open.spotify.com/track/4OENnoidV0h8gJV6bhrw7r,0.68,0.826,5,-2.561,1,0.27,0.562,0.0,0.254,0.804,146.95
19,Coming for You (feat. A1 x J1),SwitchOTR,https://open.spotify.com/track/1xIqDFx3KdByBnKMlTECcM,0.813,0.481,1,-6.71,1,0.231,0.217,0.0,0.0931,0.842,140.122
20,Wow,Tion Wayne,https://open.spotify.com/track/1zEtEb820Vwe9giuUFXH7H,0.811,0.62,10,-4.82,0,0.43,0.1,0.0,0.211,0.638,139.927
21,Streatham,Dave,https://open.spotify.com/track/59PUOc7B0WCNNx8Nr4qaA4,0.892,0.621,2,-7.67,1,0.0949,0.496,0.0,0.109,0.638,124.015
22,AirForce,DigDat,https://open.spotify.com/track/3DLRRpaDETZYltj3KZ7kxo,0.855,0.673,1,-7.58,1,0.373,0.45,0.0,0.385,0.66,142.031
23,Darling,D-Block Europe,https://open.spotify.com/track/2kQ9udZ0v3H8PFSVmbY1Kq,0.848,0.596,2,-8.043,0,0.235,0.5,0.0,0.0853,0.793,150.035
24,Big Shark,Russ Millions,https://open.spotify.com/track/6Yjj0HEBFdOtNjhbhiOiah,0.81,0.93,10,-5.857,0,0.294,0.398,3.32e-06,0.0796,0.936,139.995
25,TO THE MOON,JNR CHOI,https://open.spotify.com/track/0hYFc3HSZHDaDzquLVRwBH,0.744,0.648,2,-11.819,1,0.35,0.045,0.00614,0.109,0.387,144.036
26,Reggae & Calypso (Russ Millions x Buni x YV),Russ Millions,https://open.spotify.com/track/3FMedgGsLUNwx8NciePFEK,0.759,0.803,1,-6.77,0,0.277,0.413,0.0,0.362,0.895,140.994
27,Youngest in Charge,SJ,https://open.spotify.com/track/3q1jlzcqeaft2nYFzCNOkN,0.913,0.636,8,-9.486,1,0.294,0.256,0.0,0.312,0.589,142.038
28,No Diet,Digga D,https://open.spotify.com/track/62ImlYiiE0ZeK9NVftkDfq,0.899,0.591,6,-8.474,0,0.474,0.329,0.0,0.107,0.438,139.949
29,YRF (feat. Fredo & Not3s),GRM Daily,https://open.spotify.com/track/5BhRfzO3MokDQVJUKurRTV,0.801,0.695,10,-5.834,0,0.242,0.211,7.82e-05,0.11,0.35,103.955
30,Khabib,Central Cee,https://open.spotify.com/track/194U52vElkbmFe8QTefrgw,0.773,0.672,4,-5.885,0,0.225,0.522,0.0,0.0851,0.624,145.014
31,6:30,Russ Millions,https://open.spotify.com/track/0KzvY1XHsfvZ5p5sUcdHSN,0.875,0.738,8,-6.205,1,0.332,0.492,0.000119,0.393,0.659,141.067
32,Ungrateful,Central Cee,https://open.spotify.com/track/1fBaPpiFIepmaMkJqHcPBh,0.826,0.616,2,-7.3,1,0.394,0.313,0.0,0.0601,0.782,143.176
33,Woi,Digga D,https://open.spotify.com/track/69F4G9WD5U1vKrpaCiLznl,0.858,0.584,5,-7.48,1,0.379,0.815,0.0,0.224,0.714,140.208
34,One Up,Central Cee,https://open.spotify.com/track/4FAQjmX7e7JJaFE363uj86,0.85,0.664,6,-8.119,0,0.261,0.322,0.0,0.0475,0.743,144.108
35,Wid It,Tion Wayne,https://open.spotify.com/track/4Go2u6SexdY2Qxo0oHMIzE,0.768,0.72,11,-6.528,0,0.23,0.139,0.0,0.201,0.49,140.024
36,Calypso Queen,Calypso Rose,https://open.spotify.com/track/61iRFcNPdE7dg2RmdhrdZe,0.658,0.622,11,-7.427,1,0.0879,0.418,0.000138,0.105,0.901,84.739
37,Council Flat,M Huncho,https://open.spotify.com/track/1UsNsAKIErV6Z6X8zbFnD6,0.619,0.547,11,-8.524,0,0.376,0.551,0.0,0.0801,0.631,159.92
38,"Bando Diaries (Remix) [feat. ONEFOUR, Kekra, Noizy & DIVINE]",dutchavelli,https://open.spotify.com/track/7xVgtzZyidBegrjf6npTjW,0.903,0.578,8,-7.825,0,0.359,0.0523,0.0,0.0706,0.672,140.015
39,Lock Arf,Smoke Boys,https://open.spotify.com/track/426CF4TFxQRJ53LZQpuPEZ,0.805,0.605,2,-7.862,1,0.474,0.546,5.21e-06,0.0834,0.574,134.107
40,4am,JBEE,https://open.spotify.com/track/4OSCSOIUKJKvWlHbwXBDah,0.86,0.482,1,-9.127,1,0.434,0.626,0.0,0.148,0.642,140.181
41,Still Disappointed,Stormzy,https://open.spotify.com/track/78XK5PDIKWiDKcgiLl1x0o,0.731,0.674,1,-6.986,1,0.274,0.0943,0.0,0.0807,0.701,139.916
42,Both,Headie One,https://open.spotify.com/track/0SxjNrhMwarsbcgEy0pavJ,0.751,0.674,1,-7.101,1,0.212,0.565,0.000266,0.114,0.565,145.808
43,Ramsay,Country Dons,https://open.spotify.com/track/5NpbhGYMPEPMylfVKBI0Tt,0.637,0.697,6,-8.72,0,0.373,0.0548,0.0,0.0491,0.45,139.136
44,New Dior,DigDat,https://open.spotify.com/track/4aRRxKxJbvIEjXWXB0l3w7,0.729,0.531,1,-9.568,0,0.371,0.459,0.0,0.0693,0.384,156.132
45,Little Bit of This,Central Cee,https://open.spotify.com/track/4lQ87x6SYGR9E8v28xqhh2,0.871,0.749,8,-5.611,1,0.32,0.407,5.45e-06,0.128,0.756,139.97
46,Audacity (feat. Headie One),Stormzy,https://open.spotify.com/track/6Oq4fiDzKaFMU89dTvM24u,0.678,0.516,1,-4.601,1,0.444,0.0523,0.0,0.13,0.11,133.939
47,Pete x Bas x Fumez the Engineer - Plugged In,Fumez The Engineer,https://open.spotify.com/track/1liZ6b5Pb9MImC8Ia2v7qE,0.784,0.474,10,-10.785,0,0.206,0.0365,1.34e-06,0.0743,0.624,144.952
48,Can't Stop Won't Stop,Meekz,https://open.spotify.com/track/5NaLmTqMjjkpl8TRMaoxTO,0.509,0.483,1,-10.634,0,0.46,0.378,0.0,0.107,0.171,83.417
49,2k17,Digga D,https://open.spotify.com/track/1uzRV0C8fuXoO3oe5veC5C,0.836,0.697,0,-6.984,1,0.369,0.311,0.0,0.121,0.854,144.086
50,Burning (feat. M Huncho & Dutchavelli),GRM Daily,https://open.spotify.com/track/3fAa5d2KhtXJ1gxB1wobQz,0.866,0.48,1,-8.885,1,0.264,0.0388,2.62e-05,0.109,0.473,140.11
51,Bad To The Bone,Nafe Smallz,https://open.spotify.com/track/4XJgRFxCFO4II4HjZGIgLs,0.523,0.662,9,-7.49,0,0.128,0.172,0.0,0.119,0.238,104.137
52,"Next Up - S4-E2, Pt. 1",JBEE,https://open.spotify.com/track/5wwPdWKbDEiybmWkZqsGGn,0.54,0.585,8,-7.563,0,0.309,0.198,0.0,0.147,0.516,100.289
53,Brothers (feat. Jordan),Morrisson,https://open.spotify.com/track/6U4DsIEH16QBiQyt0DJtpk,0.827,0.552,1,-9.262,1,0.283,0.115,1.13e-05,0.164,0.359,139.966
54,Lightwork Freestyle,Nito NB,https://open.spotify.com/track/6mKjZMpgAX6N2jJnXMdMTC,0.903,0.249,8,-18.29,1,0.665,0.377,0.0,0.11,0.355,140.129
55,Home,Knucks,https://open.spotify.com/track/6Ncr1lCYnE3JHwtVK4nLAx,0.745,0.742,6,-4.989,0,0.302,0.692,2.27e-05,0.136,0.634,96.052
56,Daily Duppy (feat. GRM Daily),Central Cee,https://open.spotify.com/track/1JeLx7sGn3LzHLwCzd6swY,0.676,0.691,9,-6.198,0,0.427,0.575,0.0,0.102,0.774,149.973
57,IFTK,Tion Wayne,https://open.spotify.com/track/7u3w4fQhulC1etJbdfmv3Q,0.614,0.82,6,-4.32,0,0.226,0.0781,8.18e-05,0.618,0.739,146.235
58,Fake Love,Poundz,https://open.spotify.com/track/7sfKyblnu5H1drGNaDzYUA,0.89,0.768,10,-7.16,0,0.349,0.0479,0.0,0.106,0.609,140.034
59,London (feat. Tion Wayne),M24,https://open.spotify.com/track/0jgO2f0lAPSs36KBAHx9Dl,0.851,0.605,5,-6.86,0,0.521,0.122,0.0,0.415,0.562,142.892
60,Packs and Potions,HAZEY,https://open.spotify.com/track/1DxRMgLoWXgmIFF2Unp5pD,0.872,0.525,11,-6.374,1,0.419,0.272,1.76e-06,0.0691,0.701,144.941
61,Meant To Be (feat. Fredo & Central Cee),Stay Flee Get Lizzy,https://open.spotify.com/track/1pfZ8IYPDEjvdrllsYBgEC,0.745,0.694,6,-5.215,0,0.283,0.0813,0.0,0.253,0.649,141.995
62,Knock Knock,Tion Wayne,https://open.spotify.com/track/4EmzSqaqpv663TP3VvqCa9,0.811,0.539,1,-8.559,1,0.37,0.593,4.66e-05,0.116,0.796,140.035
63,Bluuwuu,Digga D,https://open.spotify.com/track/70dadmYOwUCwEGHgEVV3NV,0.918,0.681,2,-5.062,1,0.434,0.442,0.0,0.263,0.872,140.133
64,What's Good,SR,https://open.spotify.com/track/1MN3iFMSQ8dfqNAZMyUp5h,0.853,0.591,11,-10.706,1,0.473,0.219,0.0,0.196,0.911,144.983
65,Hide n Seek,C1,https://open.spotify.com/track/4kcLK4jof0RJ5b5cGCmBhK,0.86,0.731,1,-6.669,1,0.451,0.538,0.0,0.329,0.758,145.98
66,No Fibz,SV,https://open.spotify.com/track/522yYY9PVtHaHmuDjlc3TE,0.853,0.241,9,-18.537,1,0.422,0.689,3.11e-05,0.127,0.627,141.899
67,Rise and Tan,Nito NB,https://open.spotify.com/track/47FbElIaMoNq25yRc3HwaA,0.902,0.662,0,-5.913,0,0.371,0.0779,3.75e-06,0.19,0.616,145.051
68,Never Really Mine,dutchavelli,https://open.spotify.com/track/62K84Fv61CS9dGt7JQqDlM,0.763,0.704,1,-4.907,1,0.4,0.637,2.26e-05,0.201,0.51,145.198
69,V9 X Fumez the Engineer - Plugged In,Fumez The Engineer,https://open.spotify.com/track/3EjvvUxuKYQGN5ZvagDqme,0.765,0.89,10,-6.828,1,0.395,0.319,2.41e-06,0.245,0.774,144.119
70,BABA (Toma Tussi),Russ Millions,https://open.spotify.com/track/5ZRM9cNzt2CS9eZyzEyRtZ,0.776,0.585,2,-10.716,0,0.259,0.555,0.00369,0.226,0.724,138.136
71,Elevate,Nemzzz,https://open.spotify.com/track/0nmW4fvqTwUDjlz13MNpJU,0.872,0.447,9,-9.487,0,0.56,0.508,0.0,0.147,0.614,144.923
72,Know You,wewantwraiths,https://open.spotify.com/track/4Iu79YQJG8AHpyLzMAkzeu,0.645,0.617,11,-7.005,0,0.387,0.194,0.0,0.15,0.824,71.877
73,Brucky 2.0,SR,https://open.spotify.com/track/7tTcleU0z0VpBaGWlBdIko,0.816,0.623,2,-9.811,1,0.457,0.247,0.0,0.688,0.708,145.138
74,Hello Mate,ArrDee,https://open.spotify.com/track/76F7T5zPxdpcPndQNs2dQU,0.713,0.886,10,-4.451,0,0.271,0.0746,0.0,0.215,0.747,140.054
75,"Opp Thot (Remix) [feat. Ambush Buzzworl, Snap Capone & Yxng Bane]",Poundz,https://open.spotify.com/track/5LRdUJSM6KmyKhGXUBaYfM,0.903,0.77,1,-4.95,1,0.278,0.242,3.74e-06,0.0547,0.848,141.926
76,Surely,dutchavelli,https://open.spotify.com/track/7hTKVEHFng2qOGBE9kC2Ta,0.798,0.582,0,-11.886,0,0.389,0.174,0.0,0.108,0.554,148.047
77,Warm - Original,K-Trap,https://open.spotify.com/track/0h67w8nvVRIq5jOm4YO2Da,0.883,0.658,7,-6.162,1,0.31,0.371,0.0,0.134,0.658,143.028
78,Backseat,Russ Millions,https://open.spotify.com/track/6PyDmJQd9gT9vBOc5aPAXw,0.865,0.582,1,-10.103,1,0.286,0.0298,0.579,0.117,0.286,140.038
79,First Day Out,Flames,https://open.spotify.com/track/38AlmvFz4QVjmCTakIaYVq,0.682,0.647,8,-6.747,1,0.525,0.184,0.0,0.0863,0.473,125.529
80,French The Kid x Fumez The Engineer - Plugged In Part 1,Fumez The Engineer,https://open.spotify.com/track/1unMIRKio7PpOxPWRDMtRc,0.807,0.436,6,-12.299,0,0.36,0.223,0.0,0.1,0.535,148.052
81,Hazards,QUIETPVCK,https://open.spotify.com/track/0WO7e1Q5PYbBSn6gSdhGPo,0.789,0.878,1,-4.214,1,0.251,0.277,0.0,0.243,0.587,140.23
82,The Cold Room Yanko X Joints,Beat Drillaz,https://open.spotify.com/track/2HGrYHhWONk0ZclAnCJANg,0.803,0.183,1,-15.402,0,0.256,0.0294,0.636,0.118,0.27,139.936
83,Lagga,M1llionz,https://open.spotify.com/track/5GrnYtEXFHN51MvfBZz9ji,0.629,0.78,1,-6.178,1,0.374,0.0972,0.0,0.0776,0.656,142.874
84,Pinging (6 Figures),Central Cee,https://open.spotify.com/track/5DioDvyrdjUIyeA07BPpm4,0.913,0.847,7,-5.999,1,0.244,0.188,0.0,0.101,0.837,142.082
85,No Respawn,Buni,https://open.spotify.com/track/3NQ83jeRQfnXqickeWRFLi,0.879,0.646,1,-8.352,1,0.606,0.329,0.0,0.0727,0.629,147.052
86,Nice & Good,Knucks,https://open.spotify.com/track/0FP75UX2W460N7q2PKrzdh,0.564,0.705,1,-7.538,0,0.218,0.0776,4.5e-05,0.305,0.385,88.88
87,Night Away (Dance) (feat. Tion Wayne),A1 x J1,https://open.spotify.com/track/7z5G2LOdV8okZn4yWg3q5g,0.706,0.552,5,-9.479,0,0.0833,0.235,0.0,0.144,0.835,142.037
88,Yanko X Fumez The Engineer - Plugged In,Fumez The Engineer,https://open.spotify.com/track/7ist6ZFoMj9oQbTO1eYINW,0.889,0.721,10,-10.09,0,0.476,0.166,0.0,0.312,0.741,146.234
89,No Competition,D-Block Europe,https://open.spotify.com/track/4LGM8rLaSj0plQjVKd6YkK,0.91,0.551,11,-9.375,0,0.263,0.245,0.0,0.0924,0.391,130.071
90,Exciting,Buni,https://open.spotify.com/track/3S7XptLRvV6bZrmrz7WhmA,0.911,0.742,10,-9.869,0,0.334,0.106,7.97e-06,0.052,0.894,143.093
91,Own Brand Freestyle,FelixThe1st,https://open.spotify.com/track/1p2VYcXdvno7iVQOOmYkEs,0.912,0.54,7,-8.038,1,0.305,0.16,0.0,0.421,0.619,128.068
92,"Money Calling (feat. RAYE, Russ Millions & wewantwraiths)",Da Beatfreakz,https://open.spotify.com/track/58BJ5oUPX5ST2pjCtOSMkk,0.651,0.674,1,-7.242,0,0.321,0.202,0.0,0.104,0.61,143.965
93,#98 Stally x Maza x Billy Billions x DA x Fumez The Engineer - Plugged In,Fumez The Engineer,https://open.spotify.com/track/7FvNMfl36deVOGVR5Mz9VC,0.748,0.568,1,-12.32,0,0.44,0.125,0.0,0.122,0.649,145.024
94,Thrill,French The Kid,https://open.spotify.com/track/1rIfxUG9VNJQVwICfppLnS,0.765,0.468,6,-11.39,0,0.245,0.616,0.000206,0.095,0.447,141.042
95,Early Hours,ArrDee,https://open.spotify.com/track/0TvFHGI4lckjJapehXcOx3,0.692,0.683,10,-6.887,1,0.285,0.372,0.0,0.0887,0.552,139.814
96,Never Forget You,dutchavelli,https://open.spotify.com/track/6FjubnEkgTwE9uhg4zBThx,0.621,0.481,7,-10.519,0,0.431,0.51,0.0,0.0957,0.509,143.201
97,LA Leakers Freestyle,Central Cee,https://open.spotify.com/track/5gpyyqA9WZyWu24ESUzrkk,0.797,0.832,6,-6.084,0,0.226,0.0248,5e-06,0.593,0.906,142.001
98,Can’t Feel My Face,French The Kid,https://open.spotify.com/track/58soKhQRucM4TZa4fpKfxY,0.62,0.559,11,-8.807,0,0.441,0.324,0.0,0.111,0.325,144.012
99,BATTY & BENCH - Freestyle pt. II,Unknown T,https://open.spotify.com/track/0V9pELwsLI9FrjrbZbjH9n,0.695,0.642,10,-6.34,0,0.409,0.149,0.0,0.153,0.342,143.199
