,name,artist,url,danceability,energy,key,loudness,mode,speechiness,acousticness,instrumentalness,liveness,valence,tempo
0,Overthinker,INZO,https://open.spotify.com/track/7qGoMOzR9pJ1bPl4bFmTN7,0.472,0.604,8,-4.437,1,0.134,0.0315,0.0292,0.101,0.212,128.375
1,Stronger - Tensnake Remix,Dombresky,https://open.spotify.com/track/0VzQaJoezJBLSPwpLfn7UX,0.725,0.917,0,-5.703,1,0.106,0.0161,0.654,0.056,0.616,125.991
2,Isolation,PEACE MAKER!,https://open.spotify.com/track/3CU9bg093XVjeFMUjl21p2,0.73,0.975,1,-4.684,1,0.0844,0.0111,0.459,0.297,0.71,124.957
3,Girl With The Bat,Idris Elba,https://open.spotify.com/track/4NNJ5Fbf51lnLRRn78QW9h,0.914,0.941,7,-5.924,1,0.0746,0.00308,0.594,0.0978,0.714,126.003
4,Music Sounds Better with You,Lounge Ibiza Cafè,https://open.spotify.com/track/0Y5SwyjG4kbdWkz33XhkLl,0.435,0.786,0,-7.025,1,0.267,0.0326,0.0699,0.118,0.295,123.804
5,(It Happens) Sometimes,Jack Back,https://open.spotify.com/track/4cWafPsRizm6woL5j4HNTD,0.833,0.886,11,-6.767,1,0.0573,0.000431,0.00451,0.11,0.604,122.025
6,Desire,Eli Brown,https://open.spotify.com/track/33yWC2Sf9kdjF9T4es4y6I,0.581,0.931,5,-5.597,0,0.0462,0.00165,0.335,0.0737,0.6,124.984
7,God Is A Dancer - James Hype Remix,Tiësto,https://open.spotify.com/track/319Ndfh4YtvgWfz55Xs4by,0.803,0.785,6,-4.457,1,0.04,0.00866,0.0261,0.0617,0.476,125.987
8,Do It Again,Dillon Nathaniel,https://open.spotify.com/track/4T7hm5Bm5UMDdNHZbVwBNs,0.748,0.921,1,-7.779,1,0.0699,0.235,0.0279,0.361,0.474,125.005
9,Manipulation,Deeper Purpose,https://open.spotify.com/track/3Y5CMgKefvyAFbck88S5F4,0.802,0.841,4,-8.274,1,0.0793,0.00129,0.93,0.0683,0.748,127.0
10,Back & Forth,Santeli,https://open.spotify.com/track/4a1q7lnUddyDJITIx101e7,0.735,0.697,6,-9.268,1,0.0589,0.000868,0.524,0.0819,0.603,125.995
11,What's Goin On,East End Dubs,https://open.spotify.com/track/1ubespOnUdTDC0HTZXRLQd,0.811,0.906,3,-8.939,1,0.0764,0.00199,0.878,0.0847,0.745,127.002
12,The Shaman's Chant - Extended Mix,Riaz Dhanani,https://open.spotify.com/track/7D8A8HZE8q32D0HNyL5gQ1,0.787,0.965,7,-5.582,1,0.0539,8.59e-05,0.957,0.0346,0.0772,124.998
13,The Approach,Alan Fitzpatrick,https://open.spotify.com/track/0tFyBGnOezYA449BKb1hZn,0.743,0.591,2,-10.059,1,0.0438,0.0017,0.866,0.11,0.0461,130.006
14,Meditate,Das Kapital,https://open.spotify.com/track/5RcMKmmON5cosQbzxQf3zv,0.807,0.938,11,-4.984,0,0.113,0.00987,0.217,0.324,0.794,123.986
15,Waiting On My Love,Kryder,https://open.spotify.com/track/3m3mhWsywKaEkYhrqiTRTw,0.614,0.945,1,-5.681,1,0.0858,0.159,1.84e-05,0.126,0.494,125.982
16,Are You Down (feat. Troy Denari),Pep & Rash,https://open.spotify.com/track/7xdUUQFjd80AYyhaa63Smc,0.557,0.962,6,-5.003,0,0.0596,0.00288,0.00967,0.102,0.609,123.938
17,Walking Home Alone,Hidden Face,https://open.spotify.com/track/2SOUu2nBdaebvVApHaqRjE,0.423,0.856,8,-6.163,1,0.0404,0.0307,0.918,0.672,0.0363,115.411
18,Deep End,John Summit,https://open.spotify.com/track/3Ez1aIT6ljEWE0W3qNhl62,0.797,0.843,1,-7.672,0,0.0442,0.00418,0.531,0.123,0.839,125.986
19,Energy,Stace Cadet,https://open.spotify.com/track/7gOdmNazfs5qdtsgWOB1Z4,0.703,0.822,5,-5.142,0,0.0366,0.000327,0.682,0.278,0.443,125.004
20,Believe - Edit,DJ Rose,https://open.spotify.com/track/44c6IGk7vd1BGrCqM63Ll1,0.743,0.959,6,-2.664,0,0.0525,0.0126,0.0855,0.323,0.463,124.01
21,Lift Your Energy,Eden Prince,https://open.spotify.com/track/3CGXClJ6703GVd4nF2SSQP,0.622,0.99,11,-5.5,0,0.0424,0.00126,0.612,0.696,0.643,124.008
22,Mothership Reconnection - Daft Punk Remix,Scott Grooves,https://open.spotify.com/track/2R8nCco4RSb4FBSYpKY093,0.835,0.739,6,-11.861,0,0.074,0.000335,0.635,0.297,0.706,125.003
23,What To Do - &ME Remix,Guy Gerber,https://open.spotify.com/track/0RMQgXHIBTsAVcaS7qahLq,0.904,0.727,7,-9.992,0,0.0591,6.54e-05,0.86,0.0737,0.408,122.001
24,Midnight (The Hanging Tree) [MK Remix] - Extended,HOSH,https://open.spotify.com/track/2DK7xt24ZtBqN9CcZAnGk7,0.669,0.773,9,-6.973,0,0.0381,0.000919,0.12,0.147,0.568,124.001
25,Lemonade,Michael Bibi,https://open.spotify.com/track/5LAbdYCh4FxdrGqMUcqJsQ,0.802,0.703,6,-8.252,0,0.0733,2.87e-05,0.903,0.0538,0.347,131.002
26,Otto's Chant,Skream,https://open.spotify.com/track/3j8PXtq0NN7QQVdNwkoFBe,0.807,0.835,9,-9.46,1,0.0843,0.00372,0.564,0.0852,0.826,128.0
27,Drive - Solardo Remix,Black Coffee,https://open.spotify.com/track/2QhaHctoqNidc3Rc8RdY44,0.65,0.786,4,-7.62,1,0.0378,0.000409,0.00299,0.127,0.496,125.049
28,Summer 91,Noizu,https://open.spotify.com/track/7pARbCUoO1CTzU5ucMEaVF,0.5,0.953,2,-5.606,1,0.0441,0.00598,0.000882,0.26,0.327,124.992
29,Tokyo Tech,Cele,https://open.spotify.com/track/0VS75tL66b01HcL9Si2Q1b,0.807,0.955,11,-6.299,1,0.0481,0.000133,0.576,0.0475,0.916,123.994
30,Dangerous (feat. Joywave) - Oliver Remix,Big Data,https://open.spotify.com/track/3PVukkbEGmJGoyJG2lfBPP,0.853,0.821,5,-3.954,1,0.0558,0.0433,0.0899,0.1,0.14,110.004
31,Warm Disco,Lee Foss,https://open.spotify.com/track/1s37NcntsTnvtgxoYMOq2n,0.729,0.939,8,-4.811,0,0.0417,0.0101,0.00434,0.108,0.747,125.008
32,Running - Disclosure Remix,Jessie Ware,https://open.spotify.com/track/43hFVXQcT9hpV7qE4HRue7,0.761,0.735,4,-7.586,0,0.206,0.0889,0.0518,0.876,0.351,124.952
33,One Fine Day,Idris Elba,https://open.spotify.com/track/1o5jzPyRHAD5BuDV1GsWPZ,0.697,0.915,7,-5.266,1,0.14,0.0193,9.3e-06,0.151,0.665,126.948
34,Wasting Time - Extended Mix,S-Man,https://open.spotify.com/track/0SpBgtwg3Q2Fv7bv2lwRVq,0.819,0.641,0,-9.168,0,0.054,0.000893,0.0131,0.0771,0.515,125.997
35,World To Me,Tchami,https://open.spotify.com/track/2Xm0gJh3KXqrBhXIvVjhBF,0.719,0.72,11,-4.799,1,0.049,0.00283,0.00698,0.0962,0.628,122.015
36,Starlight - Radio Edit,The Supermen Lovers,https://open.spotify.com/track/4UfupbARPxljVkBmuZlJnY,0.739,0.679,0,-5.079,1,0.0373,0.000424,0.0187,0.389,0.786,127.487
37,Lion King,Doozie,https://open.spotify.com/track/4zC4qat5Mm7blLYHQny5ud,0.748,0.862,0,-8.118,1,0.0829,0.00096,0.906,0.177,0.38,126.01
38,Jack The House,Matroda,https://open.spotify.com/track/3nN8KnTYudGFDX9ikIqiMo,0.733,0.963,2,-2.661,1,0.0744,0.00504,0.823,0.0875,0.643,123.969
39,Touch (Buy It Rework),Doozie,https://open.spotify.com/track/4lu6yfXhYuJPRCcZdjvZAy,0.891,0.571,1,-6.026,1,0.052,0.00149,0.624,0.234,0.233,123.018
40,Drop The Pressure - Sonny Fodera Remix,Claptone,https://open.spotify.com/track/0W3QlGq4NUOZvUnYjiJa6u,0.478,0.813,6,-7.872,1,0.0514,0.0221,0.251,0.357,0.437,123.713
41,Drop The Pressure - Purple Disco Machine Remix,Claptone,https://open.spotify.com/track/1BbFFGUQHuuB2NaN64tQ5J,0.806,0.769,11,-6.948,0,0.0597,0.0309,0.562,0.517,0.83,123.02
42,Drop The Pressure - MANT Remix,Claptone,https://open.spotify.com/track/3kGyArVrXgxgy1XEGdpZDU,0.803,0.885,9,-7.621,1,0.0577,0.0149,0.937,0.0372,0.574,128.02
43,Buy It - Original Mix,Audiotape,https://open.spotify.com/track/5KKxxzrqa9OiEdBXpo4Dx9,0.855,0.408,0,-7.544,1,0.0602,0.000737,0.815,0.0456,0.42,121.008
44,Deep Inside 2020,Matroda,https://open.spotify.com/track/5kHrTMIFqmZkuCkovsxRUs,0.8,0.902,1,-3.518,0,0.0648,0.00377,0.265,0.123,0.23,124.002
45,Cocaine Model,ZHU,https://open.spotify.com/track/5Z3trOR982mBrJcPfrLUsq,0.786,0.706,9,-6.212,0,0.0537,0.251,0.213,0.142,0.313,120.011
46,Faded - The Magician Remix,ZHU,https://open.spotify.com/track/59qV3ZHvW4brSd2TMznbs5,0.787,0.843,2,-5.821,1,0.0384,0.00212,0.0728,0.271,0.219,124.996
47,Faded - ODESZA Remix,ZHU,https://open.spotify.com/track/74tsW4h0WDYRpfD19gc10W,0.746,0.67,0,-5.072,1,0.0594,0.0408,0.194,0.133,0.629,125.016
48,Faded - Amtrac Remix,ZHU,https://open.spotify.com/track/6EM1RR1qvF8ZDrE0J4yW21,0.713,0.788,5,-7.065,0,0.0393,0.00148,0.63,0.885,0.161,128.011
49,Blame - Terrace Dub,Gorgon City,https://open.spotify.com/track/5v6TttdMtbvJ7nIJ4gPaaV,0.781,0.933,6,-7.277,0,0.0533,0.000958,0.00655,0.0498,0.69,125.012
50,Rabbit Hole - Solardo Remix,CamelPhat,https://open.spotify.com/track/5qcOjnVFfEO6kRglofHHI9,0.721,0.834,9,-8.661,0,0.0573,2.11e-05,0.572,0.115,0.596,127.004
51,Heal Me - Born Dirty Remix,FARR,https://open.spotify.com/track/5vn3QK8ROJdxkkfmgkDDk4,0.76,0.803,2,-6.106,1,0.0483,0.00777,0.0293,0.338,0.2,126.007
52,At Night - Kid Crème Club Mix,Shakedown,https://open.spotify.com/track/4TBOxwcoCfgs3j9COmEIl0,0.726,0.967,1,-7.643,1,0.0641,0.00211,0.851,0.531,0.876,124.997
53,House Every Weekend - Radio Edit,David Zowie,https://open.spotify.com/track/25SaEmU5GHzcP1kTaTS8FZ,0.791,0.574,0,-7.061,0,0.0673,0.324,0.0,0.102,0.406,122.053
54,Doses & Mimosas,Cherub,https://open.spotify.com/track/44CZRkOxv7UItaAUmh8PgN,0.775,0.655,5,-7.333,1,0.102,0.114,0.00016,0.035,0.346,114.503
55,Move Your Feet,Junior Senior,https://open.spotify.com/track/0DYTsIJg2SsTWbV6YGBqEa,0.752,0.91,9,-2.619,1,0.0841,0.0518,0.0716,0.261,0.837,118.876
56,Every Color (with Foster The People),Louis The Child,https://open.spotify.com/track/5wrmiwRiM8v52XuVElTm0k,0.771,0.747,5,-4.858,1,0.059,0.018,0.0024,0.343,0.333,124.985
57,Inside,Benny Benassi,https://open.spotify.com/track/3Lj1a7VYi0ebLyPmmBluQe,0.776,0.869,10,-6.466,1,0.0382,0.0392,0.0118,0.606,0.54,124.991
58,Fake Magic,Peking Duk,https://open.spotify.com/track/0lvXfUug5YmOHOyHgXufqF,0.726,0.862,4,-2.984,0,0.104,0.0408,0.2,0.63,0.701,101.982
59,Wasted,Peking Duk,https://open.spotify.com/track/6S5lBW22Re1UPKXjX7obLC,0.693,0.76,11,-5.433,1,0.0353,0.00169,0.000977,0.121,0.751,115.0
60,Wasted - SNBRN Remix,Peking Duk,https://open.spotify.com/track/1ksPWzjvIc9uUJ7AgSHqGC,0.75,0.744,8,-4.609,1,0.0537,4.41e-05,0.394,0.0689,0.763,124.015
61,The Way - John Summit & Kaysin Remix,Will Taylor (UK),https://open.spotify.com/track/6HxY6DJTzEhDVRLIENstrK,0.803,0.931,4,-6.509,0,0.0652,0.00729,0.883,0.061,0.609,126.002
62,Rinse & Repeat,Riton,https://open.spotify.com/track/5oYYYDhyPFPXjAn4TzymOC,0.787,0.719,1,-6.508,1,0.064,0.0442,0.00337,0.128,0.628,122.013
63,Tomorrow's World,Secondcity,https://open.spotify.com/track/6tJMmcD9wxehPuzJ6PksKs,0.618,0.848,5,-8.635,1,0.0946,7.43e-05,0.452,0.0635,0.289,126.001
64,Partylife,Stefano Ritteri,https://open.spotify.com/track/0YBrtkznaCyQlKXKoIWx4O,0.821,0.91,6,-7.628,0,0.0602,0.0643,0.0364,0.19,0.833,123.011
65,Power of Bass,Armand Van Helden,https://open.spotify.com/track/1zwFMk78PdZvl7ARj14yn6,0.606,0.96,9,-5.601,1,0.0506,1.41e-05,0.707,0.371,0.636,124.988
66,The Jam,Kideko,https://open.spotify.com/track/3eEStD7Va1vlaN5NBEbQmf,0.68,0.941,0,-8.093,1,0.0532,0.000817,0.621,0.0852,0.341,124.035
67,Missing You,Tchami,https://open.spotify.com/track/4qEtRQgbSdytg8HaWNTm6O,0.764,0.894,8,-3.996,1,0.0564,0.00273,0.00903,0.0525,0.679,126.993
68,Real Life,Duke Dumont,https://open.spotify.com/track/6jz9EMWHffNKVlZQVXOLoz,0.543,0.74,7,-5.187,0,0.0557,0.148,0.00358,0.142,0.6,123.915
69,Love Song - Will Clarke Remix,Duke Dumont,https://open.spotify.com/track/5r6TBu0Lo9ChU5VRXf0wnD,0.599,0.606,1,-9.123,1,0.0305,4.86e-05,0.517,0.117,0.391,126.014
70,Unapologetic Raver,Green Velvet,https://open.spotify.com/track/61I55PGFac6DCxsnEmC5eo,0.721,0.891,2,-7.115,1,0.148,0.0236,0.00489,0.138,0.575,126.974
71,House Arrest,Sofi Tukker,https://open.spotify.com/track/5QYKmxfPsl69GgeZKDAVSx,0.654,0.818,0,-6.27,0,0.0332,0.0187,0.103,0.0806,0.557,123.982
72,Body Roots,Marco Lys,https://open.spotify.com/track/3TCBssHlYOW1cmd3MNcUPX,0.641,0.933,7,-5.188,0,0.0453,0.000177,0.803,0.0393,0.662,125.016
73,Slip Slide,Chapter & Verse,https://open.spotify.com/track/3xBIuWszddOlPdxGY0GE6O,0.76,0.911,4,-7.839,0,0.0536,0.00993,0.731,0.121,0.8,125.981
74,Step It Up (feat. Sharlene Hector),Armand Van Helden,https://open.spotify.com/track/5S7V4vTRYCFSATzdh584PC,0.758,0.935,1,-2.834,0,0.0654,0.0516,7.28e-05,0.823,0.691,122.983
75,Oye Como Va,Faul & Wad,https://open.spotify.com/track/5XNixCaiTFx88y5wLhVMQR,0.751,0.984,2,-3.876,1,0.0564,0.0233,0.299,0.0439,0.962,125.995
76,Summertime Chi,Lee Foss,https://open.spotify.com/track/3HlPJZPGeUwU3MdTCpuzvj,0.673,0.816,2,-7.419,1,0.0354,0.00352,0.0252,0.491,0.388,126.005
77,Desire - Solomun Remix,Bob Moses,https://open.spotify.com/track/1KkeQzocQSAv0MZ8Z5lA6o,0.701,0.759,7,-7.725,1,0.0438,0.0118,0.719,0.11,0.232,119.999
78,Energy - LO'99 Remix,Stace Cadet,https://open.spotify.com/track/06kG0YACvSLMAtCR0HoL2Z,0.698,0.884,0,-5.046,1,0.0356,0.000423,0.926,0.28,0.247,126.018
79,Gravity - Edit,Lee Foss,https://open.spotify.com/track/2NRf8tMctKxEA0LpNxlSOP,0.799,0.749,0,-5.029,1,0.0625,0.000425,0.165,0.0317,0.684,126.018
80,Fur - Extended Mix,Endor,https://open.spotify.com/track/3BVOV5TfOcFrYabeqkwcqc,0.804,0.98,9,-8.787,1,0.0748,0.00475,0.566,0.0406,0.454,127.01
81,Let Me Love You,WEISS,https://open.spotify.com/track/2gYdkdRAy59oHjcVd2upUP,0.707,0.938,9,-3.186,0,0.0374,0.0351,0.00515,0.0195,0.898,122.967
82,Music Is The Answer - Hot Since 82 Dub,Joe Goddard,https://open.spotify.com/track/5M2Dtes0RKIbB0G2t0OCd6,0.685,0.974,7,-6.304,0,0.0364,0.000962,0.888,0.196,0.239,123.004
83,Deep Inside - Low Steppa Remix,Hardrive,https://open.spotify.com/track/6ZZ3cQvx4KvbdT4mBRG5Yq,0.809,0.941,9,-7.217,0,0.0814,0.00417,0.28,0.16,0.684,123.974
84,Live Without Your Love (with Steve Lacy) - Solardo Remix,Love Regenerator,https://open.spotify.com/track/0Pc8EBnjeOyBqcMZlVOLOj,0.719,0.873,11,-6.946,0,0.0438,0.000396,0.338,0.429,0.338,130.002
85,Turn Me On (feat. Vula) - Marshall Jefferson Anthem Mix,Riton,https://open.spotify.com/track/5wwYFxRblHS6eb93JARo1f,0.69,0.858,10,-4.824,0,0.0522,0.0156,0.000184,0.265,0.71,119.995
86,We Got That Cool (feat. Afrojack & Icona Pop),Yves V,https://open.spotify.com/track/2cFK03sObtI6AK3QKeOT5g,0.639,0.865,1,-5.01,1,0.0357,0.00462,1.26e-06,0.208,0.611,124.01
87,Gypsy Woman (She's Homeless) (La Da Dee La Da Da) - Radio Edit,Crystal Waters,https://open.spotify.com/track/4QAKfScH8kLJTbJqhb2jp2,0.645,0.779,9,-10.529,0,0.0315,0.000165,0.214,0.0941,0.453,120.007
88,Axel,Chapter & Verse,https://open.spotify.com/track/0hRXi9L8lVR2MAxawnUv9W,0.634,0.948,3,-5.375,0,0.0428,0.000503,0.892,0.0489,0.871,124.993
89,Dreams,Chapter & Verse,https://open.spotify.com/track/6joAxSuf0LJmmePThLldME,0.736,0.979,7,-3.79,1,0.0582,0.000365,0.878,0.0337,0.878,125.021
90,Who Sez - Extended Mix,Huxley,https://open.spotify.com/track/3cCgfNPJnb65CWrOVAfhpj,0.754,0.805,4,-8.015,1,0.0533,0.0239,0.516,0.088,0.0717,124.99
91,Girl - Extended Mix,KC Lights,https://open.spotify.com/track/0l3GhjA842GNqjOSSzjmBe,0.676,0.892,1,-8.536,1,0.0434,4.59e-05,0.738,0.0739,0.26,122.986
92,ily (i love you baby) (feat. Emilee),Surf Mesa,https://open.spotify.com/track/62aP9fBQKYKxi7PDXwcUAS,0.674,0.774,11,-7.567,0,0.0892,0.0686,0.00188,0.393,0.33,112.05
93,Deep End - SIDEPIECE Remix,John Summit,https://open.spotify.com/track/7JdiXX87BugXUDhQ89GEc8,0.763,0.665,11,-9.063,0,0.0807,0.122,0.0112,0.476,0.422,126.025
94,Mesmerize,Duck Sauce,https://open.spotify.com/track/1bTIcis2x6ll2lsnLK8ZUA,0.701,0.983,4,-3.517,1,0.0552,0.0399,0.223,0.0866,0.756,126.02
95,Come and Go - Dombresky Remix,TOKiMONSTA,https://open.spotify.com/track/5yNHdMA27nhu4vU2mRtXF0,0.878,0.918,0,-5.222,1,0.0662,0.0286,0.00267,0.336,0.83,126.03
96,Be The Reason,MADDOW,https://open.spotify.com/track/0SZwgddMn4DMCXmxjSLowH,0.58,0.821,6,-4.794,1,0.211,0.0106,0.00128,0.259,0.397,125.856
97,Better Without You (feat. Glowie) [TCTS & Saffron Stone VIP Mix],TCTS,https://open.spotify.com/track/4BUy2IDeo9xcsDyk3QZNDr,0.747,0.91,3,-4.574,0,0.0529,0.000677,0.491,0.0379,0.767,124.987
98,Suga - David Penn Remix,Technasia,https://open.spotify.com/track/6zX8bI8XoOXcLB8puqHRiH,0.8,0.979,0,-4.186,1,0.0488,0.00109,0.624,0.133,0.943,125.005
99,Falling - Sammy Porter Remix,G.N.R.T.,https://open.spotify.com/track/2gdz2Jb9s8E7rErZRIGNSt,0.802,0.972,6,-6.092,1,0.0525,0.0249,0.00194,0.13,0.64,125.001
