,name,artist,url,danceability,energy,key,loudness,mode,speechiness,acousticness,instrumentalness,liveness,valence,tempo
0,Urtha1,Sugi.wa,https://open.spotify.com/track/0YEf9AZ5rFo5mXeCoVcEMX,0.629,0.501,0,-10.805,0,0.0641,0.824,0.198,0.1,0.408,118.272
1,Self Control,Justice Der,https://open.spotify.com/track/5UmjHuYRItemped2xd3Qx4,0.599,0.013,5,-32.126,0,0.0348,0.988,0.911,0.129,0.359,94.972
2,Passionfruit,Justice Der,https://open.spotify.com/track/2T7iacVdKNRqijRYwlukrY,0.578,0.0549,4,-28.549,0,0.0409,0.98,0.968,0.106,0.418,122.892
3,Don't Kill My Vibe,Justice Der,https://open.spotify.com/track/7iZ3N3mKXPiQxT4eyTi1Xd,0.542,0.075,1,-26.353,1,0.0325,0.982,0.954,0.0899,0.385,129.947
4,Ghost Town,Justice Der,https://open.spotify.com/track/5QwOLjGSrPLcqPsIibmloW,0.402,0.0308,5,-26.744,1,0.034,0.981,0.929,0.0951,0.233,79.22
5,Home,Flovry,https://open.spotify.com/track/0s3FoP79832uxzMHgJFY5l,0.55,0.144,1,-14.365,0,0.13,0.929,0.817,0.0869,0.131,78.687
6,Headache,Bokki,https://open.spotify.com/track/22ECnbNX6WlUzr7gZelnlW,0.409,0.24,1,-16.824,1,0.0572,0.897,0.803,0.889,0.0387,118.909
7,Nikes,Justice Der,https://open.spotify.com/track/1MEOLBRp5lZ8PNa3qs4xEA,0.632,0.0443,5,-28.365,0,0.0329,0.985,0.959,0.105,0.152,68.052
8,New Light,Justice Der,https://open.spotify.com/track/56W6TEpSeTp5cOudLQdzCt,0.601,0.163,0,-25.287,1,0.0319,0.926,0.953,0.103,0.399,117.941
9,Astrothunder,Justice Der,https://open.spotify.com/track/2KTyoXHzbmkkRwgPKpSdul,0.466,0.135,6,-23.94,0,0.0456,0.948,0.952,0.109,0.558,140.939
10,Devil in a New Dress,Justice Der,https://open.spotify.com/track/6aJneGgPNc61r5uMaHcg4k,0.624,0.0576,11,-21.418,1,0.0626,0.971,0.949,0.0953,0.277,74.999
11,90210,Justice Der,https://open.spotify.com/track/3u9MvFgby1Q3wzJGeNYV44,0.673,0.177,9,-13.491,0,0.0523,0.946,0.894,0.109,0.244,121.515
12,Rare & Old,Nokiaa,https://open.spotify.com/track/6FFqomT8f3k8XXZxU6j2YR,0.381,0.494,2,-7.777,0,0.0547,0.42,0.906,0.134,0.171,75.746
13,when you left,Miscél,https://open.spotify.com/track/3S1CrNVfMJLZ1ejywwT6JA,0.652,0.0455,5,-13.159,0,0.0582,0.883,0.945,0.114,0.0795,76.216
14,controlla,Idealism,https://open.spotify.com/track/7woCxOw0jmj65ohlQ3x0tH,0.788,0.446,6,-9.812,1,0.0693,0.54,0.694,0.273,0.545,80.033
15,5:32pm,The Deli,https://open.spotify.com/track/7qrBYrivpvfXUPBMmqh3dA,0.691,0.186,10,-13.672,0,0.0487,0.686,0.934,0.0762,0.548,86.383
16,Chamomile Tea,Bluedoom,https://open.spotify.com/track/3bM03JVPclPybKPdtEPp1V,0.699,0.197,9,-16.411,0,0.0416,0.368,0.837,0.111,0.397,157.91
17,Downtown Downpour,Engelwood,https://open.spotify.com/track/3lVIsWbcY8k54zeCrsvW2H,0.699,0.24,8,-10.174,1,0.412,0.487,0.135,0.282,0.648,170.129
18,Affection,Jinsang,https://open.spotify.com/track/7MdZQXUBijQxcBkYz4G1Z5,0.698,0.193,1,-15.01,1,0.0902,0.914,0.937,0.0882,0.607,84.03
19,i'm closing my eyes,potsu,https://open.spotify.com/track/3NsuucK8qXpIJf7KPZX7vq,0.895,0.109,0,-13.853,0,0.0996,0.534,0.549,0.106,0.546,134.067
20,Love Is More Depressing Than Depression,prxz,https://open.spotify.com/track/7A0T4eb6jPhhQp3KQis6ww,0.75,0.227,0,-16.255,1,0.236,0.76,0.125,0.135,0.416,100.163
21,"sincerely, yours",Nohidea,https://open.spotify.com/track/3gV0E3N4uOcoNsbxLkGWkp,0.605,0.396,5,-11.301,0,0.0509,0.8,0.872,0.141,0.622,80.957
22,Amphetamine,Smino,https://open.spotify.com/track/3Zau3JcrZcBfw8aVjKGkSX,0.619,0.532,5,-9.554,1,0.515,0.715,1.33e-05,0.0953,0.401,120.019
