,name,artist,url,danceability,energy,key,loudness,mode,speechiness,acousticness,instrumentalness,liveness,valence,tempo
0,Southside Story (feat. Millie Go Lightly),Lil Gotit,https://open.spotify.com/track/65K7U6BD6Y2fYuFnPwbKWB,0.805,0.364,4,-12.73,0,0.159,0.346,0.0,0.108,0.368,120.863
1,Zaytoven Freestyle,Lil Gotit,https://open.spotify.com/track/4kMhtrIn0XBKOoBwUFdqiC,0.845,0.418,11,-13.453,0,0.241,0.339,0.0,0.11,0.476,113.084
2,Brotherly Love (feat. Lil Keed),Lil Gotit,https://open.spotify.com/track/2A4EOhlYFvuSu08RlsQ0WM,0.879,0.381,1,-11.495,1,0.437,0.0811,0.0,0.13,0.599,117.931
3,Trust Me,Lil Gotit,https://open.spotify.com/track/5MOCbaLcJ6zhdVpuZeqpD7,0.67,0.422,11,-9.638,0,0.359,0.38,0.0,0.0926,0.898,207.928
4,Free Melly (feat. Polo G),Lil Gotit,https://open.spotify.com/track/2OSsRreWZxMkmnFVMjSr8V,0.772,0.562,1,-6.993,0,0.136,0.435,0.0,0.108,0.504,75.465
5,G.I. Joe,Lil Gotit,https://open.spotify.com/track/13kHcXd4PzC1EycpeFMpgT,0.931,0.545,4,-8.353,0,0.279,0.17,0.0,0.0566,0.7,125.958
6,Hood Gunna (feat. Gunna),Lil Gotit,https://open.spotify.com/track/12DHm8dbjTmL7yT63Tf0MN,0.861,0.442,2,-8.138,1,0.262,0.226,0.0,0.16,0.171,128.111
7,Now,Lil Gotit,https://open.spotify.com/track/5ftkWU3phWxdL8wjujAmH5,0.84,0.493,0,-7.564,1,0.12,0.013,0.0,0.176,0.289,140.028
8,Drop The Top (feat. Lil Keed),Lil Gotit,https://open.spotify.com/track/2PLVGnZpAVnw7y1ESOKHIb,0.803,0.728,1,-5.597,0,0.102,0.162,0.0,0.161,0.782,77.512
9,Drip School (feat. Lil Durk),Lil Gotit,https://open.spotify.com/track/5XpDbw8WOCHL9FsuBL29yg,0.946,0.429,7,-11.941,1,0.418,0.257,0.0,0.11,0.964,120.13
10,Da Real HoodBabies,Lil Gotit,https://open.spotify.com/track/3WcEzmnr7KHmPOA71q3C6K,0.933,0.65,8,-6.122,1,0.185,0.0285,0.0,0.0581,0.901,135.027
11,Runnin Bands (feat. Lil Keed),Lil Gotit,https://open.spotify.com/track/08uSSn96OCdmM35FKBCjnO,0.909,0.389,1,-9.462,1,0.487,0.132,0.0,0.245,0.204,128.974
12,Worth It,Lil Gotit,https://open.spotify.com/track/52v67l0UJSj6XDXylKE3l9,0.813,0.501,6,-10.877,0,0.0652,0.293,3.62e-05,0.113,0.341,125.969
13,Paid In Full (Outro),Lil Gotit,https://open.spotify.com/track/2CqHAcs1lgrxEmLdRK64Zu,0.89,0.469,5,-9.168,0,0.322,0.037,0.0,0.111,0.53,77.465
14,Superstar (feat. Gunna),Lil Gotit,https://open.spotify.com/track/02AhEID4RzxH0Eu2nRED9q,0.931,0.541,1,-8.005,0,0.359,0.0116,0.0,0.106,0.214,133.955
15,Hell Yeah (feat. Lil Keed),Lil Gotit,https://open.spotify.com/track/5sF90uI7u05uR3S8h2fQFZ,0.829,0.524,2,-8.599,0,0.357,0.245,0.0,0.103,0.397,160.058
16,Mismatch (feat. Lil Duke),Lil Gotit,https://open.spotify.com/track/0JaVirt49YUBwklkLsKXu0,0.796,0.538,11,-8.526,0,0.113,0.00253,0.0,0.166,0.303,121.036
17,Golden One,Lil Gotit,https://open.spotify.com/track/3mnd0mPMGc7vBc2oKGlAWp,0.742,0.632,10,-8.975,0,0.206,0.00467,2.06e-06,0.112,0.246,155.064
18,Anybody (feat. Lil Duke & Gunna),Lil Keed,https://open.spotify.com/track/6ZhUSJUTNbCmvbbgwjhwGy,0.921,0.501,4,-7.446,0,0.366,0.102,0.0,0.115,0.241,119.935
19,HBS,Lil Keed,https://open.spotify.com/track/0uYMerBHiIHrCv9FHfzUMe,0.918,0.394,0,-10.786,0,0.32,0.216,0.0,0.085,0.441,120.016
20,Snake,Lil Keed,https://open.spotify.com/track/3wdnX9UwfyXkNq0FJVhQQD,0.943,0.443,7,-10.098,0,0.138,0.188,0.00225,0.282,0.621,109.908
21,Pull Up (feat. Lil Uzi Vert & YNW Melly),Lil Keed,https://open.spotify.com/track/2rFXS1iNJqCUrcU21fJfe7,0.873,0.452,0,-7.124,0,0.369,0.0474,0.0,0.0495,0.585,77.031
22,Red Hot (feat. Trippie Redd),Lil Keed,https://open.spotify.com/track/596cvRw6BN7MehWwoW9Jfm,0.674,0.423,0,-10.743,1,0.164,0.03,0.0,0.391,0.239,147.18
23,Balenciaga (feat. 21 Savage),Lil Keed,https://open.spotify.com/track/6djNCvsOpseUl83uWqAl6A,0.868,0.442,5,-8.37,1,0.23,0.0317,0.0,0.0891,0.485,77.532
24,It's Up Freestyle,Lil Keed,https://open.spotify.com/track/6bv4WvcUsV2gZXl54d3yst,0.859,0.391,7,-10.252,0,0.701,0.0216,0.0,0.0968,0.354,157.037
25,Nameless,Lil Keed,https://open.spotify.com/track/4itETlhUWW6GFzYZwEL8do,0.875,0.568,11,-8.619,0,0.34,0.0357,0.0,0.113,0.648,140.082
26,Accomplishments,Zaytoven,https://open.spotify.com/track/1n760oPAl7dDkGBkvKzFY6,0.912,0.788,5,-5.216,0,0.336,0.0478,0.0,0.127,0.756,130.049
27,Million Dollar Mansion (feat. Young Thug),Lil Keed,https://open.spotify.com/track/5Y7V6bjD1rTLuSZIgASIyE,0.892,0.466,6,-8.184,0,0.408,0.036,0.0,0.122,0.371,81.02
28,Tip Top (feat. Guap Tarantino & MSA PG),Lil Keed,https://open.spotify.com/track/0HUPtXVZsyxUrSEJyGwRMc,0.903,0.582,4,-7.708,0,0.308,0.0518,0.0,0.286,0.374,129.953
29,Pass It Out (feat. Lil Gotit),Lil Keed,https://open.spotify.com/track/6Xv2ngZCUvZF6wunwuSrcH,0.901,0.549,2,-7.36,1,0.208,0.0629,2.19e-06,0.0991,0.582,84.035
30,Real Hood Baby (feat. Stickbaby),Lil Keed,https://open.spotify.com/track/6eSyGRVNbp3aKU7g6uQFnl,0.947,0.471,10,-7.391,0,0.277,0.0765,0.0,0.1,0.347,126.976
31,Fear of God,Lil Keed,https://open.spotify.com/track/3helsZp4P7YsuwIRHsIMLO,0.866,0.487,9,-7.163,0,0.328,0.0323,0.0,0.0864,0.442,136.935
32,Wop Remix (feat. Lil Yachty),Lil Keed,https://open.spotify.com/track/73XdfZ2FVlTrxsSr0r3U8N,0.797,0.444,7,-8.679,0,0.193,0.161,0.0,0.17,0.315,74.996
33,Reloaded,Zaytoven,https://open.spotify.com/track/5YHCLYzDo2qgsSQZZP6fPk,0.853,0.549,1,-4.897,0,0.212,0.319,0.0,0.0829,0.465,113.958
34,G5 (feat. DYN Finesse),Zaytoven,https://open.spotify.com/track/0yvhI6Ara0M7Rx1T7rPyIy,0.886,0.586,5,-4.904,0,0.311,0.0333,0.0,0.0863,0.184,120.096
35,Real Slime,Zaytoven,https://open.spotify.com/track/4uI4y9pdddFVxegBLhgK9D,0.922,0.521,1,-4.448,0,0.228,0.021,0.0,0.113,0.218,140.985
36,Bobble Head,Zaytoven,https://open.spotify.com/track/3DZpwAjKYZCW4UwmOOg5VO,0.879,0.847,8,-6.853,0,0.264,0.111,0.0,0.23,0.77,122.163
37,Drip Jacker,Zaytoven,https://open.spotify.com/track/2MxYV8Ab38w8umOKwFIY0F,0.915,0.727,0,-6.477,0,0.298,0.0221,0.0,0.0772,0.713,128.019
38,Hightop Shoes,Zaytoven,https://open.spotify.com/track/6N13rM9duQEKd5Tir6vdhd,0.923,0.602,1,-4.955,1,0.359,0.0286,0.0,0.3,0.571,129.996
39,A-Team (You Ain't Safe),Zaytoven,https://open.spotify.com/track/50aCpYfh8ex0tq2VQId8HI,0.811,0.764,8,-4.01,0,0.245,0.0451,0.0,0.0909,0.602,129.928
40,Yeah Yeah (feat. Future & Lil Keed),Lil Gotit,https://open.spotify.com/track/5uROp9TdsF7ScCwyEnfMRQ,0.786,0.545,2,-8.093,1,0.108,0.0198,6.25e-05,0.322,0.104,134.039
41,Off-White (feat. Lil Keed),Lil Gotit,https://open.spotify.com/track/2yPTOHrlWmlwMMHrgtVa8M,0.91,0.442,1,-8.876,1,0.183,0.0115,0.0,0.263,0.261,116.12
42,Crazy Thoughts,Lil Gotit,https://open.spotify.com/track/2z5vp3lhHWDC0CeXJLyIDQ,0.733,0.599,11,-7.029,1,0.33,0.247,0.0,0.118,0.544,119.945
43,Drip Day N Night (feat. Gunna & Lil Keed),Lil Gotit,https://open.spotify.com/track/0i07eiCpmj8MkXkf2Xu6lv,0.872,0.515,1,-10.14,1,0.25,0.338,0.0,0.0887,0.515,129.961
44,No Kizzy,Lil Gotit,https://open.spotify.com/track/5mIihWQEDfdkOdCqXO3Nn2,0.733,0.609,2,-10.247,0,0.522,0.0618,0.0,0.0928,0.69,180.17
45,Karate Kid (feat. Uno Freaky),Lil Gotit,https://open.spotify.com/track/1VmlzacC20piJljSaM2giV,0.846,0.44,1,-10.487,1,0.31,0.103,8.76e-05,0.112,0.639,118.88
46,Bricks In The Attic,Lil Gotit,https://open.spotify.com/track/7sIk7UVi4Mk5jGReFFeKHz,0.874,0.486,7,-10.706,0,0.451,0.048,0.0,0.15,0.78,126.973
47,Toe Tag (feat. SG Kendall & Lil Yachty),Lil Gotit,https://open.spotify.com/track/2juUqwx0Bx1srKTzi9Wooq,0.897,0.377,1,-11.397,0,0.601,0.0874,0.0,0.113,0.401,119.963
48,Cartier Glass,Lil Gotit,https://open.spotify.com/track/2jjqQ6HC5zntksAXfrccME,0.928,0.446,2,-10.351,1,0.608,0.039,0.0,0.0498,0.39,124.0
49,Rockstar Lifestyle (feat. Dae Dae),Zaytoven,https://open.spotify.com/track/2oQzrnOwvnDSBLRiLAjypz,0.868,0.707,7,-5.157,0,0.291,0.144,0.0,0.081,0.661,137.964
50,Wavy,Lil Keed,https://open.spotify.com/track/55pw5x631GTP2YLGti7gAg,0.89,0.472,8,-7.023,1,0.401,0.0643,0.0,0.108,0.338,76.009
51,Fox 5 (feat. Gunna),Lil Keed,https://open.spotify.com/track/0fo53bqWHuxcAsi28m51tx,0.975,0.535,5,-7.34,1,0.265,0.0488,3.22e-05,0.118,0.843,119.989
52,What It Was (feat. Future),Lil Gotit,https://open.spotify.com/track/2q5NtOWy57wzao7RjMvXOM,0.787,0.501,1,-9.132,1,0.25,0.0857,1.21e-05,0.115,0.361,133.994
53,Tighten Up,Lil Keed,https://open.spotify.com/track/5bxW9IPTaIdfksDbVXHEdY,0.906,0.525,4,-7.121,0,0.271,0.374,0.0,0.0824,0.557,106.853
54,Intro,Lil Keed,https://open.spotify.com/track/3TGwrtic8XGcl57jSEgi1Z,0.829,0.547,1,-7.204,0,0.235,0.0229,1.06e-05,0.185,0.184,73.483
55,Cold World,Lil Keed,https://open.spotify.com/track/6cdhpy0wjCPDxo4D5jL7Ib,0.745,0.536,5,-6.41,0,0.102,0.0892,0.0,0.245,0.514,157.961
56,Don’t Stop (feat. Ty Dolla $ign),Lil Keed,https://open.spotify.com/track/3YMyk0joMeyEaUumSRSJzi,0.903,0.609,5,-7.485,1,0.0825,0.332,0.0,0.127,0.831,125.053
57,Grandparents,Lil Keed,https://open.spotify.com/track/6Az6zcVElCFQvo9OUVFexp,0.954,0.524,7,-8.278,0,0.131,0.109,0.0,0.123,0.42,115.926
58,Zaza (feat. Future),Lil Keed,https://open.spotify.com/track/3j1WBK1zvZd0oosBisQoOp,0.864,0.559,5,-8.343,0,0.234,0.0518,0.0,0.0857,0.311,119.969
59,Show Me What You Got (feat. O.T. Genasis),Lil Keed,https://open.spotify.com/track/3JBYcr4jZi4WoAW4BiBoOv,0.888,0.458,5,-6.975,0,0.254,0.0317,0.0,0.128,0.096,126.958
60,Tellin Ya (feat. Lil PJ),Lil Gotit,https://open.spotify.com/track/00TxSiyaZAqr0xUpGEe55s,0.765,0.422,1,-8.764,0,0.485,0.104,0.0,0.107,0.267,153.942
61,Big Order,Lil Keed,https://open.spotify.com/track/2JIuPhWlhmtqppzGugiqcG,0.935,0.62,7,-7.865,1,0.28,0.0404,0.0,0.117,0.516,111.034
62,Dead Doc (feat. Lil Gotit),Lil Keed,https://open.spotify.com/track/1WMCZdgFZzcG4FQPRWH6Kf,0.932,0.541,1,-7.789,1,0.353,0.0479,1.28e-06,0.101,0.298,116.974
63,Currency Chaser,Lil Keed,https://open.spotify.com/track/6U0CfixEYbhuEbHRAXUni5,0.823,0.543,5,-8.595,0,0.541,0.334,0.0,0.0934,0.502,148.022
64,Bangin N Hangin,Lil Keed,https://open.spotify.com/track/61o16TV7e4owNXGZ8L4sCZ,0.883,0.52,7,-9.313,0,0.461,0.101,0.0,0.112,0.353,77.918
65,Noticed (feat. Lil Duke & Yak Gotti),Lil Keed,https://open.spotify.com/track/6VVqhLmAJ3QL9ZDeFaoeOV,0.865,0.453,6,-8.205,0,0.25,0.238,0.0,0.18,0.413,135.044
66,Cuttin,Lil Keed,https://open.spotify.com/track/3N7PS1ICjiqvspj37q13Zk,0.949,0.581,8,-8.426,0,0.293,0.0428,0.0,0.111,0.557,127.068
67,Swap It Out (feat. Lil Duke),Lil Keed,https://open.spotify.com/track/1eNK2dRod6oZv2eVNJS0Ej,0.971,0.275,10,-11.1,0,0.38,0.0849,0.0,0.112,0.37,114.975
68,Wok,Lil Gotit,https://open.spotify.com/track/56wNHSmwPpaMnedMETFdX4,0.799,0.686,11,-5.691,0,0.268,0.131,0.0,0.202,0.5,113.989
69,Burnt N Turnt (feat. NAV),Lil Gotit,https://open.spotify.com/track/6CLT0fZaePeeV1NnRutDSQ,0.943,0.537,10,-6.855,0,0.256,0.342,0.0,0.19,0.59,122.008
70,Live With 10fifty,Lil Gotit,https://open.spotify.com/track/0pe4SRUDjX9eDIBgDVwJ4C,0.864,0.569,8,-9.369,0,0.274,0.17,0.0,0.103,0.4,137.071
71,Work Out (feat. Gunna),Lil Gotit,https://open.spotify.com/track/4UJeXZFCYzT6GcQgsCaTpv,0.921,0.401,1,-7.273,1,0.425,0.001,3.23e-05,0.112,0.101,131.025
72,Playa Chanel (feat. Young Thug),Lil Gotit,https://open.spotify.com/track/4VMu6AxXAJevZZRawp1RXd,0.821,0.773,10,-6.651,1,0.27,0.028,0.0,0.131,0.476,148.041
73,Get N Dere Gang (feat. Lil Keed & Yak Gotti),Lil Gotit,https://open.spotify.com/track/1cbmLrUhphmY5l4dKnjvyX,0.893,0.52,10,-11.596,0,0.39,0.00634,4.42e-05,0.103,0.482,137.973
74,McNair,Lil Gotit,https://open.spotify.com/track/4vpUGG8ptOIo8xJEenTw54,0.916,0.484,6,-8.854,0,0.256,0.0183,5.24e-06,0.111,0.127,130.05
75,She Know It,Lil Gotit,https://open.spotify.com/track/07L33zaQbYewmYsNSSOxtf,0.896,0.443,2,-7.716,1,0.455,0.00734,0.0,0.125,0.0737,119.97
76,Noddin Off (feat. Yak Gotti),Lil Gotit,https://open.spotify.com/track/13NnzfS6UmSmzPY8lnma92,0.88,0.632,10,-6.205,0,0.119,0.0944,0.0,0.134,0.474,120.053
77,Shut the Door,Lil Gotit,https://open.spotify.com/track/57sjMDbDEpsY3sPV7LGJtf,0.915,0.512,1,-7.517,0,0.308,0.11,0.0,0.107,0.734,122.003
78,Now We Getting Money (feat. Lil PJ & Lil Keed),Lil Gotit,https://open.spotify.com/track/1yidpE3hzPhJzcQxXVJnvT,0.882,0.688,6,-7.127,0,0.232,0.0847,0.0,0.106,0.935,120.018
79,Take Care (feat. Toosii & Millie Go Lightly),Lil Gotit,https://open.spotify.com/track/04Tbq7KTYUYYE3ReC40eSM,0.852,0.672,8,-6.444,0,0.218,0.0683,0.0,0.12,0.395,133.891
80,Rich Shit,Lil Gotit,https://open.spotify.com/track/29uJqsQwlbLKA797fTo4hi,0.886,0.534,1,-7.913,0,0.358,0.182,0.0,0.111,0.72,96.956
81,Night 2 Remember (feat. Ty Dolla $ign),Lil Gotit,https://open.spotify.com/track/2kqFjM5tcVAEt7aGzC1j31,0.832,0.591,7,-7.732,1,0.2,0.00144,0.0,0.174,0.643,135.008
