,name,artist,url,danceability,energy,key,loudness,mode,speechiness,acousticness,instrumentalness,liveness,valence,tempo
0,She Will,Lil Wayne,https://open.spotify.com/track/3FFcZZq3Z3EJrhUecwcMdG,0.364,0.841,8,-4.831,1,0.119,0.000402,0.0,0.242,0.0837,100.14
1,HYFR (Hell Ya Fucking Right),Drake,https://open.spotify.com/track/0m1KYWlT6LhFRBDVq9UNx4,0.444,0.627,7,-8.744,0,0.252,0.123,0.0,0.0795,0.359,98.21
2,MegaMan,Lil Wayne,https://open.spotify.com/track/00NUqFMIpCsrYPbM9YpVHQ,0.504,0.856,11,-5.024,0,0.286,0.0114,0.0,0.256,0.335,101.866
3,Faded,Tyga,https://open.spotify.com/track/2NRUU0gP1d8Yif8CpsCW8l,0.831,0.667,1,-8.438,1,0.188,0.0103,0.0,0.35,0.339,95.073
4,Headlines,Drake,https://open.spotify.com/track/6LxSe8YmdPxy095Ux6znaQ,0.636,0.566,6,-7.16,0,0.106,0.365,0.000353,0.0917,0.425,151.894
5,Miss Me,Drake,https://open.spotify.com/track/1U4mweNwisxNj23ffuC9gO,0.426,0.862,2,-5.979,1,0.597,0.0813,0.0,0.34,0.332,100.3
6,No Worries,Lil Wayne,https://open.spotify.com/track/2DLsQuwxEdXt2yp54vw355,0.844,0.592,5,-5.486,1,0.199,0.085,0.0,0.0817,0.819,128.033
7,I'm Goin In,Drake,https://open.spotify.com/track/5aooThgj87ID0vgiyvcjPM,0.662,0.763,1,-8.455,1,0.377,0.0389,0.0,0.103,0.566,170.031
8,"My Moment (feat. 2 Chainz, Meek Mill and Jeremih)",DJ Drama,https://open.spotify.com/track/6JVroX8e45PFqUKuVkLgPs,0.456,0.76,1,-3.015,0,0.0988,0.0337,0.0,0.228,0.189,148.063
9,What’s Next,Drake,https://open.spotify.com/track/3aQem4jVGdhtg116TmJnHz,0.781,0.594,0,-6.959,0,0.0485,0.0136,0.0,0.162,0.0628,129.895
10,I'm On One,DJ Khaled,https://open.spotify.com/track/608a1wIsSd5KzMEqm1O7w3,0.413,0.807,11,-3.499,0,0.318,0.0536,0.0,0.631,0.438,149.33
11,No Lie,2 Chainz,https://open.spotify.com/track/6j9iyrrmqWlQZ5SD1hSTaq,0.634,0.665,6,-5.984,0,0.176,0.0172,0.0,0.365,0.611,131.108
12,Love Me,Lil Wayne,https://open.spotify.com/track/7tGlzXJv6GD5e5qlu5YmDg,0.674,0.608,8,-6.628,0,0.0334,0.0119,0.0,0.103,0.464,124.952
13,Forever,Drake,https://open.spotify.com/track/5UsLjwBaTHBX4ektWIr4XX,0.457,0.906,5,-2.278,0,0.342,0.249,0.0,0.182,0.54,104.02
14,Believe Me,Lil Wayne,https://open.spotify.com/track/6t2eIONH4Sax3R21QWiKNp,0.844,0.491,10,-8.807,0,0.17,0.272,0.0,0.111,0.196,91.935
15,Up All Night,Drake,https://open.spotify.com/track/75L0qdzRnhwV62UXoNq3pE,0.606,0.811,7,-4.667,1,0.278,0.00782,1.49e-05,0.349,0.276,156.347
16,Over,Drake,https://open.spotify.com/track/6BdgtqiV3oXNqBikezwdvC,0.35,0.845,7,-5.614,1,0.2,0.0107,0.0,0.123,0.45,99.643
17,Make Me Proud,Drake,https://open.spotify.com/track/7yfg0Eer6UZZt5tZ1XdsWz,0.684,0.486,1,-10.155,1,0.132,0.00268,0.000148,0.157,0.355,131.913
18,The Motto,Drake,https://open.spotify.com/track/4Kz4RdRCceaA9VgTqBhBfa,0.766,0.442,1,-8.558,1,0.356,0.000107,6.12e-05,0.111,0.39,201.8
19,Money To Blow - Street Version,Birdman,https://open.spotify.com/track/4gaz3uvhKgO078XcdzyPsl,0.709,0.579,6,-8.686,1,0.063,0.00934,0.0,0.353,0.697,133.028
20,Right Above It,Lil Wayne,https://open.spotify.com/track/1kMuU3TNQvHbqvXCWBodmP,0.376,0.841,3,-4.348,0,0.356,0.0435,0.0,0.578,0.463,76.052
21,Stuntin' Like My Daddy - Street,Birdman,https://open.spotify.com/track/3rMyMv8EjKXoPnaRo2hdJN,0.71,0.881,5,-6.648,0,0.0398,0.00908,0.0,0.162,0.809,160.011
22,Bill Gates,Lil Wayne,https://open.spotify.com/track/610FzmkhFSsORpECZbjT4X,0.564,0.798,7,-5.392,1,0.227,0.274,3.44e-05,0.129,0.669,90.67
23,Aston Martin Music,Rick Ross,https://open.spotify.com/track/5W7xC99N2Zzfh69r7I7zWK,0.57,0.58,1,-5.547,1,0.21,0.0124,0.0,0.0498,0.404,171.812
24,EveryGirl In The World,Young Money,https://open.spotify.com/track/1EjzkhMFJgl08Qkn2uDV1d,0.605,0.744,4,-5.5,1,0.252,0.00291,0.0,0.319,0.743,76.171
25,We In This 1.5 (feat. Drake and Future),DJ Drama,https://open.spotify.com/track/4eAYIdhLES5fHdxcj2JdQK,0.402,0.839,4,-4.921,0,0.119,0.169,0.0,0.442,0.525,153.985
26,Fire Flame,Birdman,https://open.spotify.com/track/2U0tVw78WKa3Xd9NhBEwMF,0.652,0.7,8,-2.908,0,0.139,0.000679,0.0,0.184,0.628,148.119
27,"5500 Degrees (feat. Lil Baby, 42 Dugg & Rylo Rodriguez)",EST Gee,https://open.spotify.com/track/6uTID2glulLOXYhcwMETS1,0.843,0.697,7,-6.542,1,0.349,0.0215,0.0,0.144,0.792,98.081
28,Uptown (feat. Bun B & Lil Wayne),Drake,https://open.spotify.com/track/0q7LGcVSpsIoSbjChtZ8lI,0.416,0.824,1,-3.075,1,0.343,0.00391,0.0,0.104,0.417,85.433
29,Mercy,Kanye West,https://open.spotify.com/track/4qikXelSRKvoCqFcHLB2H2,0.563,0.496,6,-9.381,0,0.406,0.0685,5.8e-05,0.173,0.426,139.993
30,6 Foot 7 Foot,Lil Wayne,https://open.spotify.com/track/6BCs8vxnGgKL9eMCOrG2wm,0.365,0.751,2,-5.429,1,0.304,0.000707,0.0,0.318,0.604,79.119
31,Tapout,Rich Gang,https://open.spotify.com/track/2kEDuZRwYUoQLIYKpQfKWa,0.738,0.547,8,-6.54,1,0.133,0.0522,1.23e-06,0.109,0.306,142.052
32,We Been On,Rich Gang,https://open.spotify.com/track/4TJiMveXnE5R9d55HUpr6T,0.73,0.697,11,-7.619,0,0.0484,0.0154,0.0,0.109,0.393,121.044
33,You're a Jerk,New Boyz,https://open.spotify.com/track/30QbrkRLEimw7HWXb7ntrU,0.931,0.456,4,-6.206,1,0.348,0.153,0.0,0.0914,0.522,99.048
34,My Mind,NAV,https://open.spotify.com/track/4TucnqHh162g9sgIoC7Mh1,0.726,0.728,8,-5.586,0,0.0907,0.0407,0.0,0.251,0.627,143.019
35,Good For It,NAV,https://open.spotify.com/track/2Bli1Wbi5mRa1BcVJaZ1m4,0.781,0.792,9,-6.68,0,0.358,0.0051,0.0,0.563,0.527,160.042
36,Up,NAV,https://open.spotify.com/track/5qbcsZMwL0x46sX7VO37Ye,0.66,0.491,8,-6.645,0,0.101,0.0338,0.0,0.101,0.376,154.132
37,Perfect Timing (Intro),NAV,https://open.spotify.com/track/5Od0M7jp6IODTPW0cygHgu,0.784,0.476,8,-9.963,1,0.328,0.0737,0.000779,0.221,0.187,77.059
38,I Am,NAV,https://open.spotify.com/track/5DdZBFXxrE6XeMFV3wmuAl,0.632,0.47,7,-9.197,0,0.0671,0.103,5.16e-05,0.0927,0.138,142.112
39,Did You See NAV?,NAV,https://open.spotify.com/track/4KvXkK07Xyxix6k4Hi60Ia,0.883,0.456,1,-8.338,1,0.0664,0.0122,7.19e-05,0.114,0.13,130.445
40,Life Is Good (feat. Drake),Future,https://open.spotify.com/track/5yY9lUy8nbvjM1Uyo1Uqoc,0.676,0.609,2,-5.831,0,0.481,0.0706,0.0,0.152,0.508,142.037
41,How Bout Now,Drake,https://open.spotify.com/track/4n4BflhWjCHIxrI4v7Xt9s,0.789,0.404,1,-8.364,1,0.23,0.205,0.0,0.219,0.472,122.062
