,name,artist,url,danceability,energy,key,loudness,mode,speechiness,acousticness,instrumentalness,liveness,valence,tempo
0,I’m Sorry,Lil Yachty,https://open.spotify.com/track/7jUiGAv76iyD7iJqRiqCA6,0.706,0.35,0,-12.578,1,0.046,0.606,0.000533,0.0708,0.105,100.005
1,Fucked Over,Lil Yachty,https://open.spotify.com/track/0msYrhDilTZDyeTuayebkA,0.623,0.607,7,-5.776,1,0.0848,0.5,1.9e-06,0.0726,0.614,133.127
2,One Night,Lil Yachty,https://open.spotify.com/track/40yJGQyEaBbIkXpwMFkXip,0.764,0.475,0,-12.618,1,0.114,0.345,0.0,0.14,0.34,129.974
3,Good Day,Lil Yachty,https://open.spotify.com/track/5kTcn6soPpikfUs81EprLj,0.834,0.662,4,-5.202,0,0.0866,0.109,0.0,0.253,0.143,109.085
4,Wanna Be Us,Lil Yachty,https://open.spotify.com/track/7qqOmEfeTPgjBsm1Qm98eg,0.4,0.705,0,-5.238,1,0.0484,0.0167,0.0,0.115,0.294,90.047
5,IDK,Lil Yachty,https://open.spotify.com/track/30yhsfFMKoS9XVuJqtVKAf,0.781,0.387,2,-7.994,0,0.375,0.64,2.7e-05,0.109,0.402,89.996
6,Pretty,Lil Yachty,https://open.spotify.com/track/4qgD6azgu3MU26bLi06hR1,0.644,0.497,0,-8.412,1,0.0602,0.12,1.77e-06,0.103,0.101,121.936
7,Yeah Yeah,Lil Yachty,https://open.spotify.com/track/2nT6eBvX3BAMXtnTnOgvig,0.849,0.452,2,-6.014,1,0.472,0.483,5.87e-05,0.0882,0.413,119.781
8,Life Goes On,Lil Yachty,https://open.spotify.com/track/23bjFnLMpsYWRiwyMnN0b5,0.553,0.564,7,-4.625,0,0.103,0.0634,0.0,0.111,0.106,129.916
9,Such Ease,Lil Yachty,https://open.spotify.com/track/7AbRMLqnc2uEgyVvW4U1Jz,0.568,0.502,2,-5.878,1,0.0618,0.343,0.0,0.17,0.258,131.99
10,Been Thru a Lot,Tm88,https://open.spotify.com/track/65D4I8RnA9AN9pcSOyOq1n,0.813,0.526,11,-11.992,0,0.193,0.337,0.0,0.105,0.394,126.987
11,Intro (First Day Of Summer),Lil Yachty,https://open.spotify.com/track/3W7X1Zrxh5OQP2ncjs5QO4,0.654,0.709,0,-6.539,1,0.478,0.598,0.0,0.0922,0.182,140.147
12,So Many People,Lil Yachty,https://open.spotify.com/track/47TRdvvwqfPLexcCItJ6IA,0.659,0.534,10,-7.606,1,0.305,0.705,0.0143,0.34,0.364,172.95
