,name,artist,url,danceability,energy,key,loudness,mode,speechiness,acousticness,instrumentalness,liveness,valence,tempo
0,California Breeze,Lil Baby,https://open.spotify.com/track/6ug9fUi5oLLgQgOF1G8WkM,0.738,0.666,5,-6.97,0,0.455,0.00361,0.0,0.107,0.215,161.734
1,From Nothing (feat. Lil Tjay & Don Q),Jay Gwuapo,https://open.spotify.com/track/4nyVuAhz2ZVFimXck6MG3b,0.723,0.681,1,-5.913,1,0.24,0.239,0.0,0.097,0.313,145.117
2,call me out,Austin Skinner,https://open.spotify.com/track/55FCxADZscwmG1rScpmLZm,0.673,0.439,10,-10.93,0,0.0465,0.0153,5.42e-06,0.131,0.109,132.065
3,Losing Control,Odd Mob,https://open.spotify.com/track/4LwxeWSBu0LQtEyGLb6FVP,0.711,0.748,0,-6.524,1,0.0521,0.0493,0.765,0.316,0.254,134.014
4,I Did It,A Boogie Wit da Hoodie,https://open.spotify.com/track/18yllZD0TdF7ykcREib8Z1,0.718,0.454,8,-9.012,1,0.127,0.153,4.6e-05,0.116,0.196,89.483
5,Seismic,AC Slater,https://open.spotify.com/track/7pZJ7jGR6skYEkIYpjIE8b,0.508,0.729,10,-6.424,0,0.207,0.0508,0.867,0.161,0.335,128.031
6,Daily Routine,SVNF8,https://open.spotify.com/track/4evAhz9tfvhKnkyFqaKNjJ,0.857,0.815,8,-5.166,1,0.124,0.0516,0.00934,0.304,0.649,126.994
7,IF iT Ain'T rIGHt (feat. A Boogie wit da Hoodie),Tory Lanez,https://open.spotify.com/track/3Kw6Ac2nvp4vRj9UTs0pyr,0.655,0.773,9,-4.411,0,0.226,0.145,0.0,0.44,0.663,155.942
8,White Tee (with NO1-NOAH),Summer Walker,https://open.spotify.com/track/5m0eMnsWwzgGsUxe1mhFYR,0.791,0.366,1,-8.337,1,0.0966,0.744,7.24e-06,0.106,0.335,124.878
9,Pour Your Heart Out (feat. 070 Shake),RL Grime,https://open.spotify.com/track/4p16E9c9Ig6xFMGS3Y82mT,0.494,0.917,7,-3.302,0,0.144,0.0381,0.0,0.0943,0.178,145.847
10,Energy,Drake,https://open.spotify.com/track/79XrkTOfV1AqySNjVlygpW,0.747,0.571,11,-7.916,1,0.478,0.38,0.0,0.534,0.553,172.104
11,7969 Santa,Drake,https://open.spotify.com/track/1GpWY5RiInhezB8wGWs6oN,0.487,0.49,10,-9.373,0,0.0649,0.554,0.0,0.126,0.325,141.389
12,The Funk,Andre Zimmer,https://open.spotify.com/track/4JqhSnFYbMwGGFRUIIFfnd,0.793,0.896,10,-7.778,0,0.105,0.00174,0.485,0.313,0.766,128.007
13,Wake Up,Dom Corleo,https://open.spotify.com/track/5rfMpJorQrwpvCOfDM7Q5L,0.752,0.411,11,-8.407,0,0.0965,0.0242,0.0,0.168,0.458,137.037
14,Cheddar,Chemical Surf,https://open.spotify.com/track/4jQ1znmB8AsspShTRS1Uwz,0.886,0.917,8,-7.377,1,0.172,0.00253,0.18,0.0404,0.121,123.988
15,Body Pump - Lady Bee Remix,Aluna,https://open.spotify.com/track/5PkJ2ssBCzKHaztJVASw2b,0.667,0.927,10,-6.183,0,0.0489,0.00265,0.103,0.108,0.544,122.997
16,Bimbo Doll,Tila Tsoli,https://open.spotify.com/track/3mT3nS7uqcSrw7rPvHs8oq,0.711,0.851,3,-9.702,1,0.0713,0.00553,0.949,0.165,0.621,159.998
