,name,artist,url,danceability,energy,key,loudness,mode,speechiness,acousticness,instrumentalness,liveness,valence,tempo
0,Moon Groove - AC Slater Remix,Noizu,https://open.spotify.com/track/1S2iRa3oSjGHvs462CtNht,0.801,0.875,6,-5.522,0,0.0835,0.00225,0.598,0.076,0.379,128.026
1,Siren,Eleganto,https://open.spotify.com/track/5yYeJUMgDoulRW4FBrUSiX,0.658,0.944,2,-5.613,1,0.0633,0.00998,0.872,0.326,0.244,127.991
2,Inertia,Moksi,https://open.spotify.com/track/4wPXdGCOMd2G6OHew2139t,0.725,0.895,1,-6.715,1,0.0683,0.00525,0.477,0.0405,0.228,124.991
3,Westcoaster - AC Slater Remix,Phlegmatic Dogs,https://open.spotify.com/track/2NVM7rzGJjWZfVlqCOcmwQ,0.835,0.907,0,-4.187,1,0.0511,0.0931,0.635,0.0769,0.694,126.029
