,name,artist,url,danceability,energy,key,loudness,mode,speechiness,acousticness,instrumentalness,liveness,valence,tempo
0,Car Sick (feat. NAV & Metro Boomin),Gunna,https://open.spotify.com/track/4xisLMFhYADhKnkOCCV4Am,0.859,0.574,7,-6.16,1,0.399,0.0989,0.0,0.0918,0.405,149.995
1,Ps & Qs,Lil Uzi Vert,https://open.spotify.com/track/1gGsNNUfvVMOv4llVMg8Vg,0.522,0.428,11,-11.332,0,0.143,0.235,2.35e-06,0.278,0.399,129.829
2,Real As It Gets (feat. EST Gee),Lil Baby,https://open.spotify.com/track/7eX3um6NpOQKWJMGCi97XD,0.779,0.705,6,-5.891,0,0.163,0.00471,0.0,0.0971,0.196,140.005
3,At the Hotel (feat. Lil Uzi Vert & Young Jordan),Gunna,https://open.spotify.com/track/5RIVAc0J3PAsw4aqkzO7TM,0.902,0.627,1,-7.028,1,0.246,0.036,0.0,0.0795,0.397,141.999
4,Marvelous Day (feat. Lil Uzi Vert & Gunna),Kap G,https://open.spotify.com/track/4kfEy7h6bWBS5OaDpccTap,0.846,0.651,7,-5.481,0,0.128,0.634,0.0,0.125,0.581,140.048
5,Helluva Price,Gunna,https://open.spotify.com/track/5bFym95c4l7Q7cVIYArOzC,0.865,0.383,1,-10.154,1,0.252,0.579,0.0,0.127,0.245,135.049
6,King Kong (feat. Young Thug),Gunna,https://open.spotify.com/track/6I1EY5Wvad8WD0mVWDjka9,0.818,0.453,10,-8.254,0,0.316,0.0699,0.0,0.102,0.0493,144.924
7,Mood (feat. Lil Uzi Vert),DJ Rell,https://open.spotify.com/track/2yDcSQquR9MHnHsuzdzKpO,0.775,0.611,6,-6.782,1,0.0521,0.0672,0.0,0.436,0.581,137.042
8,Outstanding (feat. 21 Savage),SahBabii,https://open.spotify.com/track/24W9LlHIfhALtn33zBnnQr,0.795,0.59,11,-6.186,0,0.169,0.341,7e-05,0.097,0.354,151.059
9,Almighty (feat. HoodRich Pablo Juan),Gunna,https://open.spotify.com/track/7tjXeAUgZEe2yE6nSOcqWA,0.952,0.334,1,-11.375,1,0.471,0.208,1.57e-05,0.113,0.274,117.977
10,Big Racks (feat. Lil Uzi Vert),Cassius Jay,https://open.spotify.com/track/6hL2M0UcCYfXzzD691dWvK,0.721,0.515,8,-6.759,1,0.225,0.271,0.0,0.11,0.206,140.233
11,Up (feat. Lil Uzi Vert),Young Thug,https://open.spotify.com/track/7HvtrRyRYqSOhllmbIW1Kh,0.852,0.617,1,-7.515,0,0.12,0.00154,6.48e-05,0.36,0.3,129.974
12,Drippin',Gunna,https://open.spotify.com/track/3hRgJDDSSv7ldLVlWUlas9,0.86,0.365,0,-7.102,0,0.439,0.045,0.0,0.122,0.148,147.031
13,Alot,Zaytoven,https://open.spotify.com/track/7FDSB6DSC1DvEBk8ivPlKd,0.789,0.417,9,-10.105,1,0.319,0.0171,0.0,0.222,0.518,142.038
14,War with Us,Ducey Gold,https://open.spotify.com/track/6oHbD74Mt2s55HHTlSbwMi,0.748,0.58,1,-7.741,0,0.269,0.0017,0.0,0.109,0.132,85.593
15,When I'm Down,Whethan,https://open.spotify.com/track/556l9P7WVZVyYUBjT1YFTT,0.827,0.769,7,-4.058,1,0.126,0.209,9.54e-05,0.091,0.491,93.986
16,Hope You Know,Austin Skinner,https://open.spotify.com/track/07bTQ4wl9deOOgA4W9nx6K,0.772,0.711,5,-6.058,0,0.156,0.0473,0.0,0.112,0.244,93.014
17,Find My Way,Austin Skinner,https://open.spotify.com/track/49RBWsFehjaMakVib7essq,0.549,0.498,9,-4.019,0,0.0533,0.00891,0.0,0.122,0.195,149.921
18,Top 5 (feat. Playboi Carti),Kap G,https://open.spotify.com/track/4fV6yeuoBSoW69WIPv25TN,0.885,0.671,2,-7.146,0,0.109,0.0665,0.0,0.0963,0.926,155.015
19,Storm,Global Dan,https://open.spotify.com/track/6HmM87lwC4XN7BnsXMBikB,0.798,0.643,1,-7.999,0,0.184,0.0777,2.4e-06,0.334,0.498,150.075
20,Mind on a Milli (feat. HoodRich Pablo Juan),Gunna,https://open.spotify.com/track/3Q2fckuDACJn22XDJgcOHv,0.877,0.545,4,-8.216,0,0.0643,0.472,1.74e-05,0.112,0.241,115.004
21,YSL (feat. Playboi Carti),Gunna,https://open.spotify.com/track/6DXUcykWTq6sRARrOAE2Lc,0.788,0.611,11,-8.442,1,0.349,0.106,0.0,0.261,0.565,81.586
22,She Wonders Why,Astrus*,https://open.spotify.com/track/0I3Lzmf3JDIOyFLcrruRjO,0.671,0.288,1,-14.176,1,0.496,0.468,0.0,0.139,0.42,68.287
23,Molly Freestyle,Heart$ign,https://open.spotify.com/track/6vKUBixaK9aHM5dfwlzX2H,0.698,0.748,5,-4.819,1,0.166,0.141,2.07e-06,0.103,0.418,173.715
24,Top Off,Gunna,https://open.spotify.com/track/0HCnj7pfrvshnocOJUFeit,0.906,0.395,1,-11.277,1,0.206,0.0103,0.000195,0.117,0.376,146.056
25,"How It Is (feat. Roddy Ricch, Chip & Yxng Bane)",The Plug,https://open.spotify.com/track/1ogmtYEsS4ywfLIhMee5bu,0.672,0.6,0,-9.318,1,0.381,0.00822,0.0,0.0945,0.226,147.381
26,Bacc Seat (feat. Ty Dolla $ign),Roddy Ricch,https://open.spotify.com/track/6In6SkveIw26thdYRhHTVX,0.783,0.524,1,-6.828,1,0.115,0.0404,0.0,0.087,0.153,144.989
27,Proud of Me Now (feat. Lil Bibby),A Boogie Wit da Hoodie,https://open.spotify.com/track/5pWmOCUxwdMvQigYj057HM,0.848,0.725,0,-4.87,1,0.179,0.153,0.0,0.0527,0.295,139.995
28,Fell In Luv (feat. Bryson Tiller),Playboi Carti,https://open.spotify.com/track/1s9DTymg5UQrdorZf43JQm,0.657,0.668,2,-6.208,1,0.136,0.0273,0.0,0.32,0.227,162.997
29,I Know,D. Savage,https://open.spotify.com/track/4lay3Vtg4Y2m1ftaNNC72r,0.618,0.775,9,-5.425,0,0.231,0.0765,0.0,0.107,0.52,150.654
30,Outta Sight Outta Mind,Gunna,https://open.spotify.com/track/1iKb3Z8NtkTf9auS0lzKbh,0.93,0.264,4,-15.286,0,0.479,0.163,0.0,0.0924,0.462,121.027
31,Fabo (featuring Rich The Kid) - Remix,UnoTheActivist,https://open.spotify.com/track/0LhULWY8i45QBQMDYDkPhn,0.811,0.473,1,-5.215,1,0.24,0.0325,0.0,0.126,0.279,149.031
32,Freestyle,Lil Baby,https://open.spotify.com/track/5BbdKBZO0TH0GhfxUfyhL9,0.877,0.517,2,-5.426,0,0.0706,0.217,0.0,0.143,0.255,119.996
33,Spending Addiction,Gunna,https://open.spotify.com/track/5diN5Ht0cc3B7iAbYde8i3,0.887,0.455,1,-5.948,1,0.444,0.697,0.0,0.101,0.655,124.959
34,Make It Out,Lil Baby,https://open.spotify.com/track/6h4JuOPlHFYpHPIEmBwbus,0.635,0.591,1,-6.588,1,0.839,0.0248,0.0,0.0812,0.0781,84.747
35,Out Tha Mud,Roddy Ricch,https://open.spotify.com/track/7jI9cnrZof9mRNpIsA7QQN,0.83,0.376,4,-8.073,0,0.19,0.0121,8.07e-06,0.218,0.165,129.981
36,Tip Toe (feat. A Boogie Wit da Hoodie),Roddy Ricch,https://open.spotify.com/track/6ztvsy3C6hPjVg9j4x1XKJ,0.757,0.673,1,-8.513,1,0.141,0.095,0.0,0.338,0.574,92.958
37,HARD TIMES,Yung Pinch,https://open.spotify.com/track/6PeNPuWac474B7l2FcbZS8,0.763,0.49,6,-9.191,0,0.15,0.332,1.16e-05,0.104,0.628,84.026
38,La Familia,Kevin Gates,https://open.spotify.com/track/7gwDqZmkyNf5YCSXpxLWwd,0.842,0.596,1,-6.026,1,0.112,0.0843,0.0,0.106,0.0679,124.988
39,My Dawg,Lil Baby,https://open.spotify.com/track/7CEJH5Ed7FBbXF6CqBQPlJ,0.943,0.544,10,-6.292,0,0.0642,0.0336,0.0,0.0954,0.515,133.012
40,Link,Famous Dex,https://open.spotify.com/track/0k1xLRfIZRAn0UEMoHu4Qn,0.801,0.472,1,-9.881,1,0.315,0.0953,0.0,0.088,0.237,139.96
41,Grace (feat. 42 Dugg),Lil Baby,https://open.spotify.com/track/01JMnRUs2YOK6DDpdQASGY,0.817,0.513,10,-6.263,0,0.394,0.38,0.0,0.109,0.177,123.029
42,Whole Lotta Ice (feat. Lil Baby & Pooh Shiesty),BigWalkDog,https://open.spotify.com/track/7Iz0W9OmSF39YtstMPICKA,0.811,0.554,1,-6.92,1,0.297,0.0184,0.0,0.164,0.202,132.014
43,Chrome Hearts,D-Block Europe,https://open.spotify.com/track/4eBlELpnfUpZx3SEgzCRzP,0.78,0.438,4,-9.598,0,0.215,0.198,0.0,0.112,0.242,80.977
44,Jet Fuel,Luh JoJo,https://open.spotify.com/track/12SdJOPolLlLAJKQyXYHoL,0.94,0.445,7,-11.137,1,0.435,0.0938,0.0,0.096,0.664,130.12
45,Lysol,Luh JoJo,https://open.spotify.com/track/1Kmq6Fxcq470rWquuUnXTo,0.946,0.336,8,-15.841,0,0.44,0.147,0.0,0.112,0.729,131.996
46,"Ed, Edd, n Eddy",Luh JoJo,https://open.spotify.com/track/0WMECKcDSIbBkJL9cPN9J7,0.945,0.551,4,-10.146,0,0.352,0.14,0.0,0.0915,0.807,129.911
47,ATM,Money Man,https://open.spotify.com/track/3CJLBkB0R3nTaOUxj2n0gL,0.898,0.601,1,-10.117,0,0.272,0.0544,3.02e-06,0.06,0.762,137.933
48,IDC,$tupid Young,https://open.spotify.com/track/3dveECBTlG8sds8jFOtVxZ,0.811,0.442,5,-10.111,0,0.574,0.325,0.0,0.0944,0.678,126.734
49,paid my dues (feat. Takeoff),Roddy Ricch,https://open.spotify.com/track/61TWTSHcrFVgaRr6U4MKBs,0.563,0.43,1,-10.958,1,0.244,0.186,0.000141,0.117,0.0382,131.991
50,Live Off My Closet (feat. Future),Lil Baby,https://open.spotify.com/track/6AyWdCtEn1DdxjnxPeojR2,0.807,0.678,6,-3.244,0,0.177,0.0345,0.0,0.0986,0.21,147.004
