,name,artist,url,danceability,energy,key,loudness,mode,speechiness,acousticness,instrumentalness,liveness,valence,tempo
0,Where's Your Head At,Basement Jaxx,https://open.spotify.com/track/6cOyq898FB1fYOewPOwjyS,0.603,0.92,0,-4.828,1,0.0299,7.17e-05,0.11,0.222,0.401,127.868
1,The Feeling - Original Mix,Massano,https://open.spotify.com/track/4pMcfHYvQvNPeXA9vzzPu7,0.755,0.603,11,-12.081,0,0.0761,0.00207,0.906,0.0881,0.0592,123.998
2,The Greatest Dancer,Robert Hood,https://open.spotify.com/track/4FmBv3NRz2h6hBjHbiBgcs,0.719,0.836,5,-6.402,0,0.127,0.00221,0.742,0.0881,0.501,135.377
3,GOING TO THE PARK,PAWSA,https://open.spotify.com/track/1XzFp1ca04OAqeVVYoqKNu,0.804,0.767,7,-16.116,1,0.0869,0.000747,0.81,0.104,0.966,129.99
4,Burnin' - Art Edit,ANOTR,https://open.spotify.com/track/0gz49NTdMvizrgZfSJAK2P,0.804,0.899,0,-8.007,1,0.0438,0.000214,0.907,0.0352,0.333,128.012
5,Hectic,Jake Shore,https://open.spotify.com/track/5im5r6jxdvCQ5M5nDPTHcm,0.741,0.989,7,-4.131,1,0.0619,0.00084,0.00342,0.204,0.558,127.993
6,TAKE ME HIGH - Extended Mix,PAWSA,https://open.spotify.com/track/4aZl6XigkvlpM44HI7Nogj,0.772,0.434,9,-13.785,1,0.0701,0.0636,0.789,0.0747,0.71,130.994
7,Party,PAWSA,https://open.spotify.com/track/6QNyCBxwG3qhSN0IhObKHA,0.861,0.834,8,-7.591,1,0.108,0.0502,0.479,0.0706,0.521,126.991
8,ALL EYEZ,PAWSA,https://open.spotify.com/track/1YN2MHZDWtOkO2DUU7WO8a,0.805,0.591,2,-12.774,1,0.0764,0.0011,0.895,0.0852,0.926,130.998
9,ON THE MOVE - Extended Mix,PAWSA,https://open.spotify.com/track/2BtGVvKgYNxVrllB30Cma6,0.787,0.47,0,-12.813,1,0.109,0.0132,0.248,0.0903,0.955,132.007
10,TRIBAL SPACEMAN,PAWSA,https://open.spotify.com/track/58e8LmPXhPlenHfYoaQnBu,0.769,0.781,7,-9.856,1,0.0499,0.0032,0.917,0.0958,0.728,131.005
11,Rhyme Dust,MK,https://open.spotify.com/track/5mKiwDDrwG22qKKVL6JZqF,0.925,0.561,3,-8.675,1,0.176,0.0659,0.0271,0.152,0.721,128.034
12,Save Me,FOVOS,https://open.spotify.com/track/2JZqPb0miqjFSyVPqMfSta,0.667,0.937,10,-7.436,1,0.088,0.00118,0.381,0.606,0.0377,138.023
13,I Remember - John Summit Remix,deadmau5,https://open.spotify.com/track/3zFsJdVCu29em7VUB3Ujqp,0.531,0.855,7,-6.722,1,0.0335,0.00616,0.482,0.191,0.117,126.018
14,Balenciaga,Cheat Codes,https://open.spotify.com/track/5k6ioThKIxeklkIt3MNJjC,0.683,0.817,8,-5.531,0,0.215,0.064,3.35e-05,0.076,0.241,125.977
15,Oh Baby,Seizo,https://open.spotify.com/track/6HS4irr24cuWzlTm4t89y9,0.696,0.798,8,-5.011,1,0.0345,0.0281,0.00119,0.118,0.388,124.023
16,Rise (ft. Matluck),Nicky Romero,https://open.spotify.com/track/4ycrM18sdB00uShi9rMWgS,0.471,0.762,3,-2.646,1,0.0468,0.0106,0.0,0.489,0.343,128.12
17,My Love,Route 94,https://open.spotify.com/track/0idc0XRnLRovVqpWnGQ6hC,0.818,0.595,8,-7.644,1,0.0515,0.00014,0.575,0.0612,0.729,119.99
18,Operator (Ring Ring) [feat. Dances With White Girls],Chris Lake,https://open.spotify.com/track/2NxKraET9oqCtrdhleVY88,0.778,0.94,6,-4.964,0,0.22,0.002,0.815,0.594,0.53,124.982
19,Must Be Love,Yung Bae,https://open.spotify.com/track/2EeIN5ooipChk0K1zkcLSE,0.765,0.849,3,-4.677,1,0.0473,0.00436,0.696,0.101,0.907,123.041
20,Give Me a Reason (feat. Janai),Sonny Fodera,https://open.spotify.com/track/0vLDkJL0Y0sYnrh0GQgzeW,0.726,0.656,0,-6.255,1,0.0335,0.0279,0.00122,0.152,0.147,124.028
21,Into You (feat. Sinéad Harnett) - Club Mix,Sonny Fodera,https://open.spotify.com/track/6OlP0JtiJuA9QQl3QvOWXB,0.687,0.733,8,-7.584,1,0.0335,0.0251,0.0972,0.112,0.349,124.018
22,After Life,Tchami,https://open.spotify.com/track/6GCgCYxPAFvGq0B0JFN35k,0.604,0.903,0,-4.231,1,0.0449,0.000176,0.53,0.0586,0.078,125.989
23,Best Be Believing - Shadow Child Remix,AlunaGeorge,https://open.spotify.com/track/4s6iQ9bX0QabZ7U61RuU5G,0.85,0.755,11,-6.832,0,0.0597,0.0136,0.565,0.0216,0.534,124.019
24,Gonna Make You Sweat - Everybody Dance Now,Moreno Pezzolato,https://open.spotify.com/track/0svjY6O7TiFbFtM5hRHGhl,0.79,0.991,5,-6.035,0,0.0693,8.3e-05,0.861,0.274,0.562,123.988
25,Back To Funk - Edit,Martin Ikin,https://open.spotify.com/track/62J8HE1va8p9IrhtFek5HG,0.832,0.953,0,-6.705,1,0.063,0.00253,0.326,0.0541,0.558,125.003
26,Energy,Stace Cadet,https://open.spotify.com/track/5CWGRrNRxRo0KXhMJuMm1S,0.704,0.822,5,-5.142,0,0.0366,0.000341,0.714,0.28,0.442,125.003
27,Partylife,Stefano Ritteri,https://open.spotify.com/track/1Z6blueLNhtzVSjdHYZouT,0.821,0.91,6,-7.628,0,0.0602,0.0643,0.0364,0.19,0.833,123.011
28,4 The People,Noizu,https://open.spotify.com/track/6uRZYG0nkocu7hpoYCAAYD,0.833,0.965,6,-5.215,0,0.0528,0.0682,0.134,0.0927,0.922,123.995
29,Heartbeat,Claptone,https://open.spotify.com/track/0LEJw1t60xUxevqvqySYFC,0.812,0.648,10,-7.916,0,0.0405,0.0177,0.311,0.0829,0.707,120.006
30,Something About Us,Daft Punk,https://open.spotify.com/track/01HMXHrA2gME4HKJrGI6Xf,0.88,0.487,9,-11.947,0,0.0881,0.456,0.633,0.0725,0.484,99.982
31,Tondo,Disclosure,https://open.spotify.com/track/428q2sGN6GUj9F8GXEmGlH,0.675,0.92,0,-7.153,0,0.054,0.0123,0.114,0.329,0.841,132.0
32,I Follow Rivers - The Magician Remix,Lykke Li,https://open.spotify.com/track/40ogYHQCVmrUJ2jCiM2odT,0.786,0.709,9,-5.737,0,0.0395,0.0192,0.00118,0.0845,0.285,122.019
33,Barbra Streisand,Duck Sauce,https://open.spotify.com/track/69KiuZUQKQSFUXzAAwr7RC,0.798,0.927,1,-2.271,1,0.088,0.000222,0.445,0.0409,0.397,127.964
34,Feels,Jax Jones,https://open.spotify.com/track/1e2VTVaFPqbOk3LoRFkA64,0.635,0.932,6,-6.998,0,0.0415,0.00934,0.00986,0.295,0.407,124.033
35,Bad Romance,Lady Gaga,https://open.spotify.com/track/5P5cGNzqh6A353N3ShDK6Y,0.697,0.921,0,-3.75,1,0.0391,0.00305,3.65e-05,0.0831,0.721,118.99
36,Party Up,DMX,https://open.spotify.com/track/6pfA84OCuAz3Udv2Ku0PX6,0.466,0.934,11,-3.287,1,0.334,0.0819,0.0,0.17,0.611,201.747
37,Take Me To Your Leader,Walker & Royce,https://open.spotify.com/track/0lQcvPaG0s7zZHmvNRVhvg,0.737,0.593,11,-7.715,1,0.0416,0.000923,4.78e-05,0.0962,0.861,125.008
38,Do It To It,ACRAZE,https://open.spotify.com/track/4Nm8xafLTXLLS1MtRJKxQo,0.854,0.806,11,-8.262,0,0.0886,0.0209,0.0542,0.0703,0.637,124.927
39,I Got You,Kyle Watson,https://open.spotify.com/track/54cLPz3hXJWg00TpDU0d8T,0.874,0.684,5,-7.407,0,0.0733,0.172,0.00022,0.14,0.672,120.01
40,Days Like This - Deepah Dub Re-Rub,Sean Escoffery,https://open.spotify.com/track/1jymbYpKFGkQ7z5EL8tb7q,0.766,0.656,5,-9.806,0,0.0396,0.000371,0.633,0.0776,0.699,124.996
41,Freaks,Timmy Trumpet,https://open.spotify.com/track/2SHtP0auCWMCVTtxiO7t6G,0.886,0.967,4,-0.776,1,0.142,0.0157,0.389,0.239,0.745,128.1
42,aNYway,Duck Sauce,https://open.spotify.com/track/64yFMY9k0rvRLohzejXjyF,0.781,0.847,0,-5.327,0,0.373,0.0288,5.78e-05,0.277,0.65,127.992
43,Real,Gorgon City,https://open.spotify.com/track/3nfKrEAnfGGqXiUGA3fkd7,0.742,0.698,6,-5.47,0,0.051,0.019,0.0328,0.0608,0.436,122.003
44,Don’t Forget My Love - BURNS Remix,Diplo,https://open.spotify.com/track/3LFsWWiWgev7VxD6vWEXNG,0.543,0.929,11,-6.034,0,0.0389,0.0282,0.0273,0.325,0.709,124.945
45,These Nights (feat. KIDDO),Loud Luxury,https://open.spotify.com/track/2ijnxPy6Yh8B7PLjbPiYIu,0.666,0.717,2,-5.502,0,0.0497,0.00444,3.8e-06,0.145,0.206,119.986
46,I Wanna - Tchami Remix,Shiba San,https://open.spotify.com/track/4eQiN1WgQ3Q8X7MF2okSTo,0.833,0.783,5,-7.3,0,0.171,0.0151,0.379,0.0965,0.624,127.002
47,Right On,Silicone Soul,https://open.spotify.com/track/03h33ISGu6O4CK0BlqoIhW,0.661,0.73,11,-6.631,1,0.0408,0.00672,0.907,0.125,0.764,125.013
48,Partylife,Stefano Ritteri,https://open.spotify.com/track/1Z6blueLNhtzVSjdHYZouT,0.821,0.91,6,-7.628,0,0.0602,0.0643,0.0364,0.19,0.833,123.011
49,Make Me,Borai & Denham Audio,https://open.spotify.com/track/32sO5xYszL0QqP6500FiLf,0.618,0.954,10,-3.421,0,0.0399,0.0356,0.00148,0.15,0.702,129.979
50,Crave You,Flight Facilities,https://open.spotify.com/track/2cEVcPslk7RwcqDpLA6Mhu,0.921,0.477,1,-8.962,0,0.0828,0.109,0.0,0.0793,0.311,120.044
51,Gunk,Overmono,https://open.spotify.com/track/5jHzYWfxlXhQyTa8mM0eO2,0.751,0.941,6,-6.539,0,0.0526,0.0261,0.348,0.121,0.763,129.023
52,My City's On Fire (Anyma & Cassian Remix),Jimi Jules,https://open.spotify.com/track/30sR2mBD6VIUk1w93XDMOL,0.611,0.777,0,-6.599,1,0.043,0.00196,0.221,0.202,0.31,126.006
53,It's Not Right - Original Mix,Gianni Romano,https://open.spotify.com/track/6huHqVYEgmmYJ8JvPSBlKx,0.778,0.722,1,-9.305,1,0.0465,0.00533,0.59,0.0803,0.229,123.001
54,Miracle (with Ellie Goulding),Calvin Harris,https://open.spotify.com/track/6p4hTDQKf1H3VvBqINgexX,0.636,0.869,9,-5.289,1,0.0412,0.0378,0.0446,0.0808,0.306,143.011
55,Suki,Black Loops,https://open.spotify.com/track/63DQm30ycUr6xP2M1RUA57,0.849,0.463,1,-10.182,1,0.0618,0.0213,0.142,0.106,0.483,120.994
56,On Off,Cirez D,https://open.spotify.com/track/3f1KOh4CBeemXgRSDcwgwm,0.797,0.714,4,-10.593,1,0.0516,0.000225,0.874,0.104,0.142,127.987
57,A Drug From God (SOSA Remix),Chris Lake,https://open.spotify.com/track/71ubKtB6KSB1DdqNt06Gkg,0.795,0.892,8,-7.539,1,0.0848,0.00057,0.902,0.0481,0.226,129.0
58,I Remember,deadmau5,https://open.spotify.com/track/6V7SBJsDG9B4iVywka4koo,0.813,0.515,11,-8.044,0,0.0465,0.0236,0.25,0.115,0.633,128.01
59,Lady Love - Extended Mix,Oden & Fatzo,https://open.spotify.com/track/6OoaXA2KiNerjdwto6x40d,0.816,0.757,6,-9.177,0,0.0732,0.0291,0.4,0.11,0.874,125.996
60,No Illusions,Greyskale,https://open.spotify.com/track/4ZdBsaj9m1nb8cdkJLlzBQ,0.684,0.841,5,-8.261,0,0.0409,0.486,0.919,0.0826,0.109,123.992
61,Warning (feat. Rose Ryot),Nisim,https://open.spotify.com/track/19TPvXHILHJAUbCzxTq0TG,0.693,0.811,1,-11.486,1,0.062,0.0461,0.647,0.0944,0.135,125.006
62,Atmosphere,FISHER,https://open.spotify.com/track/1aNUSKBe6UMyMk3pEu9ws7,0.762,0.895,8,-4.562,1,0.0737,0.00618,0.145,0.203,0.755,125.979
63,Africanism,Disaia,https://open.spotify.com/track/4473ZkUGo8bAjTExIqrAP3,0.806,0.698,10,-8.339,0,0.0526,0.0795,0.93,0.122,0.23,127.009
64,Hypertrophy of Heart - Extended Mix,Enamour,https://open.spotify.com/track/0WKz2doIvlDJ6I0SyTyynR,0.818,0.748,4,-9.449,0,0.0498,0.00506,0.88,0.05,0.457,121.995
65,Body Test,Enamour,https://open.spotify.com/track/0Il22rqYWjY4nDpQp3XpLP,0.724,0.794,6,-8.799,0,0.0409,0.00887,0.874,0.112,0.0769,121.996
66,FUEGO,SHIFTY,https://open.spotify.com/track/2VcgEDhXJoMmUQEu62mZao,0.821,0.849,9,-6.596,1,0.0782,0.00431,0.219,0.0715,0.415,128.0
67,O Descobridor Dos Sete Mares,Tim Maia,https://open.spotify.com/track/6wpDQGn3Gl0j9Wt6D6mYvQ,0.643,0.78,10,-8.306,0,0.0718,0.0108,0.00069,0.305,0.963,136.891
68,Sinfonia Della Notte,Dennis Ferrer,https://open.spotify.com/track/14iTtRdW9NJ1K3TKn7KR4T,0.77,0.922,1,-7.377,1,0.0538,0.000205,0.933,0.106,0.332,126.014
69,Dance with Me,Chris Lake,https://open.spotify.com/track/1HmeVQZdJNLoRTWmSSW09X,0.813,0.793,11,-6.528,1,0.0879,0.0359,0.651,0.116,0.844,125.0
70,No Reason,The Chemical Brothers,https://open.spotify.com/track/70JiPk5FBlc6eymIcHPCxU,0.636,0.849,2,-7.18,1,0.042,0.00253,0.827,0.173,0.487,127.979
71,So Much Love To Give - Radio Edit,Freeloaders,https://open.spotify.com/track/2N6KtXWbuRHYm7qZrgIeNq,0.752,0.78,1,-6.584,1,0.0288,0.0119,0.000326,0.275,0.847,127.001
72,Intoxicated - Radio Edit,Martin Solveig,https://open.spotify.com/track/0dbQ4h3cs8QE5fOPMYdDrX,0.792,0.688,0,-4.008,1,0.0386,0.00435,0.00477,0.0972,0.502,124.987
73,All I Want For Christmas Is You,Mariah Carey,https://open.spotify.com/track/4Afwhq3Z3diUZAaNzQSvfL,0.542,0.9,9,-4.586,0,0.0546,0.0738,0.0,0.14,0.395,150.035
74,Delirious (Boneless) (feat. Kid Ink),Steve Aoki,https://open.spotify.com/track/7sR0j3bGUnugz07ZDtqLU7,0.706,0.912,8,-4.44,0,0.0565,0.0195,0.0,0.232,0.925,128.004
75,Technologic - Extended Mix,Kevin McKay,https://open.spotify.com/track/4xkJCErDzLvuCD20Lnfc3G,0.821,0.868,0,-5.549,1,0.0544,0.000505,0.314,0.356,0.823,125.963
76,Faded,ZHU,https://open.spotify.com/track/5YJZJDjUMv4XCq0KR46YPC,0.866,0.476,9,-7.195,0,0.0487,0.00875,0.117,0.123,0.593,124.989
77,Baianá,Bakermat,https://open.spotify.com/track/5ugFMzXvjZU0MNAvtTVGZJ,0.564,0.723,2,-6.983,0,0.0702,0.000741,0.672,0.543,0.466,121.97
78,Gimme Gimme - Club Mix,Kevin McKay,https://open.spotify.com/track/6gIwTemuQjJySSwMLW3J0W,0.716,0.912,2,-4.7,0,0.034,0.00426,0.00112,0.0848,0.52,126.008
79,Discopolis 2.0 (Mixed) - MEDUZA Remix,Lifelike,https://open.spotify.com/track/2pNXV6cXD0kcdE4Y3W4oYB,0.595,0.696,6,-9.859,0,0.0471,0.0045,0.936,0.171,0.149,124.957
80,Pump The Brakes,Dom Dolla,https://open.spotify.com/track/553gYUFBUpXSQM8CSZcEhg,0.813,0.669,8,-6.827,1,0.092,0.00675,0.107,0.36,0.508,124.007
81,Tell Me It’s True,Gorgon City,https://open.spotify.com/track/2dd3VTFfbTNJXpvhNGnFzQ,0.712,0.74,8,-6.52,1,0.0552,0.323,0.0368,0.0848,0.0936,124.01
82,Rock Your Body,Justin Timberlake,https://open.spotify.com/track/7ch3EMFYC386egFQ1RGVUF,0.891,0.714,4,-6.055,0,0.14,0.202,0.000234,0.0521,0.818,100.972
83,Don't You Worry Child - Radio Edit,Swedish House Mafia,https://open.spotify.com/track/5DcPOPPUnNhyPYbTi2aWjR,0.608,0.828,2,-3.597,1,0.051,0.125,0.0,0.113,0.484,128.919
84,D.A.N.C.E.,Justice,https://open.spotify.com/track/0MYTcPXAAmeKBUpBgtAV0J,0.594,0.961,6,-5.443,0,0.338,0.0463,0.0,0.853,0.531,113.126
85,Pick Up,DJ Koze,https://open.spotify.com/track/3FKMngtZtIZCNKYexhGrVD,0.712,0.601,5,-8.968,1,0.062,1.09e-05,0.802,0.0982,0.513,124.912
86,Freaks - Radio Edit,Timmy Trumpet,https://open.spotify.com/track/4wQ8cM5towhQKEOt5G9u0j,0.886,0.967,4,-0.776,1,0.142,0.0157,0.389,0.239,0.745,128.1
87,Today's News,Solardo,https://open.spotify.com/track/2qfNYDDtPdOYeHTIubylwr,0.856,0.888,7,-8.835,1,0.0635,0.0804,0.0229,0.66,0.809,126.996
88,Get This Party Started,Westend,https://open.spotify.com/track/3aBNMuz8S7wZguV8xuwLem,0.756,0.748,11,-6.714,0,0.0511,0.000953,0.395,0.0749,0.678,126.076
89,One (Your Name) - Radio Edit,Swedish House Mafia,https://open.spotify.com/track/1qZMPmpD1jDcOA7gZ6TCde,0.733,0.673,9,-6.572,0,0.0333,0.0132,0.0049,0.16,0.636,125.061
90,Bleu,Fred again..,https://open.spotify.com/track/1A9JsQutWi15L4QhT8l9Mt,0.705,0.685,8,-8.62,0,0.043,0.409,0.00171,0.14,0.313,121.928
91,Devil in Me (feat. Joe Killington & Duane Harden),Purple Disco Machine,https://open.spotify.com/track/41rOnZXVg3cLacziEBgkpW,0.808,0.665,9,-6.273,1,0.0523,0.0403,0.0,0.336,0.633,119.987
92,Free - Mood II Swing Extended Vocal Mix,Ultra Naté,https://open.spotify.com/track/7MUh1aaebLV6cQ8E3WPVqg,0.776,0.818,1,-7.236,1,0.0524,0.00213,0.114,0.0351,0.308,124.992
93,50//50,Vantage,https://open.spotify.com/track/0JkryawvRTmBeA6cfzKumy,0.838,0.699,7,-7.216,1,0.0521,0.0608,0.87,0.0926,0.386,124.137
94,Heal Me - Biscits Remix,FARR,https://open.spotify.com/track/5QOjxuymyDZDG8cb2hX09W,0.811,0.807,2,-6.478,1,0.117,0.0472,0.154,0.676,0.651,126.028
95,Finally (feat. Julie McKnight) - Radio Edit,Kings Of Tomorrow,https://open.spotify.com/track/5crNrF9XFSvjVCbhXbMRI6,0.866,0.713,0,-8.179,1,0.0754,0.0251,5.81e-06,0.0913,0.917,126.217
96,Out The Fire (At The Hotel) - Radio Edit,Franky Rizardo,https://open.spotify.com/track/1xZOYV0Z6i7z0nAnyL1zmT,0.849,0.912,11,-6.364,0,0.321,0.15,5.92e-05,0.198,0.541,128.03
97,Body Test,Enamour,https://open.spotify.com/track/1GXNq80dvUyLn7wtuYxpAO,0.724,0.794,6,-8.799,0,0.0409,0.00887,0.874,0.112,0.0769,121.996
98,adore u,Fred again..,https://open.spotify.com/track/3YgtkOxZsTuaZdL8McA1FQ,0.747,0.867,0,-7.311,1,0.088,0.582,0.00413,0.114,0.684,124.015
99,Eternity,Anyma,https://open.spotify.com/track/1GBBbKOarAJ38HwIfLcOji,0.606,0.861,1,-6.332,1,0.0406,0.00316,0.844,0.113,0.313,125.005
