,name,artist,url,danceability,energy,key,loudness,mode,speechiness,acousticness,instrumentalness,liveness,valence,tempo
0,I Wanna Know,RL Grime,https://open.spotify.com/track/4ToogKQq58R9TvO40qRuxi,0.432,0.85,10,-4.417,1,0.0771,0.501,6.59e-06,0.203,0.109,82.607
1,Formula,RL Grime,https://open.spotify.com/track/7h9y8oMm1GtwYNhAPh4OOI,0.186,0.977,1,-2.888,0,0.393,0.0369,0.576,0.119,0.043,70.21
2,Everytime,Medasin,https://open.spotify.com/track/0BAQjCC9gfqOebxpmonHKz,0.751,0.377,5,-9.8,1,0.0538,0.0485,0.000468,0.291,0.14,112.478
3,Revolution,Diplo,https://open.spotify.com/track/1e8g8Zypak1hTK8l12olYd,0.634,0.724,5,-5.842,0,0.0546,0.00499,0.000193,0.0732,0.309,148.024
