,name,artist,url,danceability,energy,key,loudness,mode,speechiness,acousticness,instrumentalness,liveness,valence,tempo
0,XO Tour Llif3,Lil Uzi Vert,https://open.spotify.com/track/7GX5flRQZVHRAGd6B4TmDO,0.732,0.75,11,-6.366,0,0.231,0.00264,0.0,0.109,0.401,155.096
1,Mars (feat. Lil Uzi Vert),Maxo Kream,https://open.spotify.com/track/3HPygYwlZeehBTDZXMhsrR,0.818,0.673,11,-3.886,1,0.235,0.447,0.0,0.111,0.567,130.035
2,Ric Flair Drip (with Metro Boomin),Offset,https://open.spotify.com/track/7sO5G9EABYOXQKNPNiE9NR,0.88,0.428,9,-8.28,1,0.206,0.149,5.05e-05,0.114,0.333,100.007
3,Life Goes On,Lil Baby,https://open.spotify.com/track/2bSk87AVkCIIC3Bcligq1z,0.716,0.541,1,-7.909,1,0.149,0.0021,0.0,0.115,0.387,139.978
4,Shoota (feat. Lil Uzi Vert),Playboi Carti,https://open.spotify.com/track/2BJSMvOGABRxokHKB0OI8i,0.673,0.649,1,-8.433,0,0.196,0.188,0.0,0.122,0.47,153.075
5,Champion (feat. Travis Scott),NAV,https://open.spotify.com/track/6nO3tr47nr2P7f3hXb8JIo,0.642,0.782,5,-3.395,0,0.0477,0.381,0.0,0.108,0.396,162.005
6,World Rage,Lil Skies,https://open.spotify.com/track/4XwmdaPVSHsvxsuKS7HBdl,0.7,0.556,7,-8.356,1,0.128,0.261,0.0,0.144,0.351,77.943
7,Black & White,Juice WRLD,https://open.spotify.com/track/1R0Ig5KYrSGWvIoPzY4T3l,0.776,0.736,7,-4.612,1,0.247,0.0802,0.0,0.159,0.233,147.946
8,Do What I Want,Lil Uzi Vert,https://open.spotify.com/track/4IWGnyOHDrVZEtPWfs4s7q,0.681,0.701,9,-6.336,1,0.0767,0.106,0.0,0.208,0.398,139.952
9,WAKA,6ix9ine,https://open.spotify.com/track/6o79O9qBP3OAkWOXajAQIS,0.772,0.812,0,-3.995,0,0.153,0.0834,0.0,0.115,0.655,97.407
10,Sometimes,Trilla Kid,https://open.spotify.com/track/6kTD2aE86ImQUNa93lftah,0.758,0.409,10,-9.837,1,0.0979,0.809,1.48e-05,0.111,0.157,133.039
11,MoshPit (feat. Juice WRLD),Kodak Black,https://open.spotify.com/track/6RWa3fCOR5QQrQ9A3Wd3KR,0.769,0.627,7,-4.064,1,0.262,0.394,0.0,0.106,0.49,157.938
12,can't leave without it,21 Savage,https://open.spotify.com/track/1nbYiPgDJ4T3t46Is5Zc26,0.872,0.591,6,-6.952,0,0.359,0.111,0.0,0.144,0.696,131.982
13,"Go Off (with Lil Uzi Vert, Quavo & Travis Scott)",Lil Uzi Vert,https://open.spotify.com/track/53MHr9cjIlwet0mpmqNvjC,0.733,0.777,8,-2.83,0,0.0791,0.0256,0.0,0.239,0.724,88.494
14,Dark Queen,Lil Uzi Vert,https://open.spotify.com/track/2ZdCrBA52bb4pIG3tOOZiQ,0.747,0.606,4,-5.286,1,0.172,0.222,0.0,0.281,0.2,155.055
15,SideLine Watching (Hold Up),Lil Uzi Vert,https://open.spotify.com/track/0VYhxVxH9ijmdHUKsON9Bk,0.747,0.553,1,-7.294,1,0.117,0.281,0.0,0.117,0.262,141.888
16,7AM,Lil Uzi Vert,https://open.spotify.com/track/4v1P7JCjehbg5TmLQo2mFy,0.638,0.526,7,-8.401,1,0.131,0.275,0.0,0.462,0.301,139.054
17,Pretty Mami,Lil Uzi Vert,https://open.spotify.com/track/14nAQy3fHVzDb7LKxpS7Ld,0.697,0.531,10,-5.527,0,0.0402,0.409,0.0,0.142,0.621,139.972
18,Feelings Mutual,Lil Uzi Vert,https://open.spotify.com/track/5Y3Tj0wJhKAaPbwWxXxZGS,0.585,0.691,0,-6.015,1,0.259,0.105,0.0,0.088,0.349,125.978
19,Malfunction,Lil Uzi Vert,https://open.spotify.com/track/6GLujG5wXuXyPjknUFOQVK,0.427,0.698,1,-6.06,1,0.247,0.34,0.0,0.0817,0.447,93.611
20,Virtual (Blue Balenciagas),YNW Melly,https://open.spotify.com/track/792MY19uNkA4SJBqdw5a84,0.774,0.716,8,-4.936,0,0.0438,0.307,0.0,0.0973,0.579,150.037
21,Sold Out Dates (feat. Lil Baby),Gunna,https://open.spotify.com/track/72LlwJM24dWKpFLVB3PWWQ,0.824,0.554,4,-7.118,0,0.115,0.433,0.0,0.124,0.316,127.003
22,Red Room,Offset,https://open.spotify.com/track/6LZYusEdyzlQLqK1NrTs1l,0.936,0.559,7,-8.591,0,0.158,0.479,0.0,0.129,0.517,112.339
23,Robbery,Juice WRLD,https://open.spotify.com/track/44ShclXTOOnYtt5CnCDeGV,0.708,0.691,2,-5.179,1,0.0442,0.342,0.0,0.222,0.535,79.99
24,Close Friends (Lil Baby & Gunna),Lil Baby,https://open.spotify.com/track/5nzhL67GpF9szXWg5y509A,0.676,0.578,10,-4.669,0,0.375,0.0509,0.0,0.0796,0.698,158.896
25,"Old Me, Pt. 2",Jordan Solomon,https://open.spotify.com/track/1yam7TTCDbCpgT4RrGs3a1,0.747,0.375,9,-12.229,0,0.111,0.799,0.0,0.213,0.229,113.949
26,Flooded,Lil Skies,https://open.spotify.com/track/6Ur6u4Ici7NYBiuGEEkNMP,0.714,0.636,8,-5.286,1,0.201,0.36,0.0,0.112,0.52,166.049
27,Fast,Juice WRLD,https://open.spotify.com/track/6MjNilJCVKJq0LfFvo5jWJ,0.623,0.608,1,-5.937,0,0.0434,0.426,0.0,0.105,0.263,84.98
28,Bust Down Cartier,Lil Mosey,https://open.spotify.com/track/15AF6h7aQ0ibWzBbzAFLL9,0.632,0.727,0,-7.353,1,0.0749,0.045,0.0,0.117,0.407,161.707
29,Kickback (feat. Lil Mosey),Pimp Tobi,https://open.spotify.com/track/0QlzIkKGEroFzw8sqNIid6,0.706,0.589,8,-8.309,1,0.0327,0.0617,4.77e-06,0.105,0.767,96.001
30,Flaws And Sins,Juice WRLD,https://open.spotify.com/track/2BSbCCbaSCzkOEZa6N5901,0.709,0.662,8,-4.55,1,0.0766,0.00966,0.0,0.108,0.439,150.046
31,A$AP Ferg,NAV,https://open.spotify.com/track/4EbULzyWMuFx94aoIY1MlJ,0.58,0.407,7,-8.804,1,0.43,0.169,0.0,0.082,0.239,140.023
32,I Like Girls (feat. Lil Skies),PnB Rock,https://open.spotify.com/track/4KXDT3pmPDB9IB6hTUoGpd,0.701,0.768,1,-3.531,1,0.229,0.354,0.0,0.148,0.724,178.151
33,Sanguine Paradise,Lil Uzi Vert,https://open.spotify.com/track/3XiNC94b4Tq1xwv70sQJGN,0.729,0.603,6,-6.736,0,0.0666,0.0948,0.0,0.113,0.207,134.972
34,Oh Okay (feat. Young Thug & Lil Baby),Gunna,https://open.spotify.com/track/38844QuZDlnt44uHPrSA3S,0.889,0.516,8,-8.852,1,0.327,0.372,0.0,0.0926,0.732,140.005
35,romance361,iann dior,https://open.spotify.com/track/14x8OgGL3b33yKJJSFcBnf,0.713,0.632,1,-7.685,1,0.105,0.0589,1.44e-06,0.105,0.373,170.009
36,emotions,iann dior,https://open.spotify.com/track/5CRXf83hn7NVeWEs7rm63m,0.63,0.63,9,-6.211,1,0.0395,0.0131,0.0,0.142,0.163,80.512
37,molly,iann dior,https://open.spotify.com/track/6WsFhsmG3Uu7S7lhsZQftI,0.695,0.566,6,-7.484,0,0.124,0.00202,0.0,0.167,0.388,80.029
38,Maze,Juice WRLD,https://open.spotify.com/track/4mUIe9gfsdtsVP2zFIl74x,0.674,0.726,11,-3.813,0,0.141,0.126,1.56e-06,0.115,0.443,160.067
39,forever,916frosty,https://open.spotify.com/track/21XEmNbGbfAYomUwtYkT5X,0.546,0.526,7,-6.56,1,0.0327,0.141,0.0,0.08,0.209,108.117
40,Summer in 06,BIGBABYGUCCI,https://open.spotify.com/track/09c6TTsYOYqKO63D27GtJp,0.54,0.618,1,-8.757,0,0.165,0.136,0.00312,0.129,0.247,156.05
41,Suicidal,YNW Melly,https://open.spotify.com/track/1iSqfoUFnQwV0QW1EfUit8,0.735,0.369,9,-9.682,0,0.0688,0.334,0.0,0.126,0.235,140.004
42,Slayerr,Tm88,https://open.spotify.com/track/5X2I1TVUkchLBggRTCMYem,0.709,0.676,9,-7.369,1,0.329,0.162,0.0,0.349,0.68,144.067
43,Young Grizzley World (feat. A Boogie Wit Da Hoodie & YNW Melly),Tee Grizzley,https://open.spotify.com/track/2HsSzwrvvgiYSCdsYLiJWB,0.779,0.705,8,-6.383,0,0.051,0.237,0.0,0.0899,0.451,122.996
44,Murder on My Mind,YNW Melly,https://open.spotify.com/track/7eBqSVxrzQZtK2mmgRG6lC,0.759,0.73,0,-7.985,0,0.0516,0.145,3.06e-06,0.11,0.74,115.007
45,Jungle,A Boogie Wit da Hoodie,https://open.spotify.com/track/5uZm7EFtP5aoTJvx5gv9Xf,0.538,0.52,7,-11.063,0,0.737,0.308,0.0,0.214,0.551,180.274
46,Love Me,Lil Tecca,https://open.spotify.com/track/4e0FYxSROat25pH16zMTZI,0.719,0.538,11,-6.897,0,0.28,0.632,0.0,0.135,0.803,204.132
47,What's the Move (feat. Lil Uzi Vert),Young Thug,https://open.spotify.com/track/3pTScODwk9tggZzmuH6xDY,0.961,0.438,7,-7.877,1,0.31,0.0431,0.0,0.139,0.412,124.018
48,Bad Bad Bad (feat. Lil Baby),Young Thug,https://open.spotify.com/track/1GeNui6m825V8jP4uKiIaH,0.974,0.596,6,-8.888,1,0.184,0.0976,0.0,0.151,0.892,111.959
49,"Pink Toes (Offset, DaBaby feat. Gunna)",Quality Control,https://open.spotify.com/track/0W1ZfgXpC23RYQPDq7RM5I,0.957,0.767,0,-5.116,1,0.115,0.0525,0.0,0.117,0.577,110.508
50,Ransom (with Juice WRLD) - Remix,Lil Tecca,https://open.spotify.com/track/2WsuSYJNXGKXVYkHPnq2yp,0.684,0.671,2,-6.424,0,0.289,0.0119,0.0,0.0769,0.45,179.987
51,Hot (feat. Gunna),Young Thug,https://open.spotify.com/track/5Z8HZM6iQMhhqyPcCGY5g9,0.855,0.651,0,-8.044,0,0.235,0.063,0.0,0.0772,0.559,111.997
52,War with Us,Ducey Gold,https://open.spotify.com/track/6oHbD74Mt2s55HHTlSbwMi,0.748,0.58,1,-7.741,0,0.269,0.0017,0.0,0.109,0.132,85.593
53,223's (feat. 9lokknine),YNW Melly,https://open.spotify.com/track/4sjiIpEv617LDXaidKioOI,0.932,0.547,0,-7.787,0,0.333,0.0388,0.0,0.0924,0.695,94.998
54,Shots,Lil Tecca,https://open.spotify.com/track/6eSU1exzDvBEXmBRxspeh5,0.829,0.582,7,-5.721,0,0.0415,0.525,0.0,0.0759,0.51,108.028
55,Bandit (with YoungBoy Never Broke Again),Juice WRLD,https://open.spotify.com/track/6Gg1gjgKi2AK4e0qzsR7sd,0.474,0.631,5,-5.884,0,0.343,0.0687,0.0,0.132,0.425,180.051
56,One Take,Lil Tjay,https://open.spotify.com/track/4uu7gKd1PffC7QEMcMk0Ro,0.76,0.615,5,-9.36,0,0.33,0.072,0.0,0.0571,0.351,148.014
57,what is real,iann dior,https://open.spotify.com/track/61StVXD7XDEeVBBdnvmFfM,0.626,0.769,1,-4.48,1,0.0343,0.224,0.0,0.116,0.446,93.483
58,F.N,Lil Tjay,https://open.spotify.com/track/0RLLvYBopDwooCyvnTwgYu,0.567,0.515,6,-10.265,0,0.247,0.354,0.0,0.078,0.321,120.1
59,High Fashion (feat. Mustard),Roddy Ricch,https://open.spotify.com/track/07KXEDMj78x68D884wgVEm,0.831,0.499,11,-8.442,0,0.114,0.269,0.0,0.3,0.511,97.956
60,First Place,Polo G,https://open.spotify.com/track/5rSVQzJQ5nMUcFJDkJMfzL,0.656,0.566,0,-9.501,1,0.339,0.0125,0.0,0.0655,0.563,137.215
61,Luv Is Art (feat. Lil Uzi Vert),A Boogie Wit da Hoodie,https://open.spotify.com/track/0LVaWrTztFOuN7g7gcyLs8,0.489,0.554,2,-8.437,1,0.183,0.212,1.9e-06,0.088,0.331,86.584
62,Team,Xavier Weeks,https://open.spotify.com/track/1ooO1j7bseZCHaCFxVpoMq,0.851,0.404,0,-11.855,1,0.124,0.386,2.49e-06,0.0733,0.0651,100.0
63,Barbarian (feat. Lil Tjay),Calboy,https://open.spotify.com/track/5NAheKWXXFvj86udnCMiYD,0.667,0.648,6,-7.838,0,0.152,0.135,0.0,0.108,0.579,149.927
64,Me and My Guitar,A Boogie Wit da Hoodie,https://open.spotify.com/track/6cZH4rX1KTt1aJ3Ql6Ynja,0.644,0.587,7,-6.736,0,0.353,0.473,0.0,0.0759,0.68,173.972
65,PTSD,G Herbo,https://open.spotify.com/track/3jT2LKH0RSbQ8jIUNFzXm5,0.883,0.808,1,-3.158,0,0.183,0.0317,0.0,0.207,0.805,119.012
66,Commercial (feat. Lil Uzi Vert),Lil Baby,https://open.spotify.com/track/3tDqEKKUs6gf8zMvSuLyLA,0.892,0.486,11,-8.637,0,0.384,0.048,0.0,0.146,0.535,120.998
67,Paradise,Lil Uzi Vert,https://open.spotify.com/track/7pudclCl5P99Me3P5F9hPC,0.594,0.85,2,-6.525,1,0.0954,0.0291,0.0,0.11,0.228,100.002
68,Emotionally Scarred,Lil Baby,https://open.spotify.com/track/7ge7BHazYbVKi8qyZUX1Bm,0.585,0.641,6,-4.269,0,0.133,0.0286,0.0,0.316,0.266,88.284
69,Flowers,iann dior,https://open.spotify.com/track/14xJYn35NZzLEZ2D1AfGRG,0.527,0.63,8,-7.67,1,0.0975,0.478,0.0,0.103,0.426,169.986
70,18,iann dior,https://open.spotify.com/track/0TK2EY9qEOo7n2c1UGUukJ,0.607,0.462,0,-9.644,1,0.102,0.047,0.0,0.0831,0.585,170.039
71,cutthroat,iann dior,https://open.spotify.com/track/6Dww26l37RgujIGsfDmDLp,0.659,0.594,2,-5.785,1,0.0496,0.116,0.0,0.104,0.232,77.994
72,waiting,916frosty,https://open.spotify.com/track/7fqwcwyNmaRLKr1YjISXeP,0.607,0.695,8,-5.88,0,0.16,0.302,0.0,0.12,0.155,101.985
73,Minute,NAV,https://open.spotify.com/track/3JWh19WsndEFg0UFRFeTiU,0.68,0.549,5,-8.277,0,0.244,0.0919,7.14e-05,0.548,0.29,162.874
74,Long Time - Intro,Playboi Carti,https://open.spotify.com/track/4IO2X2YoXoUMv0M2rwomLC,0.472,0.861,4,-3.966,0,0.0447,0.283,0.0,0.83,0.358,144.077
75,FlatBed Freestyle,Playboi Carti,https://open.spotify.com/track/5nayhWICkQGMTkisxVMbRw,0.755,0.552,9,-5.604,1,0.288,0.0967,0.0,0.158,0.402,153.157
76,772 Love,YNW Melly,https://open.spotify.com/track/230wNo1dnexltKYQbsW7oD,0.676,0.623,6,-7.297,0,0.0352,0.226,1.66e-05,0.159,0.347,111.466
77,Mama Cry,YNW Melly,https://open.spotify.com/track/2fSW54bA6x2iWePU7rpCiP,0.543,0.492,7,-7.432,1,0.156,0.0739,0.0,0.11,0.107,220.099
78,Call Me,NAV,https://open.spotify.com/track/1xpXnpIpuvzpx9jz15baJF,0.678,0.395,9,-8.639,0,0.12,0.411,0.00544,0.122,0.136,170.065
79,Heart On Ice (feat. Lil Durk) - Remix,Rod Wave,https://open.spotify.com/track/1K2xWMZP8mgMXAR5SpcLQu,0.762,0.372,10,-11.26,0,0.174,0.165,0.0,0.139,0.315,79.037
80,Legends,Juice WRLD,https://open.spotify.com/track/1Knctxx9vGZxpZfF66BIEa,0.594,0.798,4,-5.244,1,0.0844,0.115,0.0,0.143,0.381,142.049
81,LUV,Trilla Kid,https://open.spotify.com/track/4Jc8dfX2kSb9a7YlEK4APR,0.791,0.498,8,-11.473,0,0.0979,0.653,0.00927,0.102,0.176,110.486
82,That Way,Lil Uzi Vert,https://open.spotify.com/track/5raTDhlbxFDnpn89bxArdH,0.719,0.611,7,-5.01,0,0.0403,0.0582,0.0,0.155,0.489,129.962
83,Go Stupid (feat. NLE Choppa & Mike WiLL Made-It),Polo G,https://open.spotify.com/track/74fV8TuLZKVzSIOOGu8wwI,0.92,0.833,1,-3.18,1,0.253,0.0277,0.0,0.0596,0.645,141.034
84,Grab the Wheel,Lil Uzi Vert,https://open.spotify.com/track/3aJ66zarLOVW4o2nPDxg0g,0.748,0.48,5,-6.37,0,0.14,0.388,0.0,0.139,0.296,137.835
85,I Can Drive,Lil Uzi Vert,https://open.spotify.com/track/5wyrQLBbmKdxY6yLNdienj,0.759,0.489,1,-9.141,1,0.321,0.0811,0.0,0.149,0.346,138.98
86,Baby Pluto,Lil Uzi Vert,https://open.spotify.com/track/7hav1MHURQf5SAoPk0egqh,0.772,0.634,10,-6.101,0,0.212,0.135,0.0,0.432,0.671,160.052
87,I'm Sorry,Lil Uzi Vert,https://open.spotify.com/track/1xcOYJxDa5pObgxY1r0I9c,0.858,0.547,1,-5.822,1,0.29,0.213,0.0,0.104,0.303,128.02
88,Celebration Station,Lil Uzi Vert,https://open.spotify.com/track/25B5fGr9K0VdZJiRFsnMO4,0.748,0.771,6,-4.156,1,0.15,0.101,0.0,0.135,0.792,142.086
89,Bust Me,Lil Uzi Vert,https://open.spotify.com/track/4wBcaYqLPm7EtDVoJQORU4,0.734,0.703,11,-6.256,1,0.355,0.237,1.99e-06,0.413,0.608,151.923
90,Venetia,Lil Uzi Vert,https://open.spotify.com/track/3BYIzNZ3t9lRQCACXSMLrT,0.775,0.757,9,-4.139,1,0.175,0.162,0.0,0.148,0.562,142.933
91,P2,Lil Uzi Vert,https://open.spotify.com/track/3kW4z2pIj5VY5fLjBrMRL5,0.775,0.72,11,-5.353,0,0.193,0.0236,0.0,0.114,0.49,155.086
92,Suicidal (feat. Juice WRLD) - Remix,YNW Melly,https://open.spotify.com/track/7s9n7XfmciHiupK42ZhiUr,0.645,0.429,9,-5.259,0,0.0872,0.437,0.0,0.0994,0.278,139.862
93,Myron,Lil Uzi Vert,https://open.spotify.com/track/56uXDJRCuoS7abX3SkzHKQ,0.771,0.654,8,-6.976,0,0.298,0.055,0.0,0.214,0.573,155.047
94,Lotus,Lil Uzi Vert,https://open.spotify.com/track/4SnlSaLJJ7reJMCHM5YUuX,0.802,0.748,8,-5.708,1,0.207,0.24,0.0,0.165,0.516,150.063
95,Bean (Kobe) [feat. Chief Keef],Lil Uzi Vert,https://open.spotify.com/track/0IpnZchq8ek2A6pGEP2Qb1,0.733,0.567,0,-6.718,1,0.319,0.0129,0.0,0.382,0.319,75.491
96,I Can Show You,Lil Uzi Vert,https://open.spotify.com/track/0AhJag7VI8uFf3mJFsTwvf,0.817,0.656,10,-7.086,0,0.277,0.051,0.0,0.115,0.314,139.915
97,Moon Relate,Lil Uzi Vert,https://open.spotify.com/track/4sWGHlZGM1XA7TyWdtBAbA,0.867,0.768,7,-3.73,1,0.0791,0.18,0.0,0.254,0.34,102.021
98,Trap This Way (This Way),Lil Uzi Vert,https://open.spotify.com/track/7vTspUAmMKFkUpKL9HLZNL,0.71,0.586,2,-5.331,1,0.381,0.248,0.0,0.193,0.207,175.987
99,Oprah’s Bank Account (Lil Yachty & DaBaby feat. Drake),Lil Yachty,https://open.spotify.com/track/7wsmIIm0xWmtP7TmACXkJn,0.836,0.617,0,-4.363,1,0.0534,0.17,0.0,0.319,0.866,138.066
100,RAPSTAR,Polo G,https://open.spotify.com/track/43PGPuHIlVOc04jrZVh9L6,0.789,0.536,6,-6.862,1,0.242,0.41,0.0,0.129,0.437,81.039
101,Solid (feat. Drake),Young Stoner Life,https://open.spotify.com/track/6rTInqW3YECMkQsBEHw4sd,0.887,0.485,11,-9.358,0,0.2,0.0392,0.0,0.141,0.328,125.987
102,Wants and Needs (feat. Lil Baby),Drake,https://open.spotify.com/track/65OVbaJR5O1RmwOQx0875b,0.578,0.449,1,-6.349,1,0.286,0.0618,2.17e-06,0.119,0.1,136.006
103,Headshot (feat. Polo G & Fivio Foreign),Lil Tjay,https://open.spotify.com/track/6cQ08IpBxxfGcSKxqE3NmB,0.809,0.638,1,-7.268,0,0.257,0.0758,0.0,0.15,0.392,117.982
104,Ski,Young Stoner Life,https://open.spotify.com/track/6755DFiZ7CWe2WMdTGW5C1,0.953,0.621,8,-7.638,0,0.221,0.017,0.0,0.0398,0.883,123.016
105,Richer (feat. Polo G),Rod Wave,https://open.spotify.com/track/7HsjuVBM93Z2RoxjpWLgTT,0.726,0.411,1,-12.929,1,0.0671,0.438,0.0,0.087,0.734,137.905
106,Proud of You (feat. Lil Uzi Vert & Yung Kayo),Young Stoner Life,https://open.spotify.com/track/16eZmQoeajKH8G2nPe2chk,0.848,0.451,5,-7.539,0,0.228,0.0208,0.0,0.194,0.223,135.941
107,Hostage,Unodavid,https://open.spotify.com/track/16qPkGAjjtZ9dKuSUwpFB5,0.699,0.39,6,-12.128,0,0.0752,0.39,0.0,0.106,0.509,160.071
108,Perfect Pair,Unodavid,https://open.spotify.com/track/06I2PKNDtP6ypDXAMqCARp,0.728,0.439,11,-10.62,1,0.143,0.193,0.0,0.106,0.34,82.962
109,Red Bottom Sky,Yung Lean,https://open.spotify.com/track/2WloLsoUqp1A0xxNAwoiwh,0.692,0.401,7,-9.382,1,0.0936,0.73,0.000932,0.0722,0.33,120.336
110,"i hate u, i love u (feat. olivia o'brien)",gnash,https://open.spotify.com/track/7vRriwrloYVaoAe3a9wJHe,0.492,0.275,6,-13.4,0,0.3,0.687,0.0,0.101,0.18,92.6
111,Flaws,SadBoyNarco,https://open.spotify.com/track/4tXILcfNurnGC7qVJHg9rw,0.629,0.448,5,-10.256,1,0.13,0.52,0.0,0.0927,0.629,162.084
112,Urself,iann dior,https://open.spotify.com/track/0EcKn4nTp9tbdVtDsgMi07,0.739,0.486,3,-7.517,0,0.0409,0.452,0.0,0.107,0.74,123.042
113,In Too Deep,iann dior,https://open.spotify.com/track/3p76CbedbZakoOCHV6wPZE,0.801,0.394,6,-7.979,0,0.0321,0.361,0.0,0.107,0.305,115.009
114,Depression & Obsession,XXXTENTACION,https://open.spotify.com/track/2H3wWrnO758y0fPH7Ilerg,0.769,0.156,11,-10.7,0,0.035,0.585,0.015,0.102,0.527,105.95
115,Destiny,NEFFEX,https://open.spotify.com/track/3r6gzwL520UUeq1LNTvlzt,0.86,0.58,9,-7.577,1,0.0505,0.0172,1.12e-06,0.0545,0.874,130.007
116,Rumors,NEFFEX,https://open.spotify.com/track/7wOqBOryVGD3nqDUihDSwL,0.673,0.706,8,-8.4,1,0.115,0.0603,2.75e-06,0.426,0.516,74.972
117,Grateful,NEFFEX,https://open.spotify.com/track/1e6aAbWR0MXCNcr4yQovNr,0.782,0.757,6,-6.504,1,0.0898,0.107,0.0,0.0779,0.943,75.002
118,Best of Me,NEFFEX,https://open.spotify.com/track/7zv0i1f8kTy8hPapkm28kz,0.657,0.842,0,-5.26,1,0.068,0.0051,2.77e-06,0.223,0.594,74.995
119,Careless,NEFFEX,https://open.spotify.com/track/6kqJGZcI5eVkfP4vnhOZMd,0.712,0.545,10,-8.401,1,0.11,0.0849,0.0,0.095,0.44,74.996
120,Life,NEFFEX,https://open.spotify.com/track/4liXEhjIpF4gkQJfHOZcGW,0.383,0.788,4,-5.603,1,0.28,0.0993,0.0,0.34,0.708,99.742
121,Mr. Arm And Hammer,E-40,https://open.spotify.com/track/0M8Z66mQ7zHMj2TdHtLwgE,0.911,0.618,1,-6.041,1,0.25,0.104,5.62e-06,0.331,0.23,101.967
122,Anime Outro,SadBoyNarco,https://open.spotify.com/track/2l3otqc0PUFuRj4JlCOpvO,0.628,0.847,0,-4.794,1,0.164,0.225,0.0,0.138,0.674,122.022
123,紅蓮華,LiSA,https://open.spotify.com/track/23DbzwNJSLo7nkSWjODMvY,0.545,0.979,4,-2.8,0,0.153,0.00339,0.000118,0.0775,0.309,135.002
124,紅蓮華,LiSA,https://open.spotify.com/track/0qMip0B2D4ePEjBJvAtYre,0.541,0.977,4,-2.828,0,0.157,0.00321,5.13e-05,0.0796,0.263,134.938
125,RESISTER,ASCA,https://open.spotify.com/track/6gIRGXpw4Uy2RyUaE5JKb7,0.482,0.946,8,-3.059,1,0.0903,0.0101,0.0,0.142,0.399,91.498
126,Howling,ASCA,https://open.spotify.com/track/2BRpXKc1lQ57W8s8EgmVaV,0.543,0.952,8,-3.137,1,0.0874,0.00615,0.0,0.236,0.663,143.011
127,SPARK-AGAIN,Aimer,https://open.spotify.com/track/7c7iiyRHZQB2VUxyUQA8ZI,0.444,0.961,6,-3.835,0,0.112,0.000715,0.00577,0.31,0.667,90.036
128,Brave Shine,Aimer,https://open.spotify.com/track/0f34MnV51uwA1jhPQ2XnDe,0.366,0.893,5,-5.913,0,0.091,0.003,6.35e-06,0.141,0.471,171.064
129,Ref:rain,Aimer,https://open.spotify.com/track/0GtSbIUxOgrIcQSp10fuhx,0.472,0.672,7,-4.297,1,0.0287,0.0343,0.0,0.0936,0.313,77.982
130,April Showers,Aimer,https://open.spotify.com/track/1RYS6fQjK0nSYE8tZO7Aj1,0.449,0.363,0,-7.066,1,0.0283,0.695,0.0,0.121,0.398,77.007
131,Lost in the Hills,Rocstaryoshi,https://open.spotify.com/track/1NoXxC9ZgLs4UNMsMkJnZs,0.607,0.656,5,-9.189,0,0.194,0.0814,0.0,0.136,0.537,158.038
132,Mood (feat. Lil Uzi Vert),DJ Rell,https://open.spotify.com/track/2yDcSQquR9MHnHsuzdzKpO,0.775,0.611,6,-6.782,1,0.0521,0.0672,0.0,0.436,0.581,137.042
133,Oh Well,Lil Tjay,https://open.spotify.com/track/5j5MbkYwoJKV1gASgobqpe,0.785,0.611,8,-6.819,0,0.218,0.00495,0.0,0.11,0.539,138.971
134,Irregular Love,Lil Tjay,https://open.spotify.com/track/1zAhyJGJ8xDCqLtUbcuCZf,0.587,0.497,5,-10.454,1,0.507,0.733,6.84e-06,0.336,0.57,111.929
135,Anything,Austin Skinner,https://open.spotify.com/track/1ooq3nlROfxMGr1uxWLhA1,0.727,0.407,9,-11.384,0,0.059,0.263,8.68e-05,0.117,0.0667,130.024
136,Complete Me ## Patterns,Austin Skinner,https://open.spotify.com/track/1LbDC8R8OWPG1ex69eFfem,0.604,0.563,4,-7.902,0,0.0354,0.119,0.0,0.109,0.554,153.057
137,Wish You Well,Austin Skinner,https://open.spotify.com/track/33MjJUU24w4dRxZbhOwP0b,0.737,0.616,2,-6.918,0,0.234,0.0225,0.0,0.105,0.573,154.086
138,Best Friend,BA,https://open.spotify.com/track/3BsqxlpPaUyEiBQcpKFbgR,0.624,0.82,7,-2.477,1,0.0896,0.37,0.0,0.0907,0.524,139.928
139,Good Friends Club,Angst,https://open.spotify.com/track/33F198ktGNrb4CPKzM3rCM,0.686,0.726,9,-4.032,1,0.0767,0.042,0.0,0.101,0.539,149.989
140,Run It Up (feat. Offset & Moneybagg Yo),Lil Tjay,https://open.spotify.com/track/1dg3qy5DjoJodawfOCgrTP,0.88,0.575,6,-6.091,1,0.163,0.415,0.0,0.109,0.671,120.031
141,JETSKI (feat. Lil Mosey & Lil Tecca),Internet Money,https://open.spotify.com/track/2vl0D1b0M6UHlD1Fjh5j1m,0.883,0.446,8,-8.723,0,0.296,0.0253,0.0,0.103,0.463,92.95
142,Epidemic,Polo G,https://open.spotify.com/track/170DNUSnQRp1tGpppF26pA,0.616,0.617,1,-8.431,1,0.52,0.128,0.0,0.177,0.476,175.929
143,We Paid (feat. 42 Dugg),Lil Baby,https://open.spotify.com/track/6gxKUmycQX7uyMwJcweFjp,0.926,0.542,1,-5.064,1,0.293,0.135,0.0,0.0877,0.564,135.14
144,Trap Queen,Fetty Wap,https://open.spotify.com/track/2d8JP84HNLKhmd6IYOoupQ,0.746,0.873,7,-3.803,1,0.128,0.0244,0.0,0.354,0.817,148.075
145,679 (feat. Monty),Fetty Wap,https://open.spotify.com/track/0w3Q3VFdrYzo24QUIGnBNy,0.545,0.763,11,-5.528,0,0.407,0.00715,0.0,0.668,0.752,126.59
146,Righteous,Juice WRLD,https://open.spotify.com/track/5dOxHHMOFAbG3VH23t0xNm,0.706,0.625,0,-7.426,1,0.0314,0.0417,0.0,0.129,0.225,142.948
147,Reminds Me Of You,Juice WRLD,https://open.spotify.com/track/5YSHygGN9D0mID1NsVd5my,0.613,0.631,4,-6.965,1,0.12,0.0663,0.0,0.169,0.33,149.992
148,Rage,2gaudy,https://open.spotify.com/track/2ZsldeTfZuAUHBXAKLWCdy,0.745,0.505,7,-9.779,1,0.0767,0.0484,0.0,0.0708,0.496,116.969
149,She Wants It,2gaudy,https://open.spotify.com/track/19coiw9dDWBNHtQhdKL1VC,0.864,0.471,10,-10.05,0,0.336,0.135,0.0,0.0986,0.628,95.95
150,So Long,Killval,https://open.spotify.com/track/60rUopTzjHomIx2LfCuJDl,0.781,0.563,5,-6.106,0,0.0641,0.0687,0.0,0.113,0.581,113.276
151,Only Fans,Killval,https://open.spotify.com/track/48U8LP6778CLF9kEEubMU6,0.507,0.529,11,-8.188,0,0.236,0.229,0.0,0.178,0.217,171.795
152,Bold,Killval,https://open.spotify.com/track/295TyCvWnPOR9ZJ6Wn1Lu2,0.726,0.499,1,-11.145,1,0.0481,0.0894,0.0,0.083,0.184,81.509
153,I Don't Know,Trevor Daniel,https://open.spotify.com/track/3PadWF84swB6CPBvEK8itU,0.697,0.395,11,-7.667,0,0.041,0.871,1.69e-05,0.322,0.608,75.021
154,Bad Habits,Wstdyth,https://open.spotify.com/track/6PXxC8fYuRg101LhHwrVLy,0.567,0.717,8,-5.468,1,0.0334,0.0674,1.4e-05,0.112,0.123,90.016
155,"i still care, but i know that i shouldn't",Lil Skele,https://open.spotify.com/track/2sKJmlDeSL1DIl1VZS5Fr4,0.614,0.456,11,-10.39,1,0.0338,0.014,0.0,0.379,0.32,126.947
156,breaking,Lil Skele,https://open.spotify.com/track/7JmrAybsvPmBYnXDx9lfIw,0.561,0.66,9,-7.848,1,0.0392,0.488,1.75e-06,0.155,0.155,106.063
157,So Long,Burnout,https://open.spotify.com/track/5Sq6UMywq8v3PjGaEHJ7eC,0.54,0.665,0,-4.819,1,0.0339,0.00697,0.0,0.0965,0.192,85.077
158,Me Again,Unodavid,https://open.spotify.com/track/602ue13V6CyZzoVvOgLiRA,0.746,0.465,0,-13.581,0,0.0331,0.251,3.01e-05,0.0675,0.662,94.502
159,In My Head,Unodavid,https://open.spotify.com/track/5jfkhjOOHwuZeNQ9hpIEYE,0.543,0.61,9,-7.646,1,0.0646,0.205,0.0,0.133,0.101,177.999
160,Location,Playboi Carti,https://open.spotify.com/track/3yk7PJnryiJ8mAPqsrujzf,0.717,0.79,11,-4.213,1,0.2,0.33,0.000125,0.518,0.371,125.985
161,Sky,Playboi Carti,https://open.spotify.com/track/29TPjc8wxfz4XMn21O7VsZ,0.785,0.903,2,-4.184,1,0.21,0.258,0.0,0.169,0.565,139.98
162,Rose Gold (feat. King Von),PnB Rock,https://open.spotify.com/track/1qPJqsojWPApzEuSVoFawJ,0.574,0.623,0,-5.096,0,0.191,0.184,0.0,0.103,0.529,79.993
163,花の唄,Aimer,https://open.spotify.com/track/6Yq12ANrWNg6VmcrbcwukW,0.352,0.693,5,-4.508,0,0.0375,0.0567,2.7e-06,0.0585,0.179,80.153
164,Love Sosa,Chief Keef,https://open.spotify.com/track/4IowQDUOzUvNtp72HMDcKO,0.772,0.413,0,-8.193,0,0.089,0.0361,0.0,0.111,0.211,131.965
165,Hate Bein' Sober,Chief Keef,https://open.spotify.com/track/3SuzCeGoNOWmbWOoDMou0B,0.82,0.47,8,-7.181,1,0.0458,0.00435,0.0,0.141,0.313,132.003
166,Save That Shit,Chief Keef,https://open.spotify.com/track/0uATCc7skXRKGBYp4FHdBZ,0.545,0.826,1,-4.651,1,0.0491,0.138,0.0,0.338,0.487,140.02
167,i n t e r l u d e,J. Cole,https://open.spotify.com/track/2gyYjQWXKxemhAyMPgctIx,0.604,0.668,1,-3.525,1,0.115,0.11,0.0,0.407,0.114,100.854
168,Miss The Rage (feat. Playboi Carti),Trippie Redd,https://open.spotify.com/track/2BITQ360Knh6qNAOqR7Dyq,0.584,0.859,8,-5.616,1,0.121,0.0144,0.0,0.847,0.369,77.005
169,"His & Hers (feat. Don Toliver, Lil Uzi Vert & Gunna)",Internet Money,https://open.spotify.com/track/2IePEfMAtqWS6rLXXFZIgI,0.792,0.707,7,-5.218,0,0.0623,0.116,0.0,0.12,0.408,134.997
170,NEVER LEFT,Lil Tecca,https://open.spotify.com/track/21UkXrc9kD48rNpTMI2ecz,0.807,0.659,11,-6.92,1,0.332,0.0224,0.0,0.309,0.438,82.465
171,On Me,Lil Baby,https://open.spotify.com/track/4Iedi94TIaB2GGb1nMB68v,0.856,0.564,6,-6.295,0,0.392,0.00327,0.0,0.134,0.483,77.972
172,walk away as the door slams,Lil Peep,https://open.spotify.com/track/5vJMWciCIDG0R5gLZLF8DC,0.553,0.572,1,-6.703,1,0.039,0.000115,0.0,0.115,0.168,135.036
173,GANG GANG (with Lil Wayne),Polo G,https://open.spotify.com/track/4VW44pawoOHPUjlN7DX5vk,0.752,0.563,3,-8.066,0,0.209,0.146,0.0,0.103,0.551,145.05
174,24 Hours (feat. Lil Durk),A Boogie Wit da Hoodie,https://open.spotify.com/track/0YH1xT3Z7wR6dZyaCwSziK,0.586,0.474,2,-9.21,0,0.18,0.334,0.0,0.118,0.146,91.105
175,Hypnotized,Unodavid,https://open.spotify.com/track/5vW5AHNZDIJ6fmj0cBS0WV,0.811,0.508,10,-9.978,1,0.0499,0.0466,0.0,0.0906,0.0719,102.962
176,Tiger,2gaudy,https://open.spotify.com/track/7oCNvGK0ESh6RP5fTjPynu,0.462,0.467,5,-10.42,0,0.1,0.14,0.0,0.112,0.325,124.596
177,Hats Off (feat. Travis Scott),Lil Baby,https://open.spotify.com/track/4lUmnwRybYH7mMzf16xB0y,0.596,0.65,9,-5.167,1,0.337,0.138,0.0,0.14,0.188,133.997
178,2055,Sleepy Hallow,https://open.spotify.com/track/4XvcHTUfIlWfyJTRG0aqlo,0.829,0.512,6,-5.865,0,0.187,0.492,0.0,0.12,0.638,80.511
179,Toxic,Polo G,https://open.spotify.com/track/3h3NKhcfHkr6GvEpC3FRI5,0.685,0.515,4,-8.666,0,0.291,0.548,0.0,0.119,0.299,162.071
180,Boom,Polo G,https://open.spotify.com/track/6vQnpXl0KvwTfLpIhoOLHc,0.738,0.658,5,-7.44,0,0.269,0.0344,0.0,0.419,0.39,128.208
181,silky heart,Yui Horie,https://open.spotify.com/track/2ixZvl7uehd51Tcgo6dnMs,0.681,0.936,11,-6.388,1,0.0345,0.00895,0.0593,0.662,0.959,134.992
182,Black Hearted,Polo G,https://open.spotify.com/track/25qk9xa71F1POdI4vj7rbi,0.506,0.563,1,-7.664,0,0.411,0.0326,0.0,0.0856,0.153,168.146
183,No Return (with The Kid LAROI & Lil Durk),Polo G,https://open.spotify.com/track/23OYT3SFtoJqhiAUqktbc1,0.479,0.645,5,-7.336,0,0.302,0.135,0.0,0.0825,0.381,155.057
184,4 Da Gang (with Roddy Ricch),42 Dugg,https://open.spotify.com/track/4KIkADzoVm3A10E9qyjsQ5,0.871,0.545,7,-10.489,1,0.189,0.0143,0.0,0.148,0.722,100.482
185,Ramen & OJ,Joyner Lucas,https://open.spotify.com/track/4TIqzdAssasqx3DAe6cG9J,0.597,0.571,1,-6.205,0,0.293,0.492,0.0,0.093,0.165,106.196
186,The Hardest,milet,https://open.spotify.com/track/7CKNE8ehCcrhNl1royR1Oz,0.557,0.384,0,-7.533,1,0.038,0.693,0.0,0.102,0.286,75.057
187,Scrub,Sleepy Hallow,https://open.spotify.com/track/28ZhRMf6jwUWNtJgOBR7HL,0.772,0.742,11,-5.313,1,0.382,0.657,3.98e-06,0.367,0.903,186.145
188,Molly,Sleepy Hallow,https://open.spotify.com/track/3m49rgJQUz5GU07RWjf5SH,0.812,0.385,10,-9.676,0,0.416,0.787,0.0,0.103,0.742,133.993
189,Weight On Me,Sheff G,https://open.spotify.com/track/6A4hgJdwriera4WSUl4moW,0.801,0.533,3,-6.198,0,0.222,0.707,4.28e-05,0.125,0.626,121.959
190,through the late night,Travis Scott,https://open.spotify.com/track/1Ci4wASMY4xtKVMeHA6Sd5,0.744,0.589,5,-1.218,0,0.0359,0.36,0.0,0.119,0.242,127.051
191,春はゆく,Aimer,https://open.spotify.com/track/2rizK3oastlZwyoYwrcLgC,0.397,0.427,5,-6.954,0,0.0271,0.186,0.0,0.0976,0.227,80.035
192,ANIMA,ReoNa,https://open.spotify.com/track/2j1r3ubqqxuoTFaPVnTV1j,0.455,0.918,1,-4.503,1,0.141,0.000732,0.0,0.249,0.498,96.513
193,虹の彼方に,ReoNa,https://open.spotify.com/track/64WsT14hhzXwbTEY1PntsU,0.622,0.214,5,-9.397,1,0.0282,0.946,1.62e-05,0.124,0.401,97.456
194,forget-me-not,ReoNa,https://open.spotify.com/track/3A4Najtnflk9RIdkM34Njs,0.462,0.918,5,-3.865,1,0.0833,0.0044,1.13e-06,0.307,0.518,147.954
195,Till the End,ReoNa,https://open.spotify.com/track/4iaSSJYuSYd9MSOQ2au3Pc,0.35,0.833,0,-4.5,1,0.0996,0.00522,0.000193,0.038,0.347,178.531
196,まっさら,ReoNa,https://open.spotify.com/track/6gJ5wPcapcwS4nCN5aOBDW,0.355,0.519,8,-6.6,1,0.0505,0.115,1.15e-06,0.0711,0.226,165.988
197,unknown,ReoNa,https://open.spotify.com/track/53EFNhX0kPa6HZcRNjpe2S,0.415,0.81,10,-5.711,1,0.0583,0.0295,0.0,0.0658,0.622,168.109
198,Crash,Unodavid,https://open.spotify.com/track/3gmuMW51v3Dt9AtuvE3anJ,0.407,0.631,7,-9.729,1,0.0402,0.0103,0.0,0.137,0.144,149.967
199,Teenage Dream 2 (with Lil Uzi Vert),Kidd G,https://open.spotify.com/track/1P9JOrLMizchG5imSTQqrI,0.628,0.61,11,-4.541,1,0.0364,0.372,0.0,0.456,0.28,85.043
200,Motley Crew,Post Malone,https://open.spotify.com/track/40uMIn2zJLAQhNXghRjBed,0.797,0.631,3,-3.818,0,0.0786,0.0904,3.71e-06,0.0998,0.288,129.915
201,Cry No More,G Herbo,https://open.spotify.com/track/1TwQ0XtQfCgcstxhpOSg7t,0.74,0.611,7,-7.312,1,0.155,0.227,0.0,0.0991,0.534,129.947
202,Antisocial,Slump6s,https://open.spotify.com/track/2dQa4RNT22zCHGSingau85,0.615,0.576,1,-7.268,1,0.345,0.00196,0.0,0.387,0.488,146.37
203,Burn Bridges,Yung Aje,https://open.spotify.com/track/5wdRn0pGIQSrlm040pPZjq,0.764,0.523,1,-12.041,1,0.11,0.00499,0.000152,0.108,0.611,88.011
204,Catch Her,Killval,https://open.spotify.com/track/7D5ylxBuO5q8uHqDNsZRPj,0.639,0.569,2,-6.023,1,0.0724,0.0973,0.0,0.099,0.207,93.123
205,For the Vibe,2gaudy,https://open.spotify.com/track/1S9JhxKZ0tLFACEl1KQ2Y9,0.624,0.54,11,-9.916,0,0.207,0.361,7.5e-06,0.0977,0.212,160.034
206,Neurotic (LFG Mix),2gaudy,https://open.spotify.com/track/7ldV6cRrxtMuNofgqeBbFQ,0.566,0.549,1,-11.354,1,0.201,0.222,0.0,0.121,0.457,162.07
207,NO TURNING BACK,NEFFEX,https://open.spotify.com/track/3NuAzmw57An0d7nO7ym5Tt,0.768,0.718,6,-5.915,0,0.103,0.0235,0.000207,0.107,0.284,119.965
208,REVOLUTION,NEFFEX,https://open.spotify.com/track/5Zuar0Ac1t1uizzw3y5KPm,0.731,0.861,0,-3.656,1,0.0316,0.0159,2.04e-06,0.214,0.425,99.979
209,BELIEVE,NEFFEX,https://open.spotify.com/track/2VpyqzXj9ZGTSy2JVkVD2z,0.595,0.668,6,-6.32,1,0.0378,0.027,0.0,0.155,0.45,120.047
210,"Kawaki wo Ameku (From ""Domestic na Kanojo"") - Full Version",Akano,https://open.spotify.com/track/7olM68e5erCYi5wxh5Ul4h,0.709,0.665,6,-9.434,0,0.0595,0.0573,0.0,0.211,0.555,130.009
211,Someone,Xavier Weeks,https://open.spotify.com/track/4BLZtqLUOVjCPKCoUQpLwb,0.771,0.539,8,-9.624,1,0.0958,0.0859,6.82e-05,0.105,0.501,95.127
212,Dirt Road,Kidd G,https://open.spotify.com/track/24LyKCgvEia1eAPUbuISlk,0.796,0.516,8,-7.891,1,0.0744,0.519,0.0,0.126,0.181,140.012
213,Clarity,Zedd,https://open.spotify.com/track/60wwxj6Dd9NJlirf84wr2c,0.509,0.781,8,-3.48,1,0.072,0.0398,0.0,0.0749,0.176,128.0
214,Off The Grid,Kanye West,https://open.spotify.com/track/2gbMPBrBVj3CuNTLp2dHYs,0.546,0.64,8,-5.582,1,0.37,0.0438,0.0,0.137,0.63,137.728
215,Hurricane,Kanye West,https://open.spotify.com/track/0RbW8kWozrVSIGb4V13o0o,0.587,0.561,0,-6.569,1,0.146,0.0466,0.0,0.109,0.351,80.009
216,Pure Souls,Kanye West,https://open.spotify.com/track/7up5MwPUHQdv4DkzQRHRWP,0.381,0.528,5,-6.997,1,0.0449,0.102,0.0,0.269,0.256,97.207
217,Girls Want Girls (with Lil Baby),Drake,https://open.spotify.com/track/37Nqx7iavZpotJSDXZWbJ3,0.767,0.438,7,-8.726,0,0.29,0.181,0.0,0.142,0.381,86.975
218,IMY2 (with Kid Cudi),Drake,https://open.spotify.com/track/7F9cT6hIRhnFCYP6GKS0tf,0.59,0.493,7,-8.704,0,0.0367,0.402,0.00504,0.129,0.0498,150.026
219,Fair Trade (with Travis Scott),Drake,https://open.spotify.com/track/40iJIUlhi6renaREYGeIDS,0.666,0.465,1,-8.545,1,0.26,0.0503,0.0,0.215,0.292,167.937
220,Way 2 Sexy (with Future & Young Thug),Drake,https://open.spotify.com/track/0k1WUmIRnG3xU6fvvDVfRG,0.803,0.597,11,-6.035,0,0.141,0.000619,4.5e-06,0.323,0.331,136.008
221,family ties (with Kendrick Lamar),Baby Keem,https://open.spotify.com/track/3QFInJAm9eyaho5vBzxInN,0.711,0.611,1,-5.453,1,0.33,0.00588,0.0,0.23,0.144,134.093
222,Believer,ReoNa,https://open.spotify.com/track/0ii7ebPPvmqVl5oPlet3JL,0.488,0.915,0,-4.668,1,0.0758,0.00229,0.0,0.415,0.583,96.54
223,V12 (feat. Lil Uzi Vert),iann dior,https://open.spotify.com/track/4ZUNw5tDBZTOqzPEVIYyOy,0.705,0.681,4,-3.286,0,0.148,0.411,0.0,0.121,0.626,164.941
224,Mind of Melvin (feat. Lil Uzi Vert),YNW Melly,https://open.spotify.com/track/5xyLeb2q1lxDf7hXKYlC1H,0.663,0.432,8,-8.553,1,0.0382,0.448,2.62e-05,0.152,0.307,130.108
225,NOT SOBER (feat. Polo G & Stunna Gambino),The Kid LAROI,https://open.spotify.com/track/1JXBNvlDEl2epKSJ9EOgKX,0.671,0.639,2,-6.852,0,0.134,0.0928,0.0,0.0941,0.385,119.82
226,"CHOPPA SHOOT THE LOUDEST (with Chief Keef, feat.Trippie Redd)",Lil Tecca,https://open.spotify.com/track/2MyQK6cKu9IAzNXiBm7TD0,0.585,0.765,10,-5.575,0,0.0589,0.0644,0.0,0.148,0.18,145.155
227,Believe in you,nonoc,https://open.spotify.com/track/6PX3qvQ3EnWerki57zifnQ,0.473,0.563,6,-5.3,1,0.0332,0.0938,5.69e-06,0.149,0.134,92.023
228,STAY ALIVE,エミリア(CV:高橋李依),https://open.spotify.com/track/0JxVqBmb7PBbZ8diD2fuOb,0.424,0.524,8,-5.237,1,0.034,0.0259,0.0,0.148,0.134,139.953
229,Beautiful Nightmare,Lil Tracy,https://open.spotify.com/track/1RQ8SmTNoFR1xZlDcar6pb,0.675,0.63,4,-8.052,1,0.072,0.0263,0.0,0.284,0.223,77.492
230,your favorite dress,Lil Peep,https://open.spotify.com/track/1i5VGJwl7gFw0hQP4dVDgK,0.497,0.629,7,-7.613,1,0.0541,0.0803,0.0,0.111,0.1,129.905
231,past the castle walls,Lil Peep,https://open.spotify.com/track/78nGj0nbBLDWnzSwWU2jOh,0.607,0.639,7,-8.767,0,0.0404,0.00179,0.0,0.221,0.24,166.034
232,dying out west,Lil Peep,https://open.spotify.com/track/4HOpXqs8bTeQRXJG8IwvKt,0.513,0.617,5,-7.014,1,0.0357,0.000588,3.16e-05,0.147,0.301,159.928
233,"never eat, never sleep",Lil Peep,https://open.spotify.com/track/40wRIah3CuZCHyMhL1G9az,0.662,0.582,5,-7.557,0,0.0964,0.00193,0.0,0.13,0.395,142.057
234,witchblades,Lil Peep,https://open.spotify.com/track/5GLW3IBX8Nhsup4bBLyGxa,0.642,0.54,8,-7.002,1,0.0761,0.0222,0.0,0.303,0.579,143.941
235,Nurse,SSGKobe,https://open.spotify.com/track/4nKEXeG4abEpUB5y0D7Dny,0.819,0.348,9,-11.19,0,0.459,0.143,0.0,0.0989,0.441,130.159
236,MIA,SSGKobe,https://open.spotify.com/track/2N0YVoyymRbn3qSOQYkwOr,0.358,0.611,4,-6.913,0,0.0465,0.00441,0.0,0.0881,0.283,83.743
237,Drop,SSGKobe,https://open.spotify.com/track/6ehRD65ISG6dpELC8nReM5,0.817,0.508,8,-10.888,0,0.299,0.0572,0.0,0.117,0.479,121.361
238,a m a r i,J. Cole,https://open.spotify.com/track/2cnKST6T9qUo2i907lm8zX,0.725,0.713,4,-6.173,0,0.187,0.127,0.0,0.617,0.207,65.988
239,Heat Waves,Glass Animals,https://open.spotify.com/track/02MWAaffLxlfxAUY7c5dvx,0.761,0.525,11,-6.9,1,0.0944,0.44,6.7e-06,0.0921,0.531,80.87
240,Yacht Club (feat. Juice WRLD),Lil Yachty,https://open.spotify.com/track/5R2rsbwCDXORX2tLfprRmM,0.721,0.508,7,-7.496,1,0.394,0.317,0.0,0.153,0.457,159.911
241,Flocky Flocky (feat. Travis Scott),Don Toliver,https://open.spotify.com/track/25r6MZ4Gtd76l43qnZI1DG,0.8,0.541,10,-5.05,0,0.0375,0.0252,0.0,0.146,0.194,135.99
242,OUTERSPACE (feat. Baby Keem),Don Toliver,https://open.spotify.com/track/3dVsUkabHea7AVFjm92gZ4,0.477,0.407,8,-7.148,1,0.0604,0.0625,0.0,0.14,0.109,123.082
243,What You Need,Don Toliver,https://open.spotify.com/track/7iC56CDz8miPDKaH0OEIqS,0.656,0.672,10,-7.385,0,0.0468,0.0636,1.45e-05,0.186,0.137,130.006
244,Smoke (feat. HVN & SoFaygo),Don Toliver,https://open.spotify.com/track/7AiN0hMC6PkB59VndNtNsJ,0.713,0.671,1,-6.515,0,0.327,0.3,0.0,0.243,0.659,119.915
245,Rich Nigga Shit (with Juice WRLD),Young Thug,https://open.spotify.com/track/1XRzIGsdYaLi0jHeGlcHGP,0.849,0.479,9,-7.208,1,0.239,0.027,0.0,0.374,0.395,147.215
246,Livin It Up (with Post Malone & A$AP Rocky),Young Thug,https://open.spotify.com/track/7zjEyeBsaw9gV0jofJLfOM,0.767,0.313,7,-12.059,1,0.0798,0.838,0.0,0.105,0.765,82.582
247,Icy Hot (with Doja Cat),Young Thug,https://open.spotify.com/track/3hluYfU25k6suH9WpaRsFm,0.908,0.543,0,-7.591,1,0.209,0.0177,0.0,0.0883,0.617,143.947
248,Peepin Out The Window (with Future & Bslime),Young Thug,https://open.spotify.com/track/03kozlqpm5twrblZia0m9j,0.509,0.51,4,-9.522,0,0.425,0.176,0.0,0.223,0.22,82.407
249,Stressed (with J. Cole & T-Shyne),Young Thug,https://open.spotify.com/track/0uqsdBw9KvD8jSWmfMmMAp,0.707,0.442,0,-10.395,0,0.339,0.0698,0.0,0.106,0.344,81.021
250,Till The End,Unodavid,https://open.spotify.com/track/5lokmjMN1o94HQilvJscMU,0.784,0.63,6,-7.727,0,0.0401,0.565,5.73e-05,0.0975,0.312,129.993
251,Happier,Memoria XI,https://open.spotify.com/track/1Sdw3pVzu6DUlm2S4KsuSA,0.766,0.483,1,-8.61,1,0.0607,0.123,0.0,0.107,0.53,146.005
252,Chasing Stars (feat. James Bay),Alesso,https://open.spotify.com/track/6y6xhAgZjvxy5kR5rigpY3,0.594,0.64,10,-6.865,1,0.033,0.0169,0.0,0.135,0.492,92.871
253,New story,高野麻里佳,https://open.spotify.com/track/2nm47ERCr17N6jqdojybYF,0.45,0.936,7,-3.965,1,0.0592,0.00948,0.000213,0.113,0.5,164.994
254,my ex's best friend (with blackbear),Machine Gun Kelly,https://open.spotify.com/track/7kDUspsoYfLkWnZR7qwHZl,0.731,0.675,5,-5.134,0,0.0434,0.00473,0.0,0.141,0.298,124.939
255,forget me too (feat. Halsey),Machine Gun Kelly,https://open.spotify.com/track/1VSuFS7PahCN3SWbOcQ98m,0.654,0.875,1,-4.845,1,0.0744,0.000417,0.0086,0.194,0.522,99.975
256,Demon High,Lil Uzi Vert,https://open.spotify.com/track/5MAnH0CFbD13INQBsnKI9y,0.75,0.543,5,-10.672,0,0.179,0.355,0.0,0.419,0.652,150.066
257,Caddy,SSGKobe,https://open.spotify.com/track/0kTQcDTWmeSKp2EOHLK7AY,0.701,0.489,7,-6.835,1,0.103,0.0671,0.0,0.117,0.272,135.945
258,PHOENIX,BURNOUT SYNDROMES,https://open.spotify.com/track/7yMCljF3pdi6zn9Qz98L2m,0.472,0.944,0,-1.012,1,0.0733,0.107,0.0,0.33,0.637,137.148
259,FLY HIGH!!,BURNOUT SYNDROMES,https://open.spotify.com/track/44ljoaRrogXke0S4U8iekW,0.473,0.964,11,-1.48,1,0.0739,0.0139,0.0,0.326,0.345,94.573
260,ヒカリアレ,BURNOUT SYNDROMES,https://open.spotify.com/track/2KP76NyUIH8XNvWa84lRPi,0.311,0.944,7,-1.734,1,0.14,0.0116,0.0,0.383,0.398,177.948
261,me & ur ghost,blackbear,https://open.spotify.com/track/38KsRHYE10bG0paU78gL9r,0.742,0.679,7,-4.594,1,0.0259,0.0488,0.0,0.0754,0.856,100.041
262,Stop Breathing,Playboi Carti,https://open.spotify.com/track/2lLG56qpLP3UbcLuzMvkWX,0.856,0.57,9,-4.486,1,0.286,0.00637,0.0,0.0984,0.155,154.967
263,Already Dead,Juice WRLD,https://open.spotify.com/track/7qM1BWAsZMTYh4BcYLb0uQ,0.74,0.501,1,-6.339,1,0.0592,0.019,0.0,0.114,0.119,83.5
264,the song they played (when i crashed into the wall),Lil Peep,https://open.spotify.com/track/2D27mEHstGhdGONAhcEU6q,0.528,0.829,7,-5.258,1,0.101,0.0227,0.0,0.182,0.602,144.892
265,Life is Beautiful,Lil Peep,https://open.spotify.com/track/5rYpwP1dHWGVMrSZbTmt3e,0.533,0.638,10,-9.411,1,0.0636,0.0385,0.000932,0.0758,0.324,135.056
266,white tee,Lil Peep,https://open.spotify.com/track/6KjkgYu4mjsMVYy4aCzyw6,0.798,0.528,11,-8.908,1,0.042,0.293,1e-06,0.0727,0.728,149.995
267,right here,Lil Peep,https://open.spotify.com/track/5OFf5pzpIcdstWwAhv5YXE,0.605,0.72,8,-7.116,0,0.0312,0.00043,6.71e-06,0.116,0.213,110.034
268,炎,LiSA,https://open.spotify.com/track/0cSkn2l67csUljEy0EEBPn,0.477,0.685,2,-4.554,1,0.0325,0.105,0.0,0.277,0.308,152.04
269,Ballin',2gaudy,https://open.spotify.com/track/61VLBsoVPZmxtuxBTFN0wi,0.698,0.67,1,-9.098,0,0.0527,0.263,0.0,0.116,0.55,148.032
270,Spotlight,Marshmello,https://open.spotify.com/track/6VrCmhRBFnuGKmtNfk4jDs,0.546,0.822,7,-4.483,1,0.151,0.0145,0.0,0.742,0.615,150.06
271,Falling Down - Bonus Track,Lil Peep,https://open.spotify.com/track/4jvjzW7Hm0yK4LvvE0Paz9,0.669,0.574,4,-6.442,0,0.0286,0.0175,0.00294,0.146,0.273,120.013
272,Actress,Killval,https://open.spotify.com/track/5mPTB3C6L5qytuhxPm7qMT,0.61,0.509,1,-7.097,0,0.338,0.403,0.0,0.112,0.16,175.728
273,moonlight,Austin Skinner,https://open.spotify.com/track/3XQegm1yKxQ6Nj4zMVloR2,0.59,0.612,6,-8.182,1,0.091,0.00319,0.0,0.111,0.306,83.993
274,Knife Talk (with 21 Savage ft. Project Pat),Drake,https://open.spotify.com/track/2BcMwX1MPV6ZHP4tUT9uq6,0.849,0.424,5,-9.579,0,0.324,0.0635,0.0,0.0834,0.153,145.887
275,Touchdown (feat. Bankrol Hayden),YSB Tril,https://open.spotify.com/track/7xWnMfIVVnI3Y3zPp9Ukvi,0.915,0.514,10,-5.636,0,0.188,0.0142,0.0,0.106,0.834,94.984
276,In Your Arms (with X Ambassadors),ILLENIUM,https://open.spotify.com/track/70YPzqSEwJvAIQ6nMs1cjY,0.404,0.806,2,-4.75,1,0.0496,0.198,0.0,0.114,0.112,148.036
277,First Time,ILLENIUM,https://open.spotify.com/track/4s9eMbBfWUDtBEFHC7sNp7,0.526,0.667,9,-5.451,1,0.0437,0.0505,0.0,0.321,0.43,155.085
278,MEAN GIRLS,DIRTYXAN,https://open.spotify.com/track/5KLo5emoCJT8Xk8MeOrSm5,0.428,0.527,10,-8.02,1,0.0485,0.0221,0.0,0.12,0.418,90.187
279,Story Of My Life (feat. Trippie Redd) - Heavy Edit,ILLENIUM,https://open.spotify.com/track/7vBwenmGPD2h0DSbljoZym,0.537,0.884,0,-4.088,0,0.0428,0.0121,1.71e-06,0.113,0.397,97.024
280,P.S. I Hope You're Happy,The Chainsmokers,https://open.spotify.com/track/5GemR0Lr9CEUJVH14mAsDO,0.583,0.802,1,-4.312,1,0.0367,0.00883,0.0,0.0615,0.649,100.054
281,never know,Austin Skinner,https://open.spotify.com/track/1r6NSJwDTyt1jMggm3mhnZ,0.642,0.558,0,-5.209,0,0.0376,0.121,0.0,0.149,0.432,150.027
282,Rock N Roll,Ken Carson,https://open.spotify.com/track/1V0jEAE4UreyX8KYxGLnLP,0.673,0.571,1,-7.631,1,0.0488,0.0737,0.0,0.117,0.042,141.957
283,Butterfly,Pi’erre Bourne,https://open.spotify.com/track/0Jttv4sD1ofTqPGkNQAqOh,0.547,0.393,1,-10.076,1,0.0801,0.0248,0.195,0.137,0.121,140.452
284,ILoveUIHateU,Playboi Carti,https://open.spotify.com/track/1BpKJw4RZxaFB88NE5uxXf,0.684,0.693,4,-6.651,0,0.0339,0.00534,0.0,0.506,0.108,134.988
285,Sharing Locations (feat. Lil Baby & Lil Durk),Meek Mill,https://open.spotify.com/track/3J4VKkUpLvomXJbn9ZAypO,0.681,0.63,1,-5.585,1,0.0385,0.00383,0.0,0.139,0.183,151.951
286,Let It Fly (feat. Travis Scott),Lil Wayne,https://open.spotify.com/track/0CBQ0m3mufWH75LTYB3s6h,0.902,0.819,1,-3.321,1,0.316,0.041,0.0,0.106,0.745,89.0
287,roddy,Kevin Powers,https://open.spotify.com/track/7c2FM0OwRpWGyCtOVltvqi,0.877,0.389,4,-8.186,0,0.182,0.0913,0.0,0.1,0.15,89.95
288,TELL ME WHY,The Kid LAROI,https://open.spotify.com/track/27BBfeJZBFlZ60Sgx7iOgL,0.6,0.723,6,-4.928,0,0.158,0.109,0.0,0.167,0.463,149.881
289,往け,LiSA,https://open.spotify.com/track/4cDm9C5jhBiIyYxVhQmMwB,0.56,0.952,1,-2.579,0,0.162,0.135,0.0,0.162,0.689,89.872
290,明け星,LiSA,https://open.spotify.com/track/3J34JtfZNylVXSKN4TDf12,0.389,0.867,1,-3.604,1,0.048,0.000303,0.0,0.347,0.215,94.952
291,Don’t Play (with Lil Baby),Polo G,https://open.spotify.com/track/2QIBJFl8DJR1mDh9GwfZef,0.684,0.624,2,-7.414,0,0.347,0.239,0.0,0.112,0.708,146.925
292,Suicide (with Lil Tjay),Polo G,https://open.spotify.com/track/3TDWIXarI4pfCrjXKr7RtQ,0.624,0.528,9,-9.368,1,0.31,0.337,0.0,0.0877,0.683,157.83
293,Young N Dumb,Polo G,https://open.spotify.com/track/4dZTNKRngStyYNueXCO2FR,0.465,0.729,3,-6.93,0,0.237,0.0072,0.0,0.139,0.606,95.001
294,ESCAPE PLAN,Travis Scott,https://open.spotify.com/track/4R67rQNSbbsR4TdUVOIdez,0.839,0.506,5,-6.714,0,0.133,0.00207,0.0,0.13,0.44,154.12
295,Punk Monk,Playboi Carti,https://open.spotify.com/track/5fSZXFOZfPVW9gvnnG4ZVW,0.699,0.408,10,-7.916,0,0.352,0.0145,0.00155,0.123,0.139,76.444
296,Vamp Anthem,Playboi Carti,https://open.spotify.com/track/4CzhtKifG867Lu5DNQVBSA,0.642,0.69,11,-5.101,1,0.261,0.00599,1.3e-06,0.322,0.641,164.075
297,Super Gremlin,Kodak Black,https://open.spotify.com/track/4A8cWXxKfIL3lAyUDzXbCF,0.825,0.414,2,-6.634,1,0.144,0.00265,0.0,0.357,0.106,72.993
298,By Your Side,Rod Wave,https://open.spotify.com/track/2AaJeBEq3WLcfFW1y8svDf,0.649,0.508,8,-10.232,1,0.0959,0.0345,3.59e-05,0.0736,0.405,157.975
299,Bad Man (Smooth Criminal),Polo G,https://open.spotify.com/track/62l3NSQPUxvcwwzKUmysrE,0.882,0.662,0,-6.382,1,0.242,0.0124,0.0,0.106,0.57,120.034
300,Chose Me,Blueface,https://open.spotify.com/track/2TXPpyvAghVDKSBeyEuUEH,0.839,0.502,9,-6.215,0,0.264,0.42,0.0,0.124,0.252,103.048
301,Yale,Ken Carson,https://open.spotify.com/track/0HTIrbUwwFn984RzVZm5Fk,0.728,0.442,1,-10.095,1,0.0565,0.000487,8.21e-06,0.149,0.441,142.025
302,Run + Ran,Ken Carson,https://open.spotify.com/track/3kB7daTMGpX2hPRXdZww6M,0.552,0.587,7,-7.374,1,0.217,0.031,7.09e-06,0.136,0.484,139.136
303,Who's Next,Ken Carson,https://open.spotify.com/track/1EcYsgQyrTgQelt4jtzyr3,0.74,0.53,1,-8.932,0,0.213,0.248,1.42e-06,0.0604,0.705,148.949
304,Koi,Trippie Redd,https://open.spotify.com/track/1w63oxR5cYzGynGUg8sAIx,0.645,0.497,2,-4.111,1,0.0265,0.841,0.0,0.131,0.602,120.036
305,Flying,Killval,https://open.spotify.com/track/2ZEjQZ3zbwIgUZZEwU45pk,0.7,0.546,0,-7.862,1,0.0663,0.123,0.0,0.0961,0.39,160.902
306,Fortnight,Polo G,https://open.spotify.com/track/127IjU4PRiGTbFm2xPXLTn,0.53,0.555,4,-8.495,0,0.438,0.0902,0.0,0.156,0.29,108.546
307,Unapologetic (with NLE Choppa),Polo G,https://open.spotify.com/track/45vDAZmpEf8BGVd1EA9yLA,0.666,0.707,5,-5.444,0,0.255,0.0862,0.0,0.334,0.627,160.0
308,Piano G,Polo G,https://open.spotify.com/track/77x803JvSzXFUOXYpqrDHP,0.479,0.714,1,-7.689,1,0.258,0.111,0.0,0.122,0.239,149.868
309,Rockstar In His Prime,Juice WRLD,https://open.spotify.com/track/0v36cov6Z6aEV5ZgIlqZMk,0.685,0.729,7,-8.694,0,0.15,0.415,0.0,0.196,0.382,170.025
310,Man in the Mirror,A Boogie Wit da Hoodie,https://open.spotify.com/track/7uLFOXgLrS90tEYPO1DGXy,0.849,0.631,3,-4.241,0,0.0637,0.171,0.0,0.149,0.55,135.997
311,Girl Of My Dreams (with SUGA of BTS),Juice WRLD,https://open.spotify.com/track/1DAEYTfRi2XU0iV3GNcvs5,0.608,0.781,9,-6.347,1,0.0567,0.21,0.0,0.0884,0.329,140.005
312,Go Hard,Juice WRLD,https://open.spotify.com/track/5PWsPfgauv4rJWNPe2Uht6,0.633,0.431,7,-7.901,0,0.145,0.632,3.52e-05,0.134,0.0433,145.053
313,Glasses,A Boogie Wit da Hoodie,https://open.spotify.com/track/3CUqjIsPPuncCJFIydwq5a,0.624,0.602,5,-6.571,0,0.23,0.249,0.0,0.103,0.63,100.197
314,OUTRUN MYSELF (with Travis Barker),Jack Kays,https://open.spotify.com/track/109mkG2S2huV1S5xFRbJgF,0.637,0.278,6,-10.846,1,0.0427,0.294,0.0,0.0394,0.149,77.504
315,Rockstar Made,Playboi Carti,https://open.spotify.com/track/3cWmqvMwVQKDigWLSZ3w9h,0.773,0.612,8,-5.73,1,0.232,0.0398,0.0,0.142,0.381,149.999
316,Outta Time,KillBunk,https://open.spotify.com/track/5mFr8BsDBZ04aNiMAtjT8Y,0.654,0.642,0,-9.935,1,0.0543,0.209,0.0,0.299,0.527,94.988
317,Life's A Mess II (with Clever & Post Malone),Juice WRLD,https://open.spotify.com/track/4O3RwH1TFG1EjPezLIYehI,0.53,0.37,6,-9.989,1,0.0279,0.806,0.0,0.112,0.701,140.061
318,Me and You,Cold Hart,https://open.spotify.com/track/3f1ChZHm6v4KdUaEW5y5qd,0.613,0.614,1,-7.235,1,0.0439,0.0143,0.0,0.094,0.198,93.984
319,thailand,Roddy Ricch,https://open.spotify.com/track/0qHPxjC83zQYcxe39xSShx,0.875,0.478,7,-10.562,1,0.218,0.00717,0.0,0.147,0.409,128.99
320,hibachi (feat. Kodak Black & 21 Savage),Roddy Ricch,https://open.spotify.com/track/7FCDmAel69bzxRkOxbh2dB,0.681,0.522,5,-8.74,0,0.303,0.0191,0.0,0.415,0.219,172.946
321,USELESS FEELINGS,Dro Kenji,https://open.spotify.com/track/1XN1SsLxhQ6Em93TufYc0O,0.764,0.626,2,-5.876,1,0.0627,0.0673,0.0,0.14,0.438,82.477
322,KILL CUPID,Dro Kenji,https://open.spotify.com/track/5p29DSBwxS4hStGKr7NCCO,0.77,0.58,4,-6.371,1,0.0461,0.0136,0.0,0.111,0.202,115.98
323,Rock N Roll,Scorey,https://open.spotify.com/track/1pUvY7QcCCSmhbYGuYboQy,0.689,0.665,1,-6.467,1,0.135,0.0948,0.0,0.161,0.531,155.954
324,Love Letter,Scorey,https://open.spotify.com/track/2MPfWVq2YFGdNTSLoj4RgA,0.689,0.592,2,-7.523,1,0.0638,0.0239,0.0,0.389,0.332,155.958
325,E-Girl Trouble (Cosplay Girl),Jayy Queezy,https://open.spotify.com/track/4oHrWQ8TSvBujiM2fyGnoa,0.628,0.658,0,-5.369,0,0.0666,0.21,0.0,0.246,0.547,87.453
326,Ghost Rider,DC The Don,https://open.spotify.com/track/3xXkIxNwHu4aP6VUtGKJc0,0.374,0.794,1,-5.183,1,0.282,0.0661,0.0,0.341,0.612,83.686
327,FINDERS KEEPERS (feat. Scorey & Internet Money),Dro Kenji,https://open.spotify.com/track/3kCLRQ1HwXVj0sZA0G7MnG,0.798,0.492,1,-9.904,1,0.253,0.0707,0.0,0.124,0.32,91.991
328,France,Memoria XI,https://open.spotify.com/track/7xJJNE9vdaX9Klohsgwvig,0.776,0.492,7,-8.01,0,0.168,0.0964,0.0,0.105,0.511,131.07
329,make up,POORSTACY,https://open.spotify.com/track/1uxDHAH3cPPg5tmzcoDAIH,0.781,0.474,0,-7.436,1,0.24,0.119,0.0,0.0685,0.584,87.615
330,hollow,POORSTACY,https://open.spotify.com/track/6L3Zo97zk0I040HDM4fQEp,0.768,0.618,5,-6.043,0,0.222,0.111,0.0,0.125,0.707,81.014
331,Hills Have Eyes,POORSTACY,https://open.spotify.com/track/3HUB8GPbaGpIpjRoONLJP4,0.473,0.792,0,-3.171,1,0.0421,0.000103,0.0495,0.154,0.587,169.975
332,Choose Life,POORSTACY,https://open.spotify.com/track/64bFcGOGHhAtNtYzneEDJV,0.548,0.967,1,-2.759,0,0.0898,0.00364,0.0,0.461,0.526,105.949
333,Feel Alone,Juice WRLD,https://open.spotify.com/track/2hA6oxAuJI94AydLWQ2qEU,0.619,0.622,6,-5.874,0,0.0461,0.0935,0.0,0.226,0.194,150.062
334,Faizon,Lil Yachty,https://open.spotify.com/track/3UTlIlBBqp3TQJWRdOAvm5,0.735,0.7,9,-6.633,1,0.0429,0.00507,0.000444,0.319,0.0668,155.08
335,Save Lives,Pluto Kar,https://open.spotify.com/track/2mKfmCNSEzByZ4vciD9CLB,0.5,0.73,4,-8.373,1,0.0533,0.0755,0.0,0.116,0.623,81.951
336,The War,Pluto Kar,https://open.spotify.com/track/2PmxfmVkG1O8OqyZrIQl3m,0.414,0.421,4,-8.895,0,0.0355,0.306,5.98e-06,0.271,0.262,69.731
