,name,artist,url,danceability,energy,key,loudness,mode,speechiness,acousticness,instrumentalness,liveness,valence,tempo
0,2 On (feat. ScHoolboy Q),Tinashe,https://open.spotify.com/track/3jVtllWS5CFFWLQng8sKsr,0.742,0.595,9,-7.51,1,0.107,0.15,0.0,0.111,0.431,101.013
1,Pour It Up,Rihanna,https://open.spotify.com/track/76VtA90NKurNqaQpV126Ue,0.785,0.478,2,-8.735,1,0.0419,0.0254,0.0,0.0901,0.39,134.002
2,"Freal Luv (feat. Marshmello, Chanyeol & Tinashe)",Far East Movement,https://open.spotify.com/track/7IAXZyP3QSuvd5NQNOOYQB,0.645,0.813,8,-5.947,0,0.0655,0.139,1.27e-06,0.211,0.476,145.027
3,Party Favors (feat. Young Thug),Tinashe,https://open.spotify.com/track/4XrKWBHDm587nYp6Io33oo,0.654,0.492,8,-7.777,1,0.0337,0.0307,0.000694,0.144,0.185,94.992
4,The Illest,Far East Movement,https://open.spotify.com/track/625SmNWs5ggrNdqqaQNp7p,0.666,0.716,6,-4.332,1,0.0678,0.0105,1.7e-05,0.122,0.544,142.066
5,Company,Justin Bieber,https://open.spotify.com/track/61uyGDPJ06MkxJtHgPmuyO,0.59,0.797,4,-4.901,0,0.0614,0.132,0.0,0.0846,0.425,94.948
6,What's My Name?,Rihanna,https://open.spotify.com/track/1pYKzfOlpHWtVUiEIu4Vn7,0.695,0.782,2,-2.967,1,0.0629,0.223,0.0,0.0773,0.595,99.992
7,Only Girl (In The World),Rihanna,https://open.spotify.com/track/2ENexcMEMsYk0rVJigVD3i,0.789,0.706,11,-4.233,0,0.0429,0.112,1.71e-05,0.0586,0.638,125.911
8,Be Real (feat. DeJ Loaf),Kid Ink,https://open.spotify.com/track/4fUh9VvKW4shhWN5LfN1Ba,0.762,0.611,9,-5.462,0,0.0876,0.122,0.000315,0.141,0.386,99.934
9,Party (feat. Usher & Gucci Mane),Chris Brown,https://open.spotify.com/track/1KhljCoJ2TgDEldnnfTHHc,0.762,0.576,1,-4.951,0,0.0829,0.0556,0.0,0.0866,0.316,142.096
10,SOS,Rihanna,https://open.spotify.com/track/30cSNer6TV8x2utjULVeQ5,0.677,0.671,7,-4.905,1,0.0361,0.004,5.07e-05,0.413,0.527,137.046
11,Spin Bout U,Drake,https://open.spotify.com/track/2ZL7WZcjuYKi1KUDtp4kCC,0.773,0.701,7,-6.386,1,0.0512,0.01,0.0,0.163,0.203,129.963
12,Bad for You (feat. Nicki Minaj),Meek Mill,https://open.spotify.com/track/0HVba4HUwHnGlkHNitXMEL,0.68,0.571,8,-7.054,1,0.222,0.378,0.0,0.103,0.0911,145.021
13,She Twerkin,Ca$h Out,https://open.spotify.com/track/4foyyTPR2jUcATliukBkd9,0.837,0.762,2,-4.073,1,0.0508,0.000644,0.0,0.113,0.334,142.009
14,Booty,Blac Youngsta,https://open.spotify.com/track/0FbSpY8RPxTRxi1Fpj9Dz9,0.938,0.549,1,-8.368,1,0.098,0.000831,0.000243,0.082,0.412,144.005
15,Turn My Swag On,Soulja Boy,https://open.spotify.com/track/6ATrsVaZT7XjkCynxM8cTS,0.546,0.712,3,-3.104,0,0.0269,0.000969,0.0,0.406,0.489,150.154
16,Me & U,Cassie,https://open.spotify.com/track/7k6IzwMGpxnRghE7YosnXT,0.803,0.454,8,-4.802,0,0.0294,0.352,0.0,0.0655,0.739,99.99
17,7/11,Beyoncé,https://open.spotify.com/track/02M6vucOvmRfMxTXDUwRXu,0.747,0.705,9,-5.137,0,0.126,0.0128,0.0,0.126,0.56,136.024
18,All Hands On Deck REMIX (feat. Iggy Azalea),Tinashe,https://open.spotify.com/track/5rX9fqEGsHnQeEEsc1Cc3J,0.807,0.53,7,-4.236,0,0.0415,0.493,7.07e-05,0.236,0.429,97.007
19,She Knows,Ne-Yo,https://open.spotify.com/track/7seTcUFOhn5caSDbiSfsp0,0.706,0.572,8,-5.799,0,0.0326,0.0262,0.0,0.585,0.574,139.982
20,Throw Sum Mo,Rae Sremmurd,https://open.spotify.com/track/5uqphUYsR45kPYplrYSAQh,0.859,0.627,6,-7.91,0,0.13,0.0388,0.000202,0.101,0.594,142.062
21,Loyal (feat. Lil Wayne & Tyga),Chris Brown,https://open.spotify.com/track/5BrTUo0xP1wKXLJWUaGFtk,0.841,0.522,10,-5.963,0,0.049,0.0168,1.37e-06,0.188,0.616,99.059
22,Ayo,Chris Brown,https://open.spotify.com/track/0k6DnZMLoEUH8NGD5zh2SE,0.823,0.563,6,-5.095,1,0.0443,0.0399,0.0,0.0851,0.682,98.031
23,Run It! (feat. Juelz Santana),Chris Brown,https://open.spotify.com/track/7xYnUQigPoIDAMPVK79NEq,0.846,0.482,1,-6.721,0,0.129,0.0246,0.0,0.393,0.212,100.969
24,Bitches N Marijuana (feat. ScHoolboy Q),Chris Brown,https://open.spotify.com/track/3PiLfzEXHrvT1oJKR8PAJt,0.559,0.535,3,-8.136,0,0.274,0.337,0.0,0.105,0.62,96.989
25,No Guidance (feat. Drake),Chris Brown,https://open.spotify.com/track/6XHVuErjQ4XNm6nDPVCxVX,0.696,0.454,1,-6.756,0,0.153,0.123,0.0,0.155,0.136,92.928
26,Fate (with Young Thug & Swae Lee),Mike WiLL Made-It,https://open.spotify.com/track/79PaeaCZXyeu2C5XeSBzIv,0.7,0.735,9,-2.356,0,0.0576,0.00907,0.0,0.764,0.349,124.058
