,name,artist,url,danceability,energy,key,loudness,mode,speechiness,acousticness,instrumentalness,liveness,valence,tempo
0,No Sleep,plenka,https://open.spotify.com/track/7hU7VXRfTEwVCMesUxiP0m,0.909,0.913,6,-5.263,0,0.0394,0.00281,0.298,0.0499,0.325,130.019
1,Help (Habstrakt Remix),GHASTLY,https://open.spotify.com/track/6Vs9KZkXV3gw7PaiwhmrmB,0.748,0.859,0,-8.016,1,0.113,0.00562,0.068,0.0941,0.245,122.0
2,The One,Habstrakt,https://open.spotify.com/track/6U6nzpSvKxju6WA0Kojcxn,0.779,0.932,2,-3.568,1,0.255,0.00424,0.498,0.734,0.211,127.983
3,NYC 2 LA (feat. Roxanna),Wuki,https://open.spotify.com/track/2BOFXFcXDFVLlhSuLeQK44,0.745,0.806,2,-3.351,1,0.0842,0.0139,0.192,0.455,0.713,132.013
