,name,artist,url,danceability,energy,key,loudness,mode,speechiness,acousticness,instrumentalness,liveness,valence,tempo
0,Heaven,DJ Sammy,https://open.spotify.com/track/72SpPFrMYCXLB3Fbw9tEgf,0.571,0.953,8,-5.601,1,0.0548,0.0011,0.000606,0.226,0.601,137.965
1,Till The Sky Falls Down,Dash Berlin,https://open.spotify.com/track/1YddMZzakt7WEZ9y1xGQgR,0.663,0.668,3,-7.733,0,0.0479,0.00522,0.0113,0.0689,0.451,131.966
2,Waiting,Dash Berlin,https://open.spotify.com/track/72RRJIo4JeJgzZLWVBmTgt,0.514,0.844,6,-6.912,0,0.0826,0.0892,0.0,0.0553,0.192,135.971
3,Heaven - DJ Isaac Remix,Dash Berlin,https://open.spotify.com/track/6If6tXpbwYs5zBop1AqfwG,0.3,0.897,0,-1.6,0,0.0481,0.0251,0.0,0.328,0.237,150.062
4,Skyfire (Mixed),Shogun,https://open.spotify.com/track/5ur1ROwagj4u672Hq3QAol,0.616,0.938,1,-6.592,0,0.195,0.3,0.39,0.678,0.17,132.052
5,World Out There,D-Sturb,https://open.spotify.com/track/2MxsTNQvvAJuuHK1V6nMQV,0.47,0.974,6,-2.916,0,0.116,0.000764,8.19e-06,0.4,0.321,154.989
6,We Are Young,Beachbag,https://open.spotify.com/track/7vfusr4I9m8UBBAtVnudvT,0.615,0.759,11,-6.254,1,0.0402,0.3,0.127,0.405,0.196,129.936
7,In The End - Photographer Remix,Dash Berlin,https://open.spotify.com/track/13JYeTnxWhXJcwjogYSraT,0.474,0.913,0,-8.561,1,0.0658,0.0668,0.931,0.115,0.0847,135.017
8,Around the World (La la La),Refuzion,https://open.spotify.com/track/1WF4RTvSeDTOQBD9epYwEi,0.602,0.948,9,-3.372,0,0.0502,0.0396,1.43e-06,0.186,0.812,149.933
9,Somebody to Hold,Parsa Nani,https://open.spotify.com/track/0SxrtTzZRtPQJD05Ix2j0x,0.514,0.964,7,-4.149,1,0.0854,0.0338,2.26e-05,0.339,0.34,149.974
10,Ecstasy - Morten Granau Remix,ATB,https://open.spotify.com/track/17pKBF6PSmtlRxIgdTAkVn,0.687,0.851,6,-7.485,0,0.0418,0.321,0.502,0.228,0.548,137.991
11,Take Me Away - Katie J. Remix,4 Strings,https://open.spotify.com/track/1QrskInz6Z9v0dvmfLo9Dl,0.59,0.97,3,-4.283,0,0.31,0.145,0.00317,0.283,0.346,142.015
12,Wanna Stay,D-Sturb,https://open.spotify.com/track/5nXwto7SKQ5cp4XhLv5aNB,0.406,0.985,8,-1.539,0,0.175,0.00282,0.0456,0.147,0.235,154.993
13,Chase the Sun (MaRLo Remix),Planet Funk,https://open.spotify.com/track/5srRhpyuRtugeUOTkOqbyT,0.541,0.718,9,-5.82,0,0.0444,0.0428,1.67e-05,0.309,0.549,131.983
14,Destiny - Edit,Headhunterz,https://open.spotify.com/track/45C5umkVyhwbYuLNYPtJ1O,0.567,0.791,5,-4.631,0,0.0772,0.0622,0.0117,0.112,0.16,149.898
15,Rave Love,W&W,https://open.spotify.com/track/0YHL0wDP6b7ov6h0yEhorO,0.393,0.895,6,-4.935,0,0.0493,0.00259,0.000407,0.151,0.183,160.057
16,Surrender - Hixxy Remix,Darude,https://open.spotify.com/track/7qK0mNHVdVbnqt3Prd26Vs,0.467,0.965,7,-1.564,1,0.119,0.0155,0.00155,0.116,0.174,164.961
17,Everytime We Touch - Sound Rush Remix,Cascada,https://open.spotify.com/track/6HRQ2TCrIFhZpIdI9DyhEh,0.57,0.961,5,-3.913,0,0.0871,0.00236,0.00014,0.222,0.452,150.056
18,Wonder,TNT,https://open.spotify.com/track/27OTwxrYEXm7KowtJ8QqMN,0.449,0.985,6,-2.508,1,0.0613,0.00193,0.136,0.111,0.296,155.008
19,Ride With Me (feat. Kid Ink) - Brennan Heart Remix,Tungevaag,https://open.spotify.com/track/74CkeJ0vYYTdQImnaLy759,0.693,0.864,4,-4.17,0,0.0483,0.278,0.0388,0.0777,0.142,149.998
20,Warriors,Paris Blohm,https://open.spotify.com/track/0OSwWL72ImBvCEmBGzblkp,0.569,0.924,7,-3.433,0,0.074,0.00698,0.000464,0.426,0.0455,127.91
