,name,artist,url,danceability,energy,key,loudness,mode,speechiness,acousticness,instrumentalness,liveness,valence,tempo
0,Night Job,Bas,https://open.spotify.com/track/5q5MyfXey3ms6IyT6TYf5L,0.812,0.623,7,-7.002,1,0.343,0.0611,0.0,0.111,0.199,119.883
1,Snooze,Johnny Yukon,https://open.spotify.com/track/2vhd0RbmjWL1EnkvnsQLe1,0.889,0.386,6,-6.755,0,0.23,0.542,0.0,0.107,0.267,77.495
2,I Mean It (feat. Remo),G-Eazy,https://open.spotify.com/track/6jmTHeoWvBaSrwWttr8Xvu,0.712,0.562,10,-6.008,1,0.129,0.125,0.0,0.136,0.142,140.0
3,No Role Modelz,J. Cole,https://open.spotify.com/track/62vpWI1CHwFy7tMIcSStl8,0.692,0.521,10,-8.465,0,0.33,0.301,0.0,0.0565,0.463,100.45
4,Why,Roy Woods,https://open.spotify.com/track/4XnajLeZt02RnYg4k8kXpm,0.577,0.468,4,-6.115,1,0.0822,0.345,0.00838,0.1,0.237,158.061
5,Low Life (feat. The Weeknd),Future,https://open.spotify.com/track/7EiZI6JVHllARrX9PUvAdX,0.722,0.331,8,-7.789,1,0.0726,0.337,0.282,0.146,0.102,143.961
6,Swimming Pools (Drank) - Extended Version,Kendrick Lamar,https://open.spotify.com/track/5ujh1I7NZH5agbwf7Hp8Hc,0.716,0.485,1,-7.745,1,0.404,0.123,2.69e-05,0.604,0.26,74.132
7,White Iverson,Post Malone,https://open.spotify.com/track/6eT7xZZlB2mwyzJ2sUKG6w,0.675,0.562,7,-7.678,1,0.0352,0.233,0.0,0.0816,0.309,130.098
8,Say It,Tory Lanez,https://open.spotify.com/track/2Gyc6e2cLxA5hoX1NOvYnU,0.546,0.529,11,-10.511,0,0.0583,0.0862,6.5e-06,0.124,0.247,107.331
9,oui,Jeremih,https://open.spotify.com/track/0PJIbOdMs3bd5AT8liULMQ,0.418,0.724,5,-3.724,1,0.0964,0.213,0.0,0.112,0.604,78.521
10,"Bitch, Don’t Kill My Vibe",Kendrick Lamar,https://open.spotify.com/track/712uvW1Vezq8WpQi38v2L9,0.587,0.698,1,-8.948,1,0.0943,0.0152,0.0,0.442,0.0985,133.954
11,Studio,ScHoolboy Q,https://open.spotify.com/track/29gsi1zZrZxdStACmTQB0Z,0.709,0.589,8,-7.776,0,0.0433,0.0507,0.0,0.0585,0.58,133.922
12,Overnight,Logic,https://open.spotify.com/track/3s3VVLE1kB7Xk2AoJKlGmr,0.861,0.745,1,-6.77,1,0.0608,0.00138,1.87e-05,0.141,0.889,150.002
13,Wet Dreamz,J. Cole,https://open.spotify.com/track/6Ius4TC0L3cN74HT7ENE6e,0.517,0.705,6,-8.205,0,0.364,0.0751,0.0,0.128,0.584,175.906
14,City Of Stars,Logic,https://open.spotify.com/track/5mJbSgVBnJ4ayOjFdmyOdl,0.464,0.873,0,-5.793,1,0.135,0.119,0.0245,0.225,0.607,90.137
15,"III. Telegraph Ave. (""Oakland"" by Lloyd)",Childish Gambino,https://open.spotify.com/track/7yCw7WbWOIRYe7z2aRjAaA,0.516,0.718,5,-8.571,0,0.257,0.15,0.0163,0.167,0.588,129.857
16,Real Friends,Kanye West,https://open.spotify.com/track/66Q3fAmSX5eHamgbKa9alP,0.441,0.744,6,-6.248,0,0.476,0.262,0.000382,0.138,0.124,81.396
17,Macaroni,A Boogie Wit da Hoodie,https://open.spotify.com/track/5wVslBYruyg44O2nSuGyMT,0.726,0.653,8,-6.129,1,0.162,0.243,3.92e-06,0.139,0.187,162.091
18,Lockjaw (feat. Kodak Black),French Montana,https://open.spotify.com/track/7iaw359G2XT14uTfV9feip,0.615,0.648,5,-3.792,0,0.22,0.0411,0.0,0.277,0.26,169.912
19,Lotta That (feat. A$AP Ferg & Danny Seth),G-Eazy,https://open.spotify.com/track/78qRSpkPt9y1DtRp2uB9yO,0.712,0.674,9,-8.188,1,0.194,0.0333,1.87e-06,0.0916,0.329,111.869
20,No Rainy Days,Lil Skies,https://open.spotify.com/track/2BTH9RKzclcO36gS09cLjy,0.588,0.658,2,-7.604,1,0.0631,0.000366,0.0,0.115,0.526,163.992
21,Antidote,Travis Scott,https://open.spotify.com/track/1wHZx0LgzFHyeIZkUydNXq,0.713,0.526,1,-5.046,1,0.032,0.00767,0.000148,0.124,0.131,131.05
