,name,artist,url,danceability,energy,key,loudness,mode,speechiness,acousticness,instrumentalness,liveness,valence,tempo
0,Light - GoSlo Remix,San Holo,https://open.spotify.com/track/1SltT96uaxy887m1psaZZ0,0.531,0.668,9,-4.486,1,0.042,0.102,0.0,0.218,0.161,118.806
1,Shrine - Hex Cougar Remix,RL Grime,https://open.spotify.com/track/4WxCuK3Jle0OSqWvwbET3g,0.323,0.616,9,-4.992,0,0.0483,0.0637,1.41e-06,0.0846,0.172,176.172
2,Lost It,Virtual Riot,https://open.spotify.com/track/2UzzLexdZFJeFK16PqgmV9,0.591,0.779,8,-5.767,1,0.381,0.0941,5.14e-05,0.113,0.364,150.021
3,11:25,NITTI,https://open.spotify.com/track/13uVR1i6lNgqeBYNB2QGMk,0.639,0.614,7,-4.766,0,0.0457,0.034,0.001,0.246,0.344,159.942
4,Samsara,Bleu Clair,https://open.spotify.com/track/4U91micKPBG76g9oKoICVk,0.798,0.995,4,-5.05,1,0.0557,0.00528,0.816,0.344,0.439,126.025
5,Diamonds,Thaiboy Digital,https://open.spotify.com/track/6dCTkPt0ta0t0adgADhT4R,0.665,0.532,5,-8.644,1,0.0341,0.0174,0.000133,0.205,0.105,112.015
6,Side by Side,Bladee,https://open.spotify.com/track/4f4q4xqoQEx6E0IyrNLkYS,0.443,0.617,9,-9.815,1,0.206,0.01,2.08e-06,0.12,0.193,139.728
7,About You,Blossom,https://open.spotify.com/track/7JAkvffm6VZJ0uVO3DY3My,0.551,0.861,7,-4.243,1,0.0358,0.000174,0.805,0.114,0.041,174.01
8,Seek Bromance (Avicii Vocal Edit),Tim Berg,https://open.spotify.com/track/5BIgbz2Dy7X2I0bnkKH9Mb,0.49,0.811,1,-2.524,0,0.044,0.0896,0.0,0.0898,0.547,125.965
9,We Could Have It All,Punctual,https://open.spotify.com/track/2exlWmUXIoMGpo5SvWXwN5,0.649,0.789,9,-5.097,0,0.037,0.0967,0.000155,0.315,0.245,125.002
10,Calling (Lose My Mind) - Radio Edit,Sebastian Ingrosso,https://open.spotify.com/track/6LNjIsgHNs4q75uPt4rYf6,0.416,0.85,1,-4.91,0,0.0455,0.00849,0.000175,0.204,0.142,125.096
11,Bromance - Avicii's Radio Edit,Tim Berg,https://open.spotify.com/track/0xHQuV3c496RjG7ocxBINZ,0.681,0.804,1,-8.901,0,0.041,0.199,0.899,0.149,0.0377,126.016
12,In My Mind - Axwell Radio Edit,Ivan Gough,https://open.spotify.com/track/2ud5ukcAgwOki5PyE53mPl,0.514,0.823,7,-4.608,0,0.0596,0.0393,4.44e-06,0.374,0.368,128.015
13,Spectrum,Zedd,https://open.spotify.com/track/1dFkD1JfRMzwO6hwUsE8aS,0.609,0.801,0,-4.417,0,0.034,0.0137,0.00349,0.127,0.407,129.99
14,Skyfire,Shogun,https://open.spotify.com/track/3u97FbIfIUSWX8qvkxs5pB,0.584,0.914,1,-4.601,0,0.239,0.0573,0.0818,0.243,0.0674,132.024
15,Reload - Radio Edit,Sebastian Ingrosso,https://open.spotify.com/track/5jyUBKpmaH670zrXrE0wmO,0.485,0.724,9,-4.633,0,0.0521,0.0736,0.0,0.0631,0.433,128.045
16,Call on Me - Radio Mix,Eric Prydz,https://open.spotify.com/track/1xNcBAoUw8Hz6LqK2jt4Ff,0.597,0.837,10,-6.518,1,0.375,0.00427,0.00115,0.839,0.447,126.342
17,That Body,John Summit,https://open.spotify.com/track/12T6IDTWCP2hcNcvwIYJ4I,0.837,0.852,0,-7.938,1,0.0425,0.00212,0.368,0.0342,0.521,124.016
18,Tego,Black V Neck,https://open.spotify.com/track/3R6oE0rXv8bgwMg1yytcbd,0.787,0.997,11,-4.106,0,0.0642,9.89e-05,0.928,0.0814,0.35,127.982
19,I Serve the Base,Future,https://open.spotify.com/track/1Rq4GtIucW9CAcF8B6PAbW,0.636,0.57,1,-5.973,1,0.0571,0.011,0.00204,0.0677,0.0883,168.202
