,name,artist,url,danceability,energy,key,loudness,mode,speechiness,acousticness,instrumentalness,liveness,valence,tempo
0,Closer (feat. Lilly Ahlberg),Sonny Fodera,https://open.spotify.com/track/5FDdviWQzhw7NWH2TiDl9d,0.7,0.782,3,-4.631,1,0.0542,0.449,0.0,0.143,0.68,124.969
1,The Rain Break,Claude VonStroke,https://open.spotify.com/track/6AWQoBfrxHaYA7oiq9Y63c,0.808,0.958,9,-7.546,0,0.0513,0.00013,0.81,0.0507,0.47,120.017
2,Sensational - Tensnake Remix,Anti Up,https://open.spotify.com/track/2XGurauEiB3J0YKq7LuC43,0.711,0.968,3,-7.699,1,0.0367,9.49e-05,0.467,0.0919,0.872,126.992
3,Paris,Jax Jones,https://open.spotify.com/track/5rE92I1PRYtuX5kRvf8CL9,0.757,0.853,1,-4.701,1,0.0887,0.0516,0.00628,0.103,0.849,123.954
4,Sun Goes Down - Wade's Acid Remix,Cloonee,https://open.spotify.com/track/2CExSKHWEcpT5HaXd5tTDz,0.801,0.792,10,-7.296,0,0.0492,0.000693,0.212,0.0771,0.277,130.004
5,Weekday Anthem,Landis,https://open.spotify.com/track/7dRfx3VIvXmvUEzfoUJNEX,0.813,0.922,0,-5.007,1,0.0804,0.00471,0.00558,0.71,0.758,126.036
6,Just Feels Tight,FISHER,https://open.spotify.com/track/2cegJfpyiaWXclqj5HRsZG,0.808,0.994,1,-6.326,1,0.071,0.00153,0.874,0.0686,0.719,127.004
7,Pumped Up,Klingande,https://open.spotify.com/track/2dFwmBbFj2Uhpl6Bztc1sW,0.732,0.734,0,-6.423,1,0.107,0.00719,1.49e-05,0.34,0.643,123.033
8,Shaolin Dreams,Michael Bibi,https://open.spotify.com/track/2sGFufjNzWIVBp5vRR7Sgm,0.782,0.848,11,-4.796,0,0.0454,0.00016,0.503,0.117,0.207,129.013
9,Feel Good,ManyFew,https://open.spotify.com/track/7mVAV9WfK2YprgF7TqxKDj,0.612,0.556,6,-5.771,0,0.101,0.0518,0.000189,0.424,0.196,125.427
10,Middle,Noizu,https://open.spotify.com/track/6BeDxnX1kSmr5DSLZOUFD9,0.737,0.976,11,-5.958,0,0.0561,0.0112,0.43,0.298,0.692,127.009
11,Gettin' Jiggy Wit It,Will Smith,https://open.spotify.com/track/0weAUscowxeqDtpCgtbpgp,0.881,0.874,6,-4.505,1,0.139,0.0175,1.14e-06,0.154,0.858,107.891
12,XOXO,Cherub,https://open.spotify.com/track/1YzIe5I0UNPgPRPxYpe92f,0.753,0.678,3,-7.065,1,0.0527,0.0735,8.16e-05,0.612,0.364,124.0
13,You,Dom Dolla,https://open.spotify.com/track/766ngeTKA2AJEyzTKELhkN,0.744,0.726,9,-5.717,0,0.0561,0.0147,7.69e-05,0.388,0.213,121.995
14,Sweet Nothing (feat. Florence Welch),Calvin Harris,https://open.spotify.com/track/0lsqtZVyovtBSQtWdD44LH,0.572,0.93,8,-3.942,0,0.111,0.193,0.000109,0.0567,0.577,127.941
15,Rasputin,Majestic,https://open.spotify.com/track/0b18g3G5spr4ZCkz7Y6Q0Q,0.758,0.913,6,-2.926,0,0.113,0.00364,6.92e-05,0.193,0.658,128.04
16,VALENTINO - Imanbek Remix,24kGoldn,https://open.spotify.com/track/660BgHpKo1jhR9MMSFn7CF,0.791,0.795,4,-4.854,1,0.0415,0.0161,0.0,0.362,0.963,124.007
17,Habanera - Edit,AKACW,https://open.spotify.com/track/1TvRmXIiNv3eGg1PLwYncY,0.885,0.532,11,-7.396,0,0.0927,0.00125,0.0829,0.0554,0.877,127.004
18,Rave,Sam Paganini,https://open.spotify.com/track/5YDbSfN5oKWBoeyf9nBA38,0.763,0.807,5,-7.399,0,0.044,0.000137,0.909,0.295,0.33,124.989
19,Voulez-Vous,ABBA,https://open.spotify.com/track/17OqI90oTFZ3J8PVu6j07V,0.708,0.774,11,-6.931,0,0.0372,0.149,0.00109,0.169,0.903,126.636
20,No Child Left Behind,Kanye West,https://open.spotify.com/track/3hd6zLhnTlbJ8PupYt3cAI,0.161,0.327,1,-8.059,0,0.0341,0.00632,0.792,0.138,0.0815,135.382
21,On My Mind - Purple Disco Machine Remix,Diplo,https://open.spotify.com/track/2jAaDaQ01dk74X4njfkXP3,0.73,0.69,0,-6.396,1,0.033,0.0983,0.0624,0.182,0.748,123.01
22,Something's about to go down,Anti Up,https://open.spotify.com/track/0MmCny6gGuYPM4wT1rqoz3,0.768,0.868,6,-5.245,1,0.0507,0.029,0.042,0.0809,0.286,124.065
23,Happening - Edit,Disclosure,https://open.spotify.com/track/6fkdYMyRRCbkYuHd2VOJK6,0.742,0.856,7,-7.798,0,0.0369,0.0408,0.613,0.289,0.206,120.042
24,Dopamine (feat. Eyelar),Purple Disco Machine,https://open.spotify.com/track/4gGWAqJkd3HyvJJZa4CXqN,0.691,0.806,11,-5.392,0,0.123,0.0518,0.0,0.192,0.873,117.971
25,Rich Girl,Daryl Hall & John Oates,https://open.spotify.com/track/0qRR9d89hIS0MHRkQ0ejxX,0.573,0.683,5,-6.644,1,0.176,0.461,0.0,0.0935,0.817,169.519
26,You Make My Dreams (Come True),Daryl Hall & John Oates,https://open.spotify.com/track/7HX9f8AMBl0vQxAoAzLqhS,0.749,0.484,5,-9.944,1,0.0484,0.13,0.137,0.0486,0.939,167.084
27,Agfachrome RSX II,Skatebård,https://open.spotify.com/track/7za2bHIESAb7RVIhQzwn6H,0.732,0.872,1,-10.406,0,0.0426,0.013,0.893,0.0854,0.145,124.989
28,Give Life Back to Music,Daft Punk,https://open.spotify.com/track/0dEIca2nhcxDUV8C5QkPYb,0.788,0.616,9,-10.671,0,0.0337,0.00286,0.549,0.0952,0.696,119.037
29,Poison,Klaus Veen,https://open.spotify.com/track/4kdnniHBTCnzaYXrnsweSf,0.826,0.925,1,-6.441,1,0.254,0.0428,0.00621,0.0689,0.726,126.505
30,Barbra Streisand,Duck Sauce,https://open.spotify.com/track/6HkmOvGpoYrJ1BdppBNp2t,0.707,0.813,1,-4.129,1,0.339,0.00649,0.000448,0.249,0.741,127.901
31,1999 - Carta Remix,Charli XCX,https://open.spotify.com/track/7v63caI5oO44Ovs1IqDESM,0.702,0.897,11,-4.369,0,0.113,0.0509,0.0,0.185,0.663,125.038
32,Wasted,Tiësto,https://open.spotify.com/track/77OuOZhDxJSQLYnNIpX2AG,0.638,0.816,2,-5.503,1,0.0308,0.00149,0.00115,0.195,0.386,112.014
33,Magic Carpet,Kyle Watson,https://open.spotify.com/track/7nEJrG2KIiH6PoDL1Ae5at,0.794,0.684,1,-7.594,1,0.0668,0.00634,0.298,0.0881,0.542,123.024
34,Baby I'm Yours,Breakbot,https://open.spotify.com/track/180G1YgwyXc5KlertycHs8,0.831,0.794,2,-3.701,0,0.0752,0.705,3.4e-05,0.0978,0.735,118.075
35,World To Me - MK Remix,Tchami,https://open.spotify.com/track/1Rje2maram3uRj2qGDYewF,0.634,0.748,6,-4.747,0,0.0444,6.9e-06,0.543,0.0706,0.187,122.004
36,Han Jan - Edit,Peggy Gou,https://open.spotify.com/track/0R7KkoK3CRaKwb9gYeH1st,0.796,0.784,10,-10.201,0,0.0477,0.016,0.319,0.0888,0.924,122.999
37,"Runway - For Club Play Only, Pt. 5",Duke Dumont,https://open.spotify.com/track/3UCOxTSO17cTWgIwMxElUA,0.832,0.801,8,-6.237,0,0.336,0.0681,0.00786,0.105,0.293,125.979
38,Post Malone (feat. RANI),Sam Feldt,https://open.spotify.com/track/0qc4QlcCxVTGyShurEv1UU,0.59,0.642,7,-3.87,1,0.122,0.0771,0.0,0.105,0.651,107.356
39,Slide (feat. Frank Ocean & Migos),Calvin Harris,https://open.spotify.com/track/7tr2za8SQg2CI8EDgrdtNl,0.736,0.795,1,-3.299,0,0.0545,0.498,1.21e-06,0.254,0.511,104.066
40,Feels,Jax Jones,https://open.spotify.com/track/1mzfsW7MeaCdGzy4GKoq04,0.635,0.932,6,-6.998,0,0.0415,0.00934,0.00986,0.295,0.407,124.033
41,Don't You Worry Child - Radio Edit,Swedish House Mafia,https://open.spotify.com/track/2V65y3PX4DkRhy1djlxd9p,0.612,0.84,11,-3.145,0,0.0509,0.112,0.0,0.116,0.438,129.042
42,Lonely,Joel Corry,https://open.spotify.com/track/2ZEq4HT450Ye9IFGPTl9qV,0.697,0.921,5,-4.283,1,0.0424,0.0946,1.9e-05,0.159,0.722,123.988
43,Chemical,MK,https://open.spotify.com/track/77e0lnvWMyji6LrUlNSYhZ,0.717,0.762,9,-7.419,1,0.0398,0.0456,0.758,0.0866,0.408,122.022
44,Ride It - Jonas Blue Remix,Regard,https://open.spotify.com/track/2ONRkpOJ6X91GMXMthtT0M,0.689,0.946,7,-3.814,0,0.0397,0.00658,0.00189,0.262,0.392,125.037
45,Memories (feat. Kid Cudi),David Guetta,https://open.spotify.com/track/4iMu9le3ytNO3tvgVpQANx,0.561,0.87,8,-6.103,1,0.343,0.0015,2.82e-06,0.246,0.498,129.98
46,Don't Let Me Down,The Chainsmokers,https://open.spotify.com/track/0w75KG0DuLDi6tdHmEMovD,0.534,0.868,11,-5.057,1,0.205,0.187,0.0032,0.148,0.406,159.763
47,The Middle,Zedd,https://open.spotify.com/track/09IStsImFySgyp0pIQdqAc,0.753,0.657,7,-3.061,1,0.0449,0.171,0.0,0.112,0.437,107.01
48,Hot N Cold,Katy Perry,https://open.spotify.com/track/1y4eb6hmAvsqlDOl3fx9kk,0.706,0.841,7,-3.956,1,0.0418,7.95e-05,0.0,0.0688,0.861,132.032
49,Bad Romance,Lady Gaga,https://open.spotify.com/track/0SiywuOBRcynK0uKGWdCnn,0.696,0.921,0,-3.755,1,0.0363,0.00314,5.24e-05,0.0842,0.714,119.001
50,SexyBack (feat. Timbaland),Justin Timberlake,https://open.spotify.com/track/0O45fw2L5vsWpdsOdXwNAR,0.967,0.583,7,-5.562,0,0.0789,0.0584,0.0,0.0519,0.964,117.0
51,Milkshake,Kelis,https://open.spotify.com/track/4LmzPJDil70LpiApWfOI6O,0.887,0.774,1,-6.108,1,0.0434,0.00933,0.0213,0.159,0.826,113.0
52,Beautiful,Snoop Dogg,https://open.spotify.com/track/7FrJV8tydWEv1Mxu2mIQrm,0.907,0.695,11,-6.268,0,0.135,0.246,0.0,0.0808,0.961,101.007
53,Paper Planes,M.I.A.,https://open.spotify.com/track/1wgqttlPacpvmX5DKVboOa,0.447,0.848,2,-6.175,1,0.222,0.033,7.45e-05,0.65,0.485,172.247
54,Paparazzi,Lady Gaga,https://open.spotify.com/track/7Hqig8kp32q2Ire3ECQvWM,0.762,0.692,5,-3.973,0,0.0438,0.113,0.0,0.094,0.397,114.906
55,Hollaback Girl,Gwen Stefani,https://open.spotify.com/track/0LzrhCZFXW94Y8nwtTuRlw,0.926,0.916,10,-2.221,0,0.0929,0.35,6.17e-06,0.0234,0.904,110.007
56,D.A.N.C.E,Justice,https://open.spotify.com/track/33yAEqzKXexYM3WlOYtTfQ,0.613,0.962,6,-5.07,0,0.278,0.034,0.0,0.824,0.496,113.015
57,Yeah! (feat. Lil Jon & Ludacris),USHER,https://open.spotify.com/track/5rb9QrpfcKFHM1EUbSIurX,0.894,0.791,2,-4.699,1,0.112,0.0183,0.0,0.0388,0.583,105.018
58,Party In The U.S.A.,Miley Cyrus,https://open.spotify.com/track/5Q0Nhxo0l2bP3pNjpGJwV1,0.652,0.698,10,-4.667,0,0.042,0.00112,0.000115,0.0886,0.47,96.021
59,Hey Ya!,Outkast,https://open.spotify.com/track/2PpruBYCo4H7WOBJ7Q2EwM,0.727,0.974,4,-2.261,0,0.0664,0.103,0.000532,0.174,0.965,79.526
60,Promiscuous,Nelly Furtado,https://open.spotify.com/track/2gam98EZKrF9XuOkU13ApN,0.808,0.97,10,-6.098,0,0.0506,0.0569,6.13e-05,0.154,0.868,114.328
61,Gold Digger,Kanye West,https://open.spotify.com/track/1PS1QMdUqOal0ai3Gt7sDQ,0.629,0.696,1,-5.572,0,0.348,0.0195,0.0,0.0554,0.623,93.034
62,Party Up,DMX,https://open.spotify.com/track/0LWkaEyQRkF0XAms8Bg1fC,0.51,0.931,11,-3.302,1,0.347,0.0738,0.0,0.5,0.53,201.936
63,Say It Right,Nelly Furtado,https://open.spotify.com/track/6eX4itsvhR0rO6KdwgZ2A2,0.873,0.869,1,-6.238,1,0.133,0.047,0.000722,0.0463,0.798,116.943
64,Ride It,Regard,https://open.spotify.com/track/2tnVG71enUj33Ic2nFN6kZ,0.88,0.751,7,-4.258,0,0.0874,0.177,6.43e-05,0.106,0.884,117.948
65,Aftertaste,Loud Luxury,https://open.spotify.com/track/6n0rhPWs1KpjnFg3WQRNZn,0.786,0.869,1,-4.763,1,0.0692,0.133,7.32e-06,0.0948,0.409,123.054
66,I Got U - MK Remix,Duke Dumont,https://open.spotify.com/track/1OqWWziMf8WuwgO7w90LKP,0.77,0.862,0,-6.813,1,0.1,0.00547,0.667,0.026,0.846,120.81
67,Take Me To Your Leader,Walker & Royce,https://open.spotify.com/track/3Q2UQDQODR7hrMmBqbbdTu,0.737,0.593,11,-7.715,1,0.0416,0.000923,4.78e-05,0.0962,0.861,125.008
68,Keep Raving,Wax Motif,https://open.spotify.com/track/0IJQeY73GsMXqwA5EBzYuP,0.799,0.854,9,-4.882,1,0.095,0.0539,0.264,0.242,0.502,126.025
69,Safe,Kyle Watson,https://open.spotify.com/track/06J6MRsX7jxOXcRogmcuDz,0.844,0.639,1,-8.172,1,0.135,0.457,0.0179,0.168,0.574,123.001
70,Work Your Body,Steve Darko,https://open.spotify.com/track/4goqkOMAApatP531iZ9VOd,0.849,0.819,11,-7.239,0,0.214,0.00284,0.113,0.476,0.336,126.004
71,Karma,Justin Jay,https://open.spotify.com/track/4iechLO1rscxT5eSBpy6Xl,0.757,0.783,5,-8.406,0,0.0483,0.157,0.119,0.312,0.439,122.019
72,Catch My Love,Noizu,https://open.spotify.com/track/0C0LsZeUyAG50xJKEIpBgY,0.753,0.851,10,-4.451,0,0.0497,0.00545,0.135,0.245,0.652,126.012
73,Down with the Beat,Orson Welsh,https://open.spotify.com/track/4Dx1TvqnUH4MrrfH1GCyfd,0.908,0.92,8,-5.044,1,0.251,0.000394,0.31,0.541,0.658,124.997
74,How We Used To - Radio Edit,DIAL9,https://open.spotify.com/track/0ROamgF6oIU9IIkjRJCueT,0.749,0.917,6,-7.65,0,0.133,0.0869,0.0724,0.323,0.537,124.99
75,Cold Heart - PNAU Remix,Elton John,https://open.spotify.com/track/6zSpb8dQRaw0M1dK8PBwQz,0.796,0.798,1,-6.312,1,0.0317,0.034,4.19e-05,0.0952,0.942,116.032
76,Skank N Flex (with Scrufizzer),Wax Motif,https://open.spotify.com/track/1Ks2UH3WvpohH9q8b03NM7,0.969,0.87,9,-4.805,1,0.123,0.00416,0.00593,0.0789,0.567,130.054
77,Be Sharp Say Nowt,Patrick Topping,https://open.spotify.com/track/5n8L6Qqugmg3GJgF8CJ9Ae,0.814,0.993,1,-6.193,1,0.058,0.00166,0.869,0.102,0.96,126.001
78,Do It To It,ACRAZE,https://open.spotify.com/track/6qHLzt0c5C3A2vDVimgrBa,0.854,0.806,11,-8.262,0,0.0886,0.0209,0.0542,0.0703,0.637,124.927
79,Who Are You? - Chris Lake Remix,Miane,https://open.spotify.com/track/7LVEBvmKB5uDTg0CGqDo3p,0.786,0.87,2,-5.839,1,0.0507,0.0493,0.215,0.0863,0.676,126.011
80,California Dreamin' (feat. High Jinx),Chris Lorenzo,https://open.spotify.com/track/4ASOMWcJUrwEpjJy4GEijz,0.685,0.911,9,-4.977,1,0.144,0.00552,0.0247,0.285,0.351,128.02
81,Antibodies - Dombresky & Boston Bun Remix,Tensnake,https://open.spotify.com/track/6UlHZ5xhJNf06AqOKXX20p,0.734,0.897,10,-4.915,1,0.0463,0.013,0.0701,0.0167,0.648,123.01
82,How I Feel - Biscits Remix,Martin Ikin,https://open.spotify.com/track/475B0rNgiaycpb5tS8fjzP,0.684,0.953,10,-6.862,0,0.0624,0.0844,0.363,0.31,0.569,123.984
83,Rollercoaster,Love Regenerator,https://open.spotify.com/track/636kRUoh1D1ZJifHip4RtS,0.732,0.96,7,-7.606,1,0.0485,3.9e-05,0.826,0.333,0.424,129.984
84,This Is Life,Nic Fanciulli,https://open.spotify.com/track/1ur7LR2NpipjxbjxnNCzaW,0.798,0.873,9,-8.631,0,0.0696,0.00373,0.878,0.611,0.709,127.979
85,Fools Paradise,Max Styler,https://open.spotify.com/track/3OxW73LyCxIZDPcgnP6EUT,0.696,0.902,11,-7.028,0,0.0383,0.0269,0.0161,0.0753,0.465,126.008
86,Party's Jumpin,Joshwa,https://open.spotify.com/track/11mmDbwTvh67lHK8jEv53i,0.823,0.851,6,-6.916,1,0.0857,0.0226,0.0134,0.0226,0.911,125.987
87,Bad Boys,Lilly Ahlberg,https://open.spotify.com/track/1jZKDaYCJvubE0liy4kc9t,0.824,0.638,9,-6.771,0,0.0469,0.058,0.0445,0.0702,0.477,101.997
88,Hey Hey Hey - Doozie & The Fish House Remix,Chemical Surf,https://open.spotify.com/track/6Q7sBnFvHZPfytPT0KHuZm,0.867,0.761,2,-8.529,1,0.0889,0.00256,0.541,0.0541,0.512,124.039
89,R.E.A.L,Dombresky,https://open.spotify.com/track/1mK6vQxrBu7tStp3b8G2Z9,0.8,0.984,0,-3.24,1,0.0741,0.00106,0.834,0.0348,0.768,126.003
90,hiiigh,Tommy Trash,https://open.spotify.com/track/3ZnM9E3Qqq0qYsquVohujW,0.689,0.923,1,-4.743,1,0.037,0.0384,0.334,0.0734,0.273,126.016
91,More Life (feat. Tinie Tempah & L Devine) - John Summit Remix,Torren Foot,https://open.spotify.com/track/4sSzYQTNq1AkfkyQMCUu7k,0.623,0.928,6,-5.368,0,0.064,0.00608,0.129,0.078,0.351,124.985
92,Look Right Through - MK Vocal Edit,Storm Queen,https://open.spotify.com/track/3BwdpAX6znmJdyixiCFxpN,0.834,0.819,0,-7.989,0,0.0841,0.00212,0.00306,0.279,0.513,119.99
93,The Spins,Mac Miller,https://open.spotify.com/track/7FAFkQQZFeNwOFzTrSDFIh,0.794,0.766,9,-3.894,0,0.0377,0.0135,0.0,0.0785,0.55,127.006
94,Set Me Free (feat. MAX),Oliver Heldens,https://open.spotify.com/track/1bmvJkAA8Yz9bv6y3WOj3U,0.793,0.701,2,-4.764,1,0.0428,0.00544,0.0,0.164,0.62,123.964
95,Simple Hit,Dombresky,https://open.spotify.com/track/1Z3MtSTW0QlfkJwyR35NUl,0.631,0.951,5,-6.203,1,0.0438,0.108,0.835,0.173,0.706,124.008
96,Letting People Go (feat. Prinze George) - Diplo Remix,Carnage,https://open.spotify.com/track/3iINfVB6kucFrmMRWdLMWS,0.788,0.763,6,-5.032,0,0.046,0.00337,0.0489,0.0671,0.451,121.995
97,Believe Me,Navos,https://open.spotify.com/track/44xO8889yUQHn70P73NILS,0.629,0.876,5,-5.572,0,0.0408,0.129,1.39e-06,0.29,0.645,124.999
98,Won't Look Back - Radio Edit,Duke Dumont,https://open.spotify.com/track/5B80SdObHYOE6fxgvnbeMs,0.677,0.863,8,-4.97,0,0.0425,0.0108,0.217,0.124,0.458,124.027
99,+1 (feat. Sam White) - Radio Edit,Martin Solveig,https://open.spotify.com/track/3z94LCh3cV98bvyxBgnJbm,0.767,0.808,11,-3.824,0,0.0369,0.114,0.0158,0.0996,0.715,124.934
