,name,artist,url,danceability,energy,key,loudness,mode,speechiness,acousticness,instrumentalness,liveness,valence,tempo
0,Control,Unknown Brain,https://open.spotify.com/track/46MUbxLye12SKBN7xHg3CF,0.544,0.771,5,-4.097,0,0.0644,0.00339,2.12e-05,0.173,0.301,99.743
1,Must Be Love,Yung Bae,https://open.spotify.com/track/6WM20TAVzBHm6ehSmbvrJy,0.764,0.849,3,-4.677,1,0.0472,0.00451,0.686,0.101,0.903,123.028
2,Promesses - Radio Edit,Tchami,https://open.spotify.com/track/75usYC3ytzfttweGDXKMdE,0.721,0.782,0,-6.585,0,0.0573,0.00986,0.00563,0.0992,0.506,124.088
3,Split (Only U),Tiësto,https://open.spotify.com/track/1Q4jb2UjtWUDUojHsB8mLY,0.634,0.927,1,-3.282,1,0.136,0.048,0.687,0.0864,0.35,128.016
4,Wanna Go Dancin',FISHER,https://open.spotify.com/track/2SweUwDKRlXeCDyaJddhWJ,0.764,0.856,4,-5.415,1,0.0659,0.00676,0.739,0.0606,0.748,125.0
5,Meli-Melo,Dombresky,https://open.spotify.com/track/4ReIQ1wFYoJDSGOhX6mcrm,0.682,0.98,8,-6.412,0,0.27,0.148,0.26,0.355,0.602,123.962
6,When A Fire Starts To Burn,Disclosure,https://open.spotify.com/track/5Oqv1VJeJHgUP2050W2mMt,0.863,0.732,7,-6.956,1,0.21,0.00963,0.0012,0.243,0.672,123.961
7,Milkshake,Kelis,https://open.spotify.com/track/2cMTIlktg3M9mXYqCPqw1J,0.881,0.774,1,-6.068,1,0.0439,0.00986,0.0346,0.206,0.759,112.968
8,Paper Planes,M.I.A.,https://open.spotify.com/track/1ixbwbeBi5ufN4noUKmW5a,0.447,0.848,2,-6.175,1,0.222,0.033,7.46e-05,0.65,0.485,172.253
9,Tunnel,Polo & Pan,https://open.spotify.com/track/3ys5J8MAFYex3zO7n9VduT,0.73,0.505,2,-9.248,1,0.0606,0.119,0.711,0.148,0.38,119.995
10,Gotta Let You Go,Matroda,https://open.spotify.com/track/1v20PwCT5BLcKIMEwJzbmQ,0.746,0.958,3,-4.738,0,0.102,0.00585,0.458,0.3,0.543,124.045
11,Nonchalant,Duck Sauce,https://open.spotify.com/track/2TETqexWXvMdhbYy7kJrZa,0.833,0.895,9,-3.861,0,0.126,0.0055,0.132,0.183,0.78,123.991
12,Falling Back,Drake,https://open.spotify.com/track/1vbn9fEyw1IYhqgZJdu9ZB,0.718,0.758,10,-8.29,1,0.0703,0.238,0.00653,0.11,0.349,118.989
13,Bleu (better with time),Fred again..,https://open.spotify.com/track/4xSMh9BWWf2ChhowpplGdR,0.705,0.685,8,-8.62,0,0.043,0.409,0.00171,0.14,0.313,121.928
14,Looking at Your Pager - Chris Lake Remix,KH,https://open.spotify.com/track/19IYiA9TCmbCet65fZZhhN,0.812,0.941,11,-6.263,0,0.139,0.0312,0.841,0.118,0.464,125.99
15,Flashing Lights,Subjoi,https://open.spotify.com/track/4nUGTqmVL2z5Z6KHVU7pAx,0.721,0.868,7,-9.582,1,0.0907,0.424,0.0607,0.111,0.411,122.996
16,Walls to Build - Mall Grab Remix,Kllo,https://open.spotify.com/track/1A8LrZ15bbYIEzCslhnuiD,0.83,0.403,10,-11.36,0,0.0451,0.136,0.816,0.109,0.4,124.001
17,My My My - Original Club Mix,Armand Van Helden,https://open.spotify.com/track/0ddQ8L1ODGCWWOGErKKxqM,0.739,0.705,7,-7.715,1,0.0743,0.00237,0.19,0.0388,0.839,127.532
18,I'm Not Alone - 2019 Edit,Calvin Harris,https://open.spotify.com/track/3jFnw3ndyhIOeWc3VzrMS4,0.6,0.982,11,-3.921,1,0.0337,0.00349,0.48,0.124,0.212,127.994
19,TAKE IT OFF,FISHER,https://open.spotify.com/track/7zp9FOU4cjFdGN1zdWTvcB,0.884,0.707,1,-6.607,1,0.202,0.000502,0.258,0.363,0.582,127.013
20,Fool For Love - Chris Lake Edit,Harry Romero,https://open.spotify.com/track/6H8ddHe7Bpbiy5Gp7lVlBe,0.666,0.942,8,-4.521,1,0.0509,0.00109,0.0958,0.245,0.617,126.998
21,Fool For Love,Harry Romero,https://open.spotify.com/track/0P6pm5eUX00e8ZjK0mFiG8,0.672,0.801,8,-7.259,1,0.0395,0.000218,0.463,0.0755,0.504,126.999
22,Saturday Love,Matroda,https://open.spotify.com/track/2jGlVbdMM7pzUl5RyeSJrX,0.877,0.82,0,-5.193,1,0.0907,0.0734,0.274,0.0714,0.356,125.035
23,American Boy,Estelle,https://open.spotify.com/track/6etwirSInfuJrSOlogS6Sh,0.693,0.729,0,-2.99,1,0.378,0.171,0.0,0.07,0.521,117.848
24,Tsunami,DVBBS,https://open.spotify.com/track/0vZCG0H9KhtU7K8MEUVAoV,0.699,0.839,4,-5.353,0,0.0481,0.0483,0.655,0.0897,0.264,128.026
25,Tremor - Sensation 2014 Anthem,Dimitri Vegas & Like Mike,https://open.spotify.com/track/6AE0G24YXnDyEgE4L0efpB,0.631,0.939,6,-4.21,0,0.0363,0.000351,0.747,0.955,0.452,127.992
26,Deep Inside,Hardrive,https://open.spotify.com/track/5VQgTkvBQYwdp70bwIdw0s,0.794,0.901,11,-4.652,0,0.0697,0.0251,0.00986,0.139,0.789,123.672
27,What You Do,R3HAB,https://open.spotify.com/track/1X605B9VFFY5UVLuC13vmy,0.64,0.896,0,-3.476,0,0.0778,0.0757,0.000149,0.346,0.213,127.858
28,The Hum - Original Mix,Dimitri Vegas,https://open.spotify.com/track/6zCpe9A3pFqrazleVtMyIp,0.665,0.958,9,-3.954,1,0.0423,0.0195,0.853,0.287,0.0485,129.998
29,SUMO | ZUMO,Denzel Curry,https://open.spotify.com/track/7EHAXZenBzmGCpccWCyg8z,0.822,0.861,11,-8.846,1,0.0832,0.25,7e-05,0.164,0.548,123.964
30,Dum Dee Dum,Keys N Krates,https://open.spotify.com/track/4hzTeka92StbMWwXEBKSIq,0.755,0.89,7,-5.516,1,0.172,0.273,0.0417,0.12,0.518,160.023
31,I'm Fine,graves,https://open.spotify.com/track/3M6StOncybnaMdWFsag6I6,0.535,0.836,10,-6.797,1,0.0484,0.117,2.31e-06,0.102,0.241,93.991
32,One Kiss - Oliver Heldens Remix,Calvin Harris,https://open.spotify.com/track/4ukz1JJ5fcDNdzIQ9gYdpZ,0.717,0.752,0,-6.933,1,0.065,0.251,0.000468,0.0802,0.14,123.97
33,Delirious (Boneless) (feat. Kid Ink),Steve Aoki,https://open.spotify.com/track/2SSFvQBwsxeazzo7z5l9gD,0.706,0.912,8,-4.44,0,0.0565,0.0195,0.0,0.232,0.925,128.004
34,I Can't Understand,Chocolate Puma,https://open.spotify.com/track/3QR0YEFm5OTYwtfkGcuHDY,0.728,0.793,8,-3.842,1,0.0534,0.000895,0.179,0.0517,0.453,125.024
35,L'Amour Toujours - Tiësto Edit,Dzeko & Torres,https://open.spotify.com/track/2TcZ05FR0xQWZOaFWyRWUt,0.591,0.931,3,-2.867,1,0.0967,0.00763,0.000216,0.153,0.17,129.975
36,Call On Me - Eric Prydz vs. Retarded Funk Mix,Eric Prydz,https://open.spotify.com/track/4ieGbTX96ZdYxprIR7vBVY,0.642,0.81,11,-8.368,1,0.302,0.00209,0.109,0.53,0.197,126.275
37,MATAFAKA,Unknown Brain,https://open.spotify.com/track/1ZOVeidJCvkxOARWTHmWOL,0.657,0.89,11,-6.025,1,0.0572,0.00822,0.00478,0.364,0.373,95.025
38,Bad (feat. Vassy) - Radio Edit,David Guetta,https://open.spotify.com/track/7L97R04c6ZaPlU8xSxibQp,0.614,0.972,5,-3.927,0,0.088,0.00125,0.0186,0.328,0.411,127.966
39,Boy Oh Boy,Diplo,https://open.spotify.com/track/20c8kwM60klIrU9LIYNv0X,0.539,0.954,1,-3.054,0,0.12,0.00224,0.835,0.0623,0.389,129.956
40,Move Your Body (Future House),Tchami,https://open.spotify.com/track/5fFEgmLAbNG75zKPn3hXOO,0.818,0.87,9,-5.162,1,0.0493,0.00424,0.196,0.0429,0.741,123.999
41,Fill Me In - AFTR:HRS Mixcut,Loud Luxury,https://open.spotify.com/track/32zzoqnyIg1ugqZ4mLHdAQ,0.757,0.68,8,-8.988,0,0.041,0.0168,0.0155,0.275,0.249,122.779
42,Calypso,Bauchamp,https://open.spotify.com/track/6BdmHmozz9yi5sQFGuefru,0.674,0.587,11,-6.655,1,0.407,0.00722,0.929,0.541,0.156,125.996
43,You Little Beauty,FISHER,https://open.spotify.com/track/1gRQxbfL4ULWyTosgXSbWT,0.926,0.951,6,-5.531,0,0.0924,0.00232,0.452,0.313,0.918,123.987
44,XTC,Solardo,https://open.spotify.com/track/7CN6ZYIX338ekn7pb2CpQp,0.703,0.929,3,-6.5,0,0.0661,0.00761,0.00334,0.219,0.585,128.005
45,Sparking My Fire (feat. ROE),SACHI,https://open.spotify.com/track/6H4Z4Sl0QYihizCTPzhEZm,0.624,0.758,8,-6.039,1,0.0413,0.153,1.61e-05,0.104,0.413,122.019
46,Jubel,Klingande,https://open.spotify.com/track/1uqjc3Lvei5y8CedDY3hD0,0.698,0.476,0,-7.459,1,0.0417,0.185,0.238,0.0542,0.181,124.986
47,Piece Of Your Heart - Joris Voorn Remix,MEDUZA,https://open.spotify.com/track/7cuJ3Fby01EnW1POX5Ruvu,0.717,0.792,3,-7.061,0,0.0285,0.00354,0.643,0.129,0.874,124.011
48,Fuego,Alok,https://open.spotify.com/track/7ac8sivblLQjsQipO5FZ63,0.72,0.643,9,-7.691,1,0.0369,0.135,0.812,0.112,0.325,122.012
49,On Life - Jack Back Remix,Idris Elba,https://open.spotify.com/track/5RLeVOsssApcHc6NMbz2BY,0.61,0.777,9,-10.559,1,0.055,0.0207,0.796,0.0995,0.263,122.995
50,Fun,Kaskade,https://open.spotify.com/track/6quwZWSOygVjpaTG84whzq,0.839,0.922,0,-3.166,1,0.0568,0.0215,0.00936,0.0548,0.328,122.986
51,Feel The Volume,Jauz,https://open.spotify.com/track/03IxJiB8ZOH9hEQZF5mCNY,0.725,0.918,10,-4.912,0,0.0676,0.153,0.0328,0.113,0.201,125.009
52,Power Over Me - MEDUZA Remix,Dermot Kennedy,https://open.spotify.com/track/3GOdDvTo7KRAK8Me1FY9ZP,0.67,0.803,9,-7.402,0,0.0369,0.133,0.0015,0.156,0.534,123.984
53,Smiley Face,Duck Sauce,https://open.spotify.com/track/6qTuwiezhhaZFSza4Bu600,0.792,0.832,0,-4.127,1,0.0623,0.0125,0.681,0.921,0.712,123.992
54,Okay,Shiba San,https://open.spotify.com/track/5VS7aJFWhrm5U4gO7wHbVB,0.829,0.746,2,-7.405,1,0.0414,0.00906,0.866,0.107,0.412,123.017
55,Mothership Reconnection (feat. Parliament/Funkadelic) - (Daft Punk Remix),Scott Grooves,https://open.spotify.com/track/5aWVNrjqFHCATLIhS2na3t,0.846,0.832,1,-5.486,1,0.42,0.0886,0.2,0.0737,0.78,126.132
56,Drive (feat. Delilah Montagu) - Solardo Remix,Black Coffee,https://open.spotify.com/track/0e1NUsafmXRpVpSKf7A6My,0.65,0.786,4,-7.62,1,0.0378,0.000409,0.00299,0.127,0.496,125.049
57,Running - Disclosure Remix,Jessie Ware,https://open.spotify.com/track/6ppZ7k085VI9pyIeWtjsvX,0.761,0.735,4,-7.586,0,0.206,0.0889,0.0518,0.876,0.351,124.952
58,Faded - The Magician Remix,ZHU,https://open.spotify.com/track/34pBhgU7h9Yw7cXnKgVhEe,0.781,0.853,2,-5.802,1,0.0411,0.0022,0.0751,0.209,0.19,124.983
59,Faded - Amtrac Remix,ZHU,https://open.spotify.com/track/6tDCwWhKy29hKqB1BFNB2W,0.713,0.788,5,-7.065,0,0.0393,0.00148,0.63,0.877,0.161,128.011
60,At Night - Kid Creme Remix,Shakedown,https://open.spotify.com/track/1s24rzuBUNP9NKbeKS1msM,0.727,0.955,8,-8.28,1,0.0627,0.00351,0.887,0.15,0.744,124.987
61,Inside,Benny Benassi,https://open.spotify.com/track/6RimBqPTs19fYkzERaI79P,0.776,0.869,10,-6.466,1,0.0382,0.0392,0.0118,0.606,0.54,124.991
62,Gypsy Woman (She's Homeless) (La Da Dee La Da Da) - Basement Boy Strip To The Bone Mix,Crystal Waters,https://open.spotify.com/track/1SShxVVBeZBCY7WddnksPz,0.484,0.641,5,-12.612,1,0.0377,0.000779,0.278,0.0738,0.181,119.981
63,Need U (100%) [Skreamix],Duke Dumont,https://open.spotify.com/track/7khBh3IUYdGPIjbMziGSa9,0.688,0.613,10,-7.471,0,0.0556,0.0032,0.498,0.0234,0.363,123.986
64,Late Night Feelings - Jax Jones Midnight Snack Remix,Mark Ronson,https://open.spotify.com/track/4ufczFF0h8LuINuNchy1fQ,0.697,0.928,5,-4.052,0,0.113,0.0158,0.00723,0.503,0.654,124.023
65,Go Bang,PNAU,https://open.spotify.com/track/0B6DcuwyubDDbomysc57KC,0.598,0.893,2,-3.072,1,0.0319,0.0714,0.0159,0.146,0.485,120.972
66,Regulate - Destructo & Wax Motif Remix,Warren G,https://open.spotify.com/track/7EiPI4VyHcR7AYNh5cM7ZZ,0.694,0.709,4,-9.063,0,0.0489,0.577,0.0436,0.0898,0.548,118.02
67,Ready For Your Love,Gorgon City,https://open.spotify.com/track/1ehhFCpPQHBKfn1aCNMo8t,0.66,0.747,5,-6.637,1,0.133,0.136,0.000786,0.347,0.455,121.963
68,Spicy (feat. Ginger) - Edit,Boris Brejcha,https://open.spotify.com/track/4iGHHblTdLX7gOzRtQn9hD,0.711,0.472,7,-10.52,0,0.0464,0.000243,0.827,0.0838,0.142,125.013
69,Rave Alarm,Dombresky,https://open.spotify.com/track/3Lybys0ZY88DK3pH53DxPR,0.751,0.797,1,-4.419,1,0.0591,0.0139,0.681,0.0701,0.655,125.008
70,Six Shooter,SNBRN,https://open.spotify.com/track/23r3roWhwTm85xVIHkxloH,0.686,0.77,2,-8.538,1,0.0516,0.0167,0.899,0.084,0.511,124.022
71,Shades,Tchami,https://open.spotify.com/track/6U0GYSiAsb9bYvuOzQJLoq,0.629,0.748,5,-6.513,1,0.0812,0.0961,2.01e-05,0.109,0.173,120.021
72,Wish You Were Mine - Radio Edit,Philip George,https://open.spotify.com/track/2zicJvVkjM4NTJtAdBH8yg,0.651,0.825,7,-4.16,0,0.0288,0.0112,0.0913,0.103,0.389,122.955
73,Pumped Up,Klingande,https://open.spotify.com/track/43UgnGOThTG3uSh4elH6xn,0.732,0.734,0,-6.423,1,0.107,0.00719,1.49e-05,0.34,0.643,123.033
74,Sweet Nothing (feat. Florence Welch),Calvin Harris,https://open.spotify.com/track/24LS4lQShWyixJ0ZrJXfJ5,0.573,0.929,8,-3.942,0,0.109,0.197,0.000112,0.0567,0.582,127.934
75,Barbra Streisand,Duck Sauce,https://open.spotify.com/track/1WHx2541uqQd3bDNYwwOaC,0.694,0.813,1,-4.129,1,0.335,0.00649,0.000467,0.249,0.741,127.834
76,SexyBack (feat. Timbaland),Justin Timberlake,https://open.spotify.com/track/4Lvc9SbPc0svm9TEoMgFzB,0.967,0.599,7,-5.659,0,0.0706,0.0679,0.0,0.0526,0.964,117.0
77,Karma,Justin Jay,https://open.spotify.com/track/1eSjqxelDbUkdgUx8XIUvF,0.757,0.783,5,-8.406,0,0.0483,0.157,0.119,0.312,0.439,122.019
78,Be Sharp Say Nowt - Original Mix,Patrick Topping,https://open.spotify.com/track/3xN4zbuUZvGev7c9D0BbTM,0.813,0.992,1,-6.203,1,0.0574,0.00194,0.871,0.0957,0.961,126.001
79,Look Right Through - MK Vocal Edit,Storm Queen,https://open.spotify.com/track/39gkp66XFaY2hkC2RUzXyr,0.834,0.819,0,-7.989,0,0.0841,0.00212,0.00306,0.279,0.513,119.99
80,+1 (feat. Sam White) - Radio Edit,Martin Solveig,https://open.spotify.com/track/1Lt4t4pHow1DGBY6Mtvy5X,0.766,0.727,11,-6.853,0,0.0396,0.124,0.0296,0.0721,0.739,124.948
81,Sides,Kyle Watson,https://open.spotify.com/track/6yivOJPOYO9dix2AXByYSK,0.988,0.464,11,-8.726,1,0.156,0.0118,0.421,0.0866,0.308,123.025
82,In Da Getto,J Balvin,https://open.spotify.com/track/2rtoAaPNX5dfzO78OwlzvM,0.924,0.723,8,-3.142,1,0.0466,0.0177,2.61e-05,0.113,0.643,126.998
83,Girls Night Out,Dombresky,https://open.spotify.com/track/63FTMbil2vs0TrhpbKEki2,0.731,0.979,7,-4.051,0,0.111,0.032,0.117,0.387,0.799,124.014
84,La Mezcla - Charles Websters Club Mix,Michel Cleis,https://open.spotify.com/track/3iSrNmprvBywstHC72L1QH,0.731,0.739,10,-6.362,0,0.0558,0.0505,0.243,0.0958,0.469,120.021
85,Seeing & Believing - Kolter Remix,Chris Stussy,https://open.spotify.com/track/3tXX9nFt0NbyMtxQPAn0Ok,0.776,0.723,2,-8.944,1,0.0437,0.0742,0.907,0.0978,0.784,128.011
86,TECHNO + TEQUILA,Disco Lines,https://open.spotify.com/track/2gTdxzXSycGUJVgqbDouIh,0.851,0.826,2,-5.503,1,0.0498,0.0418,0.0383,0.147,0.547,126.077
87,aNYway,Duck Sauce,https://open.spotify.com/track/74oiX4pZTZ7NmCwiEV7lAE,0.781,0.847,0,-5.323,0,0.373,0.0286,5.84e-05,0.277,0.65,127.991
88,Paradigm,CamelPhat,https://open.spotify.com/track/7bx6lzQb01wFWC8aDwPMgC,0.588,0.926,4,-5.337,0,0.0332,6.66e-05,0.0833,0.382,0.135,120.01
89,Heaven (feat. Andreya Triana) - Mousse T.'s Disco Shizzle Remix,The Vision,https://open.spotify.com/track/4DqovXk7x3WgTkcNgQVtQ1,0.75,0.952,10,-5.376,0,0.0899,0.0306,0.0307,0.0861,0.757,119.955
90,Without You,Foamo,https://open.spotify.com/track/44YyzsT4gkFnVVm6ktqg2Q,0.794,0.944,1,-6.419,1,0.0579,0.00107,0.876,0.568,0.169,127.014
91,Delilah (pull me out of this),Fred again..,https://open.spotify.com/track/5w9upngVRHNjdZcRC7Xxr2,0.685,0.827,10,-7.745,1,0.224,0.138,0.00207,0.374,0.586,133.93
92,Take My Time,Supershy,https://open.spotify.com/track/4vYuZjqIxGsRzyqjV15dWk,0.792,0.887,6,-7.859,0,0.0541,0.0965,0.934,0.0895,0.76,118.566
93,Steamroller,Anish Kumar,https://open.spotify.com/track/7f6Uk2JePkvU9J4LZPuDvr,0.649,0.967,7,-6.394,1,0.0603,0.0135,0.791,0.74,0.848,132.11
94,Keep Moving - The Blessed Madonna Remix / Edit,Jungle,https://open.spotify.com/track/3CFqsproirYuZ6ksCoCwfc,0.713,0.735,10,-5.502,0,0.051,0.000879,0.54,0.237,0.501,125.994
95,Take Me,Martin Ikin,https://open.spotify.com/track/7pWLqM4gqXzUfxdk87TuX4,0.888,0.897,10,-6.687,0,0.091,0.00482,0.00827,0.285,0.326,126.999
96,Fashion,Kungs,https://open.spotify.com/track/4AaJWBRo2eg20ZIr1BTqea,0.806,0.885,11,-6.19,1,0.039,2.96e-05,0.814,0.0779,0.171,121.995
97,El Sueño,Dennis Cruz,https://open.spotify.com/track/2cVa4UOzFShwsFHGuSEBFP,0.898,0.643,10,-11.185,0,0.0638,0.0018,0.675,0.1,0.309,123.999
98,Recap (feat. VanJess & Channel Tres),Kito,https://open.spotify.com/track/5h0TojqGJ5pupMCnT8EGKV,0.77,0.546,11,-8.739,0,0.127,0.0105,8.82e-05,0.147,0.478,115.012
99,Shined On Me - Les Bisous Remix,Praise Cats,https://open.spotify.com/track/19epP6oORIcgBguKGdF7lo,0.809,0.714,8,-5.823,0,0.0364,0.0979,0.00311,0.311,0.752,124.989
