,name,artist,url,danceability,energy,key,loudness,mode,speechiness,acousticness,instrumentalness,liveness,valence,tempo
0,Da Fonk (feat. Joni),Mochakk,https://open.spotify.com/track/6ryPKHgiz6MSGJ1wYqn28b,0.776,0.798,9,-8.6,0,0.0907,0.01,0.793,0.116,0.428,127.007
1,False Need,Mochakk,https://open.spotify.com/track/2fSNDaBmTg8VucedIUA3IA,0.794,0.651,6,-8.434,1,0.0479,0.00985,0.764,0.0778,0.144,127.013
2,Buttercup,Mochakk,https://open.spotify.com/track/5d2KbiTK6AVaJeJC1oc8H3,0.863,0.578,7,-7.147,1,0.142,0.022,0.426,0.0597,0.617,124.001
3,I'm Falling Apart (call me whenever),HATE THE WORLD,https://open.spotify.com/track/4zHYAOvjubVjnywdUzq8u3,0.558,0.704,9,-6.556,0,0.0439,0.00556,0.0,0.116,0.404,75.01
4,Off The Rip,lotus <3,https://open.spotify.com/track/2oa9XVW9sx02EGhYf2CmAj,0.74,0.386,1,-13.067,1,0.227,0.00152,0.0,0.358,0.46,159.894
5,Who Shot Cupid?,Juice WRLD,https://open.spotify.com/track/2xwwY0EN7dtnXzMU8xRDxX,0.757,0.932,3,-2.809,1,0.0372,0.0558,0.0,0.097,0.591,125.99
6,Her Friend,Fatality999,https://open.spotify.com/track/65kdzfkwi8PdgqCU7K3s7u,0.73,0.35,0,-9.167,0,0.536,0.0979,0.0,0.11,0.209,172.919
7,Pump,Chris Lorenzo,https://open.spotify.com/track/37Jh3OXqliOxKjtl1aO49y,0.604,0.987,9,-5.666,1,0.0496,0.0229,0.717,0.574,0.549,127.982
8,King Of Hearts,Cassie,https://open.spotify.com/track/16xHBpQ2dJrEFAqDZE19x8,0.634,0.758,2,-5.198,1,0.0393,0.00123,0.258,0.13,0.593,127.982
9,Complicated,Blossom,https://open.spotify.com/track/654bNag9mTttG4KKWuYIev,0.833,0.672,2,-4.893,1,0.238,0.0367,2.04e-06,0.409,0.264,130.073
10,U Are My High (with Future),DJ Snake,https://open.spotify.com/track/0ITaSRuI0L1RNL7ZNYTTi7,0.602,0.824,0,-4.087,0,0.0547,0.0867,0.0,0.0947,0.442,125.147
11,Rock Ur World,Knock2,https://open.spotify.com/track/5PkWhNfVEz2O9n8b6cQFMw,0.661,0.916,8,-3.722,0,0.0675,0.12,0.000856,0.339,0.28,125.965
12,Company,Drake,https://open.spotify.com/track/6ImxYXeLDQPIv4qo7bMhSk,0.651,0.55,7,-8.215,1,0.0496,0.0403,0.0,0.165,0.119,107.567
13,Jus dance,PRIMOSUX,https://open.spotify.com/track/32ENmsmRdAjlnMBZ03rMUk,0.698,0.545,2,-11.359,1,0.155,0.00025,0.000416,0.892,0.528,146.091
14,hotel room,PRIMOSUX,https://open.spotify.com/track/4V68TEMHbBeAs4aphadEi8,0.726,0.554,7,-8.843,1,0.142,0.000546,0.00119,0.193,0.563,140.961
15,cloud 9,PRIMOSUX,https://open.spotify.com/track/4klqZPhv3fLOmqd8siwHsG,0.759,0.566,7,-6.223,1,0.0792,0.00265,0.00594,0.0567,0.266,124.929
16,kissed a btch,PRIMOSUX,https://open.spotify.com/track/5BythbqpAr9XQZfQXJKNdL,0.761,0.566,9,-8.063,1,0.235,0.003,0.0,0.405,0.452,137.068
17,Crowd Control,Wubbaduck,https://open.spotify.com/track/7hPxYII7NxHSE5i9V9aUZH,0.882,0.968,4,-1.805,0,0.167,0.012,0.000289,0.322,0.433,128.006
18,Warriors,Paris Blohm,https://open.spotify.com/track/0OSwWL72ImBvCEmBGzblkp,0.569,0.924,7,-3.433,0,0.074,0.00698,0.000464,0.426,0.0455,127.91
19,Lights Out,DJ Zinc,https://open.spotify.com/track/4d3Wh7BKxCmaXw3GXL4Q8h,0.623,0.904,0,-4.912,1,0.19,0.134,0.0,0.0929,0.653,129.949
20,Losing Control,Odd Mob,https://open.spotify.com/track/4LwxeWSBu0LQtEyGLb6FVP,0.711,0.748,0,-6.524,1,0.0521,0.0493,0.765,0.316,0.254,134.014
