,name,artist,url,danceability,energy,key,loudness,mode,speechiness,acousticness,instrumentalness,liveness,valence,tempo
0,Beat the Case (feat. Offset) - Bonus Track,Gunna,https://open.spotify.com/track/5OcT3ogKvbL2vrW0x7GkHU,0.859,0.529,5,-5.666,0,0.0865,0.125,0.0,0.0906,0.228,130.049
1,Take It to Trial (feat. Yak Gotti),Young Stoner Life,https://open.spotify.com/track/6aKDdFwPJLgHT4aNktrQmb,0.891,0.552,1,-6.877,1,0.223,0.00225,2.18e-06,0.162,0.455,135.976
2,Nameless,Lil Keed,https://open.spotify.com/track/4itETlhUWW6GFzYZwEL8do,0.875,0.568,11,-8.619,0,0.34,0.0357,0.0,0.113,0.648,140.082
3,Sold Out Dates (feat. Lil Baby),Gunna,https://open.spotify.com/track/55WLWX71YkHt2tSucNIf1g,0.817,0.556,4,-7.178,0,0.14,0.469,0.0,0.131,0.314,126.991
4,Best Friend,Young Thug,https://open.spotify.com/track/33JcUj9qQDayKswunZP9ar,0.959,0.598,8,-5.534,1,0.0713,0.0358,0.0,0.358,0.408,127.029
5,back at it,Gunna,https://open.spotify.com/track/1h0rVgfuKa6V9DkVSLAc4Q,0.742,0.543,8,-8.77,0,0.211,0.125,0.0,0.237,0.407,129.091
6,fukumean,Gunna,https://open.spotify.com/track/4rXLjWdF2ZZpXCVTfWcshS,0.847,0.622,1,-6.747,0,0.0903,0.119,0.0,0.285,0.22,130.001
7,rodeo dr,Gunna,https://open.spotify.com/track/2rjv9fXzpZDbB6lEeIoB3l,0.8,0.754,1,-5.259,0,0.216,0.0668,0.0,0.278,0.334,134.136
8,Oh U Went (feat. Drake),Young Thug,https://open.spotify.com/track/7qLr3HMApUbyDkUvgIvHnB,0.808,0.789,7,-5.88,0,0.236,0.0517,0.0,0.0819,0.465,136.01
9,Went Thru It,Young Thug,https://open.spotify.com/track/7fYI5lJNkyJMtTdhIVPy07,0.863,0.66,2,-7.016,1,0.16,0.0312,6.08e-06,0.236,0.236,92.511
10,Flooded The Face,Lil Uzi Vert,https://open.spotify.com/track/4daEMLSZCgZ2Mt7gNm2SRa,0.64,0.609,1,-7.714,0,0.304,0.492,2.47e-06,0.152,0.393,131.889
11,Endless Fashion (feat. Nicki Minaj),Lil Uzi Vert,https://open.spotify.com/track/41bmnQZoDMQdDh5zyomtW7,0.731,0.605,1,-5.01,1,0.19,0.067,7.7e-06,0.177,0.413,132.946
12,Bubbly (with Drake & Travis Scott),Young Thug,https://open.spotify.com/track/4KDNRh9Oor80z3XIxdWlui,0.91,0.585,11,-7.572,0,0.257,0.0536,0.0,0.127,0.599,129.011
13,"Love You More (with Nate Ruess, Gunna & Jeff Bhasker)",Young Thug,https://open.spotify.com/track/4pUxYUHVKXWsgGhEhOu7R9,0.668,0.376,6,-10.865,1,0.0575,0.575,0.00111,0.103,0.246,137.981
14,Diamonds Dancing (feat. Travis Scott),Young Stoner Life,https://open.spotify.com/track/7uZqvqXzzYMKrexKxdcGmd,0.851,0.703,4,-7.351,0,0.303,0.00949,2.57e-05,0.0895,0.596,74.017
15,Ski,Young Stoner Life,https://open.spotify.com/track/6755DFiZ7CWe2WMdTGW5C1,0.953,0.621,8,-7.638,0,0.221,0.017,0.0,0.0398,0.883,123.016
16,3 Headed Snake (feat. Young Thug),Gunna,https://open.spotify.com/track/2OaKHGvIxoOzIYjyMsxcT8,0.914,0.415,6,-10.708,1,0.464,0.0536,0.0,0.131,0.646,135.03
17,Outstanding,Gunna,https://open.spotify.com/track/76PwajqH3ej4hnk9tgaJpp,0.829,0.73,6,-4.554,0,0.241,0.309,0.0,0.109,0.324,149.075
18,All Day (feat. Lil Gotit & Lil Keed),Yak Gotti,https://open.spotify.com/track/7LHgvN8K3LhPS9JQWWhA2H,0.902,0.478,1,-7.219,1,0.313,0.142,0.0,0.0912,0.159,130.102
19,Free The Goat (feat. Shad Da God),Yak Gotti,https://open.spotify.com/track/03lzLyafH108ZI61S5GNh1,0.826,0.727,11,-7.302,0,0.281,0.116,0.0,0.302,0.863,124.984
20,Bad Bad Bad (feat. Lil Baby),Young Thug,https://open.spotify.com/track/1GeNui6m825V8jP4uKiIaH,0.974,0.596,6,-8.888,1,0.184,0.0976,0.0,0.151,0.892,111.959
21,Surf (feat. Gunna),Young Thug,https://open.spotify.com/track/6igOR5QCn09zAVF2ikZjsV,0.93,0.561,0,-8.053,1,0.25,0.101,0.0,0.0992,0.596,140.987
22,Halftime,Young Thug,https://open.spotify.com/track/4BP0An7SXctTY4kF41JxIQ,0.71,0.486,11,-6.221,0,0.251,0.0641,0.0,0.112,0.17,133.284
23,Dome (feat. Duke),Young Thug,https://open.spotify.com/track/5kBmoWvzfQgpd1pVGwFwab,0.843,0.564,5,-6.004,0,0.242,0.0383,0.0,0.39,0.565,112.938
24,Get It if You Want It,Gunna,https://open.spotify.com/track/6YPgyNj9op6f96lwDPASCz,0.629,0.468,4,-13.033,0,0.337,0.0919,0.0,0.128,0.224,77.095
25,Shopping,Gunna,https://open.spotify.com/track/5kQn7qkpgDq8o18yuYQ6CF,0.918,0.416,9,-12.652,0,0.192,0.191,0.0,0.108,0.382,129.956
26,Belly of the Beast,Gunna,https://open.spotify.com/track/6KctApRdRLEEhzFJLhJfCr,0.849,0.451,6,-8.423,0,0.095,0.174,2.05e-06,0.157,0.456,122.071
27,Highschool,Gunna,https://open.spotify.com/track/0GBliS8SJzDONETZcwYiry,0.881,0.3,6,-17.897,0,0.349,0.421,0.0,0.105,0.793,138.98
28,Oh Okay (feat. Young Thug & Lil Baby),Gunna,https://open.spotify.com/track/38844QuZDlnt44uHPrSA3S,0.889,0.516,8,-8.852,1,0.327,0.372,0.0,0.0926,0.732,140.005
29,Drip or Drown Remix (feat. Lil Yachty),Gunna,https://open.spotify.com/track/4rTwXrxC6fyn3g5y3DGTIJ,0.943,0.38,5,-13.671,0,0.438,0.663,0.0,0.124,0.696,118.006
30,P power (feat. Drake),Gunna,https://open.spotify.com/track/0lEjxUUlKqjqXrVlIHFduD,0.828,0.591,1,-6.217,1,0.109,0.0199,0.000323,0.361,0.202,119.251
31,mop (feat. Young Thug),Gunna,https://open.spotify.com/track/2ZGEjmwyeZ3rpEezkZwqOP,0.878,0.575,9,-8.732,1,0.284,0.00293,0.0,0.273,0.399,144.918
32,pushin P (feat. Young Thug),Gunna,https://open.spotify.com/track/3LnpBazWpD31QMTn6LgVGv,0.773,0.422,1,-4.572,0,0.187,0.00783,0.00693,0.129,0.488,77.502
33,Digits,Young Thug,https://open.spotify.com/track/4cg1yakyRSIOjxKM2I7J1q,0.769,0.632,10,-4.228,0,0.0537,0.0325,0.0,0.116,0.294,131.932
34,With Them,Young Thug,https://open.spotify.com/track/0tISnxqgVmxqhVghsTi2Rr,0.926,0.517,9,-6.794,1,0.184,0.00218,0.0,0.091,0.284,132.07
35,Worth It,Young Thug,https://open.spotify.com/track/5QCr1xFufKJOTkpcR9ih24,0.604,0.435,4,-9.191,0,0.135,0.0326,0.0,0.091,0.112,136.827
36,For Y'all (feat. Jacquees),Young Thug,https://open.spotify.com/track/5e5LyZy3k83xTQKnerVrif,0.69,0.511,9,-8.405,1,0.152,0.0277,0.0,0.112,0.589,139.996
37,Tomorrow 'Til Infinity (feat. Gunna),Young Thug,https://open.spotify.com/track/6Zm6fxOVPzyArjrNPx9LRe,0.855,0.516,0,-6.972,1,0.0524,0.0261,2.74e-05,0.302,0.283,135.97
38,Webbie (feat. Duke),Young Thug,https://open.spotify.com/track/6pRkwu4Pt9d7Ki6g4ppOYj,0.696,0.589,1,-7.033,0,0.295,0.123,0.0,0.134,0.273,78.52
39,"Guwop (feat. Quavo, Offset and Young Scooter)",Young Thug,https://open.spotify.com/track/1BSA5I386L2IAmFQURYjIz,0.883,0.616,0,-7.218,0,0.274,0.014,1.48e-06,0.0967,0.482,141.969
40,Million Dollar Mansion (feat. Young Thug),Lil Keed,https://open.spotify.com/track/5Y7V6bjD1rTLuSZIgASIyE,0.892,0.466,6,-8.184,0,0.408,0.036,0.0,0.122,0.371,81.02
41,Pull Up (feat. Lil Uzi Vert & YNW Melly),Lil Keed,https://open.spotify.com/track/2rFXS1iNJqCUrcU21fJfe7,0.873,0.452,0,-7.124,0,0.369,0.0474,0.0,0.0495,0.585,77.031
42,Oh My God,Lil Keed,https://open.spotify.com/track/6GvrONKPVy5yRIs1LtBies,0.896,0.428,7,-7.539,1,0.432,0.0252,0.0,0.0804,0.616,144.979
43,Power,Young Thug,https://open.spotify.com/track/6ynu6ltyISlBqklnUNIa1I,0.872,0.504,6,-3.508,0,0.496,0.114,0.0,0.0992,0.26,139.024
44,Take Kare,Young Thug,https://open.spotify.com/track/3yrJ0Xr1oD4lEW1SN4G8Ni,0.812,0.444,10,-10.148,0,0.206,0.0282,0.0,0.0775,0.299,89.988
45,F Cancer (Boosie) [feat. Quavo],Young Thug,https://open.spotify.com/track/1qPK58q90l8KNoWyXsLI2Y,0.802,0.718,10,-6.921,0,0.0992,0.0229,0.0,0.338,0.658,160.031
46,Ridin' (feat. Lil Durk),Young Thug,https://open.spotify.com/track/0sMZD2KXYkkR0xDZiBoI7g,0.861,0.604,9,-9.071,1,0.206,0.133,0.0,0.142,0.39,107.99
47,It's A Slime (feat. Lil Uzi Vert),Young Thug,https://open.spotify.com/track/3HxYOwZZHZn5mC1drqPQqR,0.863,0.464,1,-10.559,1,0.346,0.00449,0.0,0.0938,0.566,75.5
48,Chains Choking Me (feat. Gunna),Young Thug,https://open.spotify.com/track/2KG4X41ARZad7B6XczCvgc,0.722,0.482,2,-11.249,1,0.325,0.0123,0.0,0.112,0.0842,81.735
49,Oh Yeah (feat. HiDoraah),Young Thug,https://open.spotify.com/track/3zDNGCNu3JxLlZlLmy8YNh,0.673,0.409,0,-12.332,1,0.0977,0.0659,0.0,0.122,0.367,153.977
50,Fetish Remix (feat. Young Thug),Lil Keed,https://open.spotify.com/track/0V4aRCAMBblWlRGTjiyMRR,0.812,0.558,11,-8.546,1,0.471,0.0186,0.0408,0.118,0.304,149.942
51,Anybody (feat. Nicki Minaj),Young Thug,https://open.spotify.com/track/5I30ByMf5nhgbSokY1EZiN,0.901,0.472,11,-8.416,0,0.194,0.0381,0.0,0.11,0.479,120.0
52,Bad Boy (with Young Thug),Juice WRLD,https://open.spotify.com/track/43CIWpJaJHRcI4mUSjqgc2,0.697,0.674,1,-6.326,1,0.0533,0.00215,0.0,0.138,0.198,81.535
53,Drip Nation,Sosamann,https://open.spotify.com/track/2Ismv7tpgmdyQnKuX4U5jo,0.731,0.445,5,-13.683,0,0.223,0.583,0.0,0.118,0.231,126.972
54,Yamborghini Dream (feat. Young Thug),Lil Uzi Vert,https://open.spotify.com/track/2QBxdLNImwEDJCzI0Yzeka,0.75,0.734,7,-4.993,1,0.218,0.423,0.0,0.293,0.364,118.869
55,Tick Tock,Young Thug,https://open.spotify.com/track/3JXebpWufTcs8iegiRCBW7,0.944,0.693,11,-8.605,0,0.266,0.00789,0.0,0.164,0.626,134.061
56,The Blanguage,Young Thug,https://open.spotify.com/track/23z0NFaX0CYXoetju87A4z,0.732,0.621,11,-8.681,0,0.156,0.0767,0.0,0.369,0.171,120.97
57,Banking On Me,Gunna,https://open.spotify.com/track/7Fege3yv4dvehB3NdRBGwI,0.793,0.308,0,-10.414,0,0.0466,0.613,1.68e-05,0.0953,0.46,135.143
58,Ring (feat. Young Thug),T.I.,https://open.spotify.com/track/3Q7ve0W9OdEmWoCn5pDzJq,0.807,0.668,1,-6.812,1,0.116,0.00278,2.18e-05,0.167,0.121,145.985
59,Hyenas,Bankroll Mafia,https://open.spotify.com/track/0HUptiGFVM5Q5YHIJ920aK,0.749,0.606,9,-6.419,1,0.155,0.182,0.0,0.0843,0.251,129.945
60,Helluva Price,Gunna,https://open.spotify.com/track/5bFym95c4l7Q7cVIYArOzC,0.865,0.383,1,-10.154,1,0.252,0.579,0.0,0.127,0.245,135.049
61,Toast Up,Gunna,https://open.spotify.com/track/0nlQLaytSQwrY6d5cS2X2i,0.571,0.422,2,-12.008,1,0.685,0.241,0.0,0.434,0.673,82.186
62,Top Off,Gunna,https://open.spotify.com/track/0HCnj7pfrvshnocOJUFeit,0.906,0.395,1,-11.277,1,0.206,0.0103,0.000195,0.117,0.376,146.056
63,At the Hotel (feat. Lil Uzi Vert & Young Jordan),Gunna,https://open.spotify.com/track/5RIVAc0J3PAsw4aqkzO7TM,0.902,0.627,1,-7.028,1,0.246,0.036,0.0,0.0795,0.397,141.999
64,Car Sick (feat. NAV & Metro Boomin),Gunna,https://open.spotify.com/track/4xisLMFhYADhKnkOCCV4Am,0.859,0.574,7,-6.16,1,0.399,0.0989,0.0,0.0918,0.405,149.995
65,Pedestrian,Gunna,https://open.spotify.com/track/30YhyUmaegqSxsBICCeVzY,0.736,0.578,7,-7.387,1,0.129,0.0906,1.58e-06,0.319,0.133,172.96
66,Spending Addiction,Gunna,https://open.spotify.com/track/5diN5Ht0cc3B7iAbYde8i3,0.887,0.455,1,-5.948,1,0.444,0.697,0.0,0.101,0.655,124.959
67,Almighty (feat. HoodRich Pablo Juan),Gunna,https://open.spotify.com/track/7tjXeAUgZEe2yE6nSOcqWA,0.952,0.334,1,-11.375,1,0.471,0.208,1.57e-05,0.113,0.274,117.977
68,Mistress,Gunna,https://open.spotify.com/track/4WSbFi3yvVmaS2JGYu0h7P,0.92,0.664,2,-5.74,1,0.271,0.0276,0.0,0.106,0.498,148.039
69,SKYBOX,Gunna,https://open.spotify.com/track/7GwYENSg87oERcW0Wacd6m,0.779,0.707,1,-6.527,1,0.16,0.0991,0.0,0.0934,0.343,140.894
70,Who You Foolin,Gunna,https://open.spotify.com/track/7KVPsVMOK3NL7subwJ0dZj,0.916,0.756,0,-7.653,1,0.188,0.0942,0.0,0.23,0.756,115.69
71,Wit It,Gunna,https://open.spotify.com/track/1unFtbwcAnSGgYPmp52vc0,0.868,0.657,7,-5.318,0,0.0745,0.197,0.0,0.105,0.508,125.905
72,On A Mountain,Gunna,https://open.spotify.com/track/79Dpa6xXRNsXzMueN8BvAg,0.787,0.552,4,-7.676,0,0.0685,0.0808,0.0,0.102,0.21,81.987
73,One Call,Gunna,https://open.spotify.com/track/3pq5dd3Hwg2uJ3d63v9YRx,0.861,0.481,2,-7.309,1,0.343,0.125,1.38e-05,0.0903,0.188,146.992
74,Richard Millie Plain,Gunna,https://open.spotify.com/track/14PWHDV87nXiSuClZDsEYC,0.744,0.674,1,-7.518,0,0.0641,0.356,0.0,0.128,0.316,134.021
75,Baby Birkin,Gunna,https://open.spotify.com/track/0BOmhToQ03yOdpzYKMEnAg,0.848,0.649,2,-6.083,1,0.315,0.232,0.0,0.101,0.629,118.04
76,Cash War,Gunna,https://open.spotify.com/track/42vD3VJBNhxLQ1SWmryw8C,0.94,0.455,2,-6.046,1,0.21,0.0411,4.63e-06,0.114,0.106,108.065
77,Derek Fisher (feat. Lil Baby),Gunna,https://open.spotify.com/track/0mOp9tWdCRHfYwwVaO8ezw,0.759,0.562,9,-6.228,0,0.149,0.293,0.0,0.0979,0.706,145.139
78,Drop The Top (feat. Lil Keed),Lil Gotit,https://open.spotify.com/track/2hS51cCQPSzK7xsDZsThBN,0.803,0.728,1,-5.597,0,0.102,0.162,0.0,0.161,0.782,77.512
79,Rampage,Bslime,https://open.spotify.com/track/7KBJigfIsmxoz3CqO6Risg,0.808,0.309,8,-18.159,0,0.296,0.0636,0.00177,0.106,0.489,147.988
80,Lifestyle,Rich Gang,https://open.spotify.com/track/7DTlsMOQjGysXHpwwpHuPl,0.546,0.667,1,-5.236,1,0.274,0.0152,0.0,0.0895,0.471,87.666
81,Icey,Young Thug,https://open.spotify.com/track/2sNrTfdjbYiLL5xtYwUALB,0.796,0.357,1,-11.678,1,0.344,0.0075,0.0,0.0966,0.454,150.039
82,High (feat. Elton John),Young Thug,https://open.spotify.com/track/7iMDaY1LnASwCk2uUpMtii,0.759,0.498,10,-10.615,1,0.0776,0.223,5.84e-05,0.406,0.244,126.972
83,Drip on Me,Future,https://open.spotify.com/track/2ya9d4B06EQ8Fpj5SSqiTH,0.834,0.618,8,-7.653,0,0.231,0.00362,2.67e-05,0.126,0.553,135.889
84,Cruise Ship,Young Thug,https://open.spotify.com/track/3C4FUqrrjuvWoHwsumWfIu,0.793,0.742,0,-6.185,1,0.21,0.0107,0.0,0.119,0.21,150.076
85,Brotherly Love (feat. Lil Keed),Lil Gotit,https://open.spotify.com/track/2A4EOhlYFvuSu08RlsQ0WM,0.879,0.381,1,-11.495,1,0.437,0.0811,0.0,0.13,0.599,117.931
86,Pocket Watchin,Lil Gotit,https://open.spotify.com/track/6VW7lnuolKYovYYArpafp4,0.945,0.393,10,-10.624,0,0.363,0.716,4.63e-06,0.108,0.793,121.947
87,No Talking (feat. Slimeball Yayo),Lil Gotit,https://open.spotify.com/track/2nrECsVquDRP3udNr84fum,0.938,0.152,1,-12.62,1,0.522,0.131,0.0,0.0878,0.153,130.058
88,Off-White (feat. Lil Keed),Lil Gotit,https://open.spotify.com/track/2yPTOHrlWmlwMMHrgtVa8M,0.91,0.442,1,-8.876,1,0.183,0.0115,0.0,0.263,0.261,116.12
89,Drip Day N Night (feat. Gunna & Lil Keed),Lil Gotit,https://open.spotify.com/track/0i07eiCpmj8MkXkf2Xu6lv,0.872,0.515,1,-10.14,1,0.25,0.338,0.0,0.0887,0.515,129.961
90,Wish Me Well,Lil Keed,https://open.spotify.com/track/3QWwi78AnBBWQDxeDZjAhO,0.786,0.682,1,-7.845,1,0.216,0.255,6.35e-06,0.0617,0.511,167.066
91,Blicky Blicky,Lil Keed,https://open.spotify.com/track/7nzn3wUDVdAGW5WZxt4yKO,0.832,0.512,6,-8.376,1,0.286,0.337,0.000148,0.11,0.416,83.474
92,Where I'm From,Lil Keed,https://open.spotify.com/track/1TCobWyuyTAPuk3QY9Euuj,0.711,0.68,2,-8.019,1,0.343,0.086,0.0,0.122,0.237,162.854
93,All by My Lonely (feat. Yung Mal),Lil Keed,https://open.spotify.com/track/63yitcxslSuUcuB2DiuftH,0.884,0.685,8,-7.179,1,0.298,0.0729,0.0,0.254,0.423,140.04
94,Snake,Lil Keed,https://open.spotify.com/track/3wdnX9UwfyXkNq0FJVhQQD,0.943,0.443,7,-10.098,0,0.138,0.188,0.00225,0.282,0.621,109.908
95,Anybody (feat. Lil Duke & Gunna),Lil Keed,https://open.spotify.com/track/6ZhUSJUTNbCmvbbgwjhwGy,0.921,0.501,4,-7.446,0,0.366,0.102,0.0,0.115,0.241,119.935
96,On Everything,Lil Keed,https://open.spotify.com/track/3f7lzYcfWTLzcP4HMdYUYd,0.92,0.339,1,-9.353,1,0.377,0.294,4.59e-06,0.145,0.145,138.044
97,Ride Wit You,Lil Keed,https://open.spotify.com/track/2JiB5wcpgY86Ok8FEz06C8,0.842,0.267,5,-10.906,1,0.106,0.625,4.45e-05,0.309,0.365,116.035
98,Proud of Me (feat. Young Thug),Lil Keed,https://open.spotify.com/track/0a6oLpkkTVAkZA9EYq7YB2,0.673,0.699,0,-7.141,0,0.069,0.112,0.0,0.125,0.475,122.004
99,Ride the Wave,Lil Keed,https://open.spotify.com/track/3wxMOkWUa1c2jVr3QYtSiN,0.85,0.361,4,-9.442,0,0.376,0.0168,0.0,0.191,0.214,139.967
100,Make U Proud,Lil Keed,https://open.spotify.com/track/3MnH9REYVQIKFkNUbjGEcY,0.929,0.522,0,-7.699,1,0.245,0.0934,0.0,0.0703,0.447,140.025
101,Relationship (feat. Future),Young Thug,https://open.spotify.com/track/25oOaleife6E2MIKmFkPvg,0.842,0.597,2,-6.336,1,0.0627,0.00252,0.0,0.124,0.298,145.992
102,Feel It,Young Thug,https://open.spotify.com/track/2BAmF6QyK5IYEOp1TFmt0u,0.721,0.513,7,-7.882,0,0.121,0.0959,0.0,0.341,0.31,124.02
103,Take Care,Young Thug,https://open.spotify.com/track/1mB1N8BVAN3BeyOes2uj1E,0.718,0.675,0,-6.75,1,0.263,0.117,0.0,0.307,0.637,133.999
104,On Fire,Young Thug,https://open.spotify.com/track/07YlTLGFG2LsTkqGFwY5jC,0.773,0.422,2,-7.242,1,0.324,0.26,0.0,0.279,0.529,154.106
105,Family Don't Matter (feat. Millie Go Lightly),Young Thug,https://open.spotify.com/track/445YTBOjx9kYThBepGA9au,0.63,0.436,7,-10.218,1,0.433,0.172,0.0,0.429,0.691,145.066
106,Me or Us,Young Thug,https://open.spotify.com/track/0JaN65P0DapRjboDEv2g08,0.682,0.251,5,-12.824,1,0.244,0.664,1.06e-05,0.144,0.419,80.041
107,Oh Yeah,Young Thug,https://open.spotify.com/track/7FjxdLxJkOV5cHOrttx5Ft,0.555,0.418,11,-10.346,0,0.403,0.0905,0.0,0.177,0.248,106.285
108,Daddy's Birthday,Young Thug,https://open.spotify.com/track/347hgqCHnL4GfgVX5hZfNv,0.845,0.37,4,-7.333,0,0.519,0.203,0.0,0.104,0.269,152.949
109,Hot (Remix) [feat. Gunna and Travis Scott],Young Thug,https://open.spotify.com/track/56AMYGJzxBO6p8v0wEe9de,0.845,0.631,7,-8.206,0,0.216,0.188,0.0,0.0806,0.545,111.983
110,F*ck With it (Feat. Young Scooter),Young Thug,https://open.spotify.com/track/1ae02Y3z8Fe6eebHuh6vmQ,0.528,0.842,8,-5.365,1,0.412,0.00777,0.0,0.28,0.693,127.937
111,Dead For Real (Feat. PeeWee Longway),Young Thug,https://open.spotify.com/track/6jT6KhLZPgqi8IaMuCkDV6,0.818,0.558,0,-10.406,1,0.287,0.0384,0.0,0.186,0.559,101.02
112,Love Me,Rich Homie Quan,https://open.spotify.com/track/6DBEM7SPgNvLTDowgmxvwN,0.494,0.541,1,-7.149,1,0.268,0.0503,0.0,0.109,0.267,132.076
113,No Way,Rich Homie Quan,https://open.spotify.com/track/25qyaJi5AbHAMhUYMDVvPF,0.559,0.556,4,-6.855,0,0.292,0.23,0.0,0.12,0.277,124.033
114,Iowa,Rich Homie Quan,https://open.spotify.com/track/0MbFLyNWYYCG8BtlZPgRY2,0.75,0.416,10,-10.151,1,0.0818,0.0338,1.88e-06,0.0684,0.0946,123.94
115,You The One,Young Thug,https://open.spotify.com/track/0CUfi8Wr6BjnqaHZq2ttD1,0.719,0.717,1,-6.239,0,0.104,0.0386,0.0,0.25,0.357,139.887
116,Because Of Me,Young Thug,https://open.spotify.com/track/4wfXGwwGkqhzuEDRCBTC5j,0.676,0.666,11,-6.705,0,0.228,0.0946,0.0,0.115,0.419,141.87
117,Myself,Young Thug,https://open.spotify.com/track/7xPYUbsmB0jItocBfLjO1N,0.503,0.543,10,-8.203,0,0.453,0.0124,0.0,0.0627,0.369,82.991
118,No Way,Young Thug,https://open.spotify.com/track/22r2oRxIZRwH2K9NeR4XCR,0.665,0.681,4,-4.947,0,0.241,0.198,0.0,0.11,0.297,123.852
119,Good Luck (feat. Young Thug),Lil Duke,https://open.spotify.com/track/5hQfY7S2WVOM94rWC4fqja,0.757,0.703,9,-7.408,1,0.334,0.0762,0.0,0.0417,0.558,150.878
120,Mannequin Challenge (feat. Juice WRLD),Young Thug,https://open.spotify.com/track/5TnLXSd4h6G06Fbt2ApOpa,0.857,0.583,1,-7.466,0,0.086,0.0899,0.0,0.204,0.443,132.01
121,Just How It Is,Young Thug,https://open.spotify.com/track/5KYhIFNTp4VQUqlsbLWTTu,0.611,0.539,7,-10.617,1,0.411,0.0485,0.0,0.127,0.627,82.766
122,Light It Up,Young Thug,https://open.spotify.com/track/41mzryVlFLlz6b1BCtJAjx,0.953,0.515,10,-8.546,1,0.0846,0.00389,0.0,0.11,0.351,138.039
123,What's the Move (feat. Lil Uzi Vert),Young Thug,https://open.spotify.com/track/3pTScODwk9tggZzmuH6xDY,0.961,0.438,7,-7.877,1,0.31,0.0431,0.0,0.139,0.412,124.018
124,Boy Back (feat. NAV),Young Thug,https://open.spotify.com/track/369g3Kv6MXsl0wn7PNtWvO,0.777,0.573,9,-8.848,0,0.191,0.0415,0.0,0.365,0.387,143.017
125,I Bought Her (feat. Lil Duke),Young Thug,https://open.spotify.com/track/7HPUVxJdwGMujRmstBlvp7,0.913,0.57,7,-7.886,1,0.248,0.000462,0.0,0.063,0.607,136.079
126,I Am (Lil Baby & Gunna),Lil Baby,https://open.spotify.com/track/3F57PtOdqRpD6euFYqtKXX,0.822,0.461,1,-6.506,1,0.449,0.328,0.0,0.122,0.268,130.003
127,My Jeans (Lil Baby & Gunna feat. Young Thug),Lil Baby,https://open.spotify.com/track/4T7cJdrTRqOBESPYfvfj2x,0.435,0.715,11,-5.869,1,0.186,0.119,0.0,0.531,0.382,100.576
128,Deep End (Lil Baby & Gunna),Lil Baby,https://open.spotify.com/track/16QjPRt5HYK0dnLGmGRCvf,0.658,0.535,11,-8.197,1,0.515,0.257,0.0,0.0981,0.395,150.055
129,Off White VLONE (Lil Baby & Gunna feat. Lil Durk & NAV),Lil Baby,https://open.spotify.com/track/6PoKfDY78ih5OveWirggRX,0.859,0.506,10,-8.115,0,0.418,0.105,0.0,0.113,0.153,140.973
130,Belly (Lil Baby & Gunna),Lil Baby,https://open.spotify.com/track/1yQvL8SzbF5JCroRKk9F07,0.766,0.692,1,-5.343,1,0.0705,0.175,0.0,0.0844,0.426,120.028
131,Drip Too Hard (Lil Baby & Gunna),Lil Baby,https://open.spotify.com/track/78QR3Wp35dqAhFEc2qAGjE,0.897,0.662,1,-6.903,0,0.292,0.0852,0.0,0.534,0.389,112.511
132,Never Had Shit (Feat 21 Savage),Lil Duke,https://open.spotify.com/track/1U9JS1c4Ktt7VVSKKolKIp,0.669,0.365,1,-10.273,1,0.396,0.111,3.31e-06,0.0632,0.167,180.027
133,Get It Up (Feat Young Thug),Lil Duke,https://open.spotify.com/track/6baT7fLu2WEmeDKHIJvmPc,0.82,0.418,7,-10.59,1,0.272,0.0313,0.0,0.0893,0.262,106.022
134,Do You Remember (Feat Lil Durk),Lil Duke,https://open.spotify.com/track/04ADNzEulMBVKgLATR0QYf,0.762,0.322,8,-14.224,1,0.337,0.704,0.0,0.171,0.445,110.05
135,Karate Kid (feat. Uno Freaky),Lil Gotit,https://open.spotify.com/track/1VmlzacC20piJljSaM2giV,0.846,0.44,1,-10.487,1,0.31,0.103,8.76e-05,0.112,0.639,118.88
136,Noho (feat. RG Jaydog),Lil Gotit,https://open.spotify.com/track/50UEI5IXxDxZ65LARtV6KX,0.867,0.545,9,-7.612,1,0.262,0.0551,0.0,0.0779,0.436,134.992
137,200,Future,https://open.spotify.com/track/5b06JZjts6dgyyuY1m7roq,0.84,0.65,1,-6.708,1,0.262,0.00924,0.0,0.201,0.527,145.972
138,Real Love,Future,https://open.spotify.com/track/1OwNWr75pNTyhifOTT0uIG,0.75,0.579,8,-6.256,1,0.0856,0.0201,6.4e-05,0.219,0.262,145.949
139,Killed Before,Young Thug,https://open.spotify.com/track/0jPLBur1qXRfj3pbuJSX03,0.697,0.675,7,-4.688,1,0.317,0.275,0.0,0.0767,0.292,158.133
140,Mink Flow,Future,https://open.spotify.com/track/1KF7iLK6wK3hjjtqxjRiym,0.692,0.533,6,-6.165,0,0.176,0.00355,0.0,0.114,0.25,78.902
141,Just Might Be,Young Thug,https://open.spotify.com/track/1aUO38r5tnMbnd6PGMfWxs,0.406,0.722,6,-7.865,0,0.393,0.14,0.0,0.393,0.198,85.003
142,Check,Young Thug,https://open.spotify.com/track/1jk9c0gZI0wbn5GvAj7PBV,0.667,0.581,0,-5.164,0,0.323,0.0428,0.0,0.183,0.368,110.953
143,Never Had It (feat. Young Dolph),Young Thug,https://open.spotify.com/track/0xkWhXID4JvV36qh0ptR87,0.78,0.606,1,-6.16,0,0.14,0.0775,0.0,0.0737,0.205,105.989
144,Amazing (feat. Jacquees),Young Thug,https://open.spotify.com/track/5mzmXn6NdCU9Gm6Q0rcBWT,0.595,0.503,10,-8.691,0,0.609,0.461,0.0,0.0997,0.78,95.068
145,No Dealings,Lil Keed,https://open.spotify.com/track/1oa582Z90PkwGTetHl0XdE,0.896,0.621,6,-8.205,0,0.285,0.243,0.0,0.129,0.731,128.002
146,Fox 5 (feat. Gunna),Lil Keed,https://open.spotify.com/track/0fo53bqWHuxcAsi28m51tx,0.975,0.535,5,-7.34,1,0.265,0.0488,3.22e-05,0.118,0.843,119.989
147,Marvelous Day (feat. Lil Uzi Vert & Gunna),Kap G,https://open.spotify.com/track/4kfEy7h6bWBS5OaDpccTap,0.846,0.651,7,-5.481,0,0.128,0.634,0.0,0.125,0.581,140.048
148,We Ball (feat. Young Thug),Meek Mill,https://open.spotify.com/track/4iDtAYDLJWM2TrTERKPvFq,0.624,0.728,0,-6.39,1,0.465,0.141,0.0,0.106,0.599,152.088
149,"Chariot (feat. Meek Mill, Lil Durk & Young Thug)",Calboy,https://open.spotify.com/track/41qvyd8cnQbN9aOPoJSNhp,0.808,0.694,11,-5.944,0,0.245,0.207,0.0,0.074,0.503,146.036
150,Maria I'm Drunk (feat. Justin Bieber & Young Thug),Travis Scott,https://open.spotify.com/track/6Yqmv7XJLCrQEauMbPGZSw,0.648,0.631,4,-5.662,0,0.103,0.377,0.0,0.12,0.142,105.989
151,Dior (feat. Gunna),Moneybagg Yo,https://open.spotify.com/track/683tYxiTlWzupDpaZ2mCv4,0.817,0.534,8,-6.325,0,0.298,0.00851,1.04e-06,0.113,0.579,140.005
152,Real Talk,Bslime,https://open.spotify.com/track/5vSzcfp1wK57p5aEZcVmPO,0.895,0.462,7,-11.396,1,0.227,0.34,0.0,0.0789,0.722,120.012
153,WUNNA,Gunna,https://open.spotify.com/track/6HY3arOe4dD8UQ0oVDJ18E,0.889,0.455,0,-9.0,1,0.256,0.0216,0.00456,0.11,0.299,148.004
154,DOLLAZ ON MY HEAD (feat. Young Thug),Gunna,https://open.spotify.com/track/3nS9a01VvXHQriLqJYwRqG,0.825,0.458,0,-7.47,1,0.0577,0.114,0.0,0.102,0.161,145.115
155,MOTW,Gunna,https://open.spotify.com/track/0JZUiKHoEDpsLvXfeqbZxV,0.869,0.568,11,-7.631,0,0.104,0.0759,0.00344,0.101,0.394,111.994
156,ARGENTINA,Gunna,https://open.spotify.com/track/4LkEHc33eXcXFQNwxruw7W,0.804,0.725,1,-9.463,1,0.0838,0.0912,0.0,0.0708,0.356,139.967
157,DO BETTER,Gunna,https://open.spotify.com/track/03o9Cj2S5T56GeV9SeZNt0,0.833,0.456,1,-11.54,0,0.0582,0.134,0.0,0.22,0.624,120.06
158,FEIGNING,Gunna,https://open.spotify.com/track/7qaoXmlsSrndaQeDRPpOeW,0.793,0.536,5,-7.624,0,0.103,0.0704,3.86e-06,0.171,0.382,78.006
159,ADDYS (feat. Nechie),Gunna,https://open.spotify.com/track/3SGgeDQ3cAuNSFb03PjXtv,0.883,0.631,11,-8.925,1,0.27,0.0275,0.00715,0.105,0.378,150.015
160,MET GALA,Gunna,https://open.spotify.com/track/4loM16743hROPC6uIJG6wM,0.873,0.577,1,-9.151,1,0.271,0.353,0.0,0.111,0.956,117.089
161,NASTY GIRL / ON CAMERA,Gunna,https://open.spotify.com/track/2f8y4CuG57UJEmkG3ujd0D,0.598,0.472,0,-10.991,1,0.258,0.204,1.54e-05,0.108,0.522,120.08
162,TOP FLOOR (feat. Travis Scott),Gunna,https://open.spotify.com/track/4YhJ3a6kBPGJWX4Ek77sDd,0.823,0.504,8,-8.65,0,0.16,0.206,0.0,0.417,0.481,112.985
163,New Patek,Lil Uzi Vert,https://open.spotify.com/track/0Fpen1PTuEnCmOJtUU9Iud,0.85,0.785,8,-4.963,0,0.345,0.0367,0.0,0.155,0.718,145.063
164,Prices,Lil Uzi Vert,https://open.spotify.com/track/4YcWzLSnGqLjSCycuSMHnn,0.786,0.683,7,-5.397,1,0.205,0.173,0.0,0.706,0.57,126.002
165,Bust Me,Lil Uzi Vert,https://open.spotify.com/track/4wBcaYqLPm7EtDVoJQORU4,0.734,0.703,11,-6.256,1,0.355,0.237,1.99e-06,0.413,0.608,151.923
166,Bigger Than Life,Lil Uzi Vert,https://open.spotify.com/track/2oHDJHNondITqbl8xZ9vPn,0.776,0.752,8,-4.711,0,0.193,0.325,0.0,0.33,0.716,140.013
167,Venetia,Lil Uzi Vert,https://open.spotify.com/track/3BYIzNZ3t9lRQCACXSMLrT,0.775,0.757,9,-4.139,1,0.175,0.162,0.0,0.148,0.562,142.933
168,Chrome Heart Tags,Lil Uzi Vert,https://open.spotify.com/track/46mT9NR7N9Zf5MolcrBgE3,0.702,0.768,0,-4.055,1,0.0669,0.541,0.0,0.105,0.574,70.056
169,Lo Mein,Lil Uzi Vert,https://open.spotify.com/track/6CUP2khYzdphXebxVTfPE3,0.855,0.676,1,-5.736,1,0.325,0.0888,0.0,0.144,0.509,133.082
170,I'm Sorry,Lil Uzi Vert,https://open.spotify.com/track/1xcOYJxDa5pObgxY1r0I9c,0.858,0.547,1,-5.822,1,0.29,0.213,0.0,0.104,0.303,128.02
171,P2,Lil Uzi Vert,https://open.spotify.com/track/3kW4z2pIj5VY5fLjBrMRL5,0.775,0.72,11,-5.353,0,0.193,0.0236,0.0,0.114,0.49,155.086
172,Drankin N Smokin,Future,https://open.spotify.com/track/2ny1lTxfuQls8r5yX4Ad3g,0.752,0.658,0,-6.297,1,0.342,0.0421,0.0,0.0927,0.387,151.951
173,Baby Sasuke,Future,https://open.spotify.com/track/4Y4Xmm8OLUJSdR9OkaxV97,0.66,0.633,3,-5.782,0,0.149,0.689,0.0,0.129,0.715,145.995
174,Moment of Clarity,Future,https://open.spotify.com/track/7y8Xlx3c6xpyN0DqYGb8FG,0.862,0.624,8,-5.348,1,0.147,0.183,0.0,0.195,0.523,122.029
175,Bust a Move,Future,https://open.spotify.com/track/2z0LyXYmPgos95olIAQIO3,0.804,0.683,2,-7.344,1,0.055,0.0109,0.0,0.0693,0.229,140.035
176,Do What I Want,Lil Uzi Vert,https://open.spotify.com/track/4IWGnyOHDrVZEtPWfs4s7q,0.681,0.701,9,-6.336,1,0.0767,0.106,0.0,0.208,0.398,139.952
177,SideLine Watching (Hold Up),Lil Uzi Vert,https://open.spotify.com/track/0VYhxVxH9ijmdHUKsON9Bk,0.747,0.553,1,-7.294,1,0.117,0.281,0.0,0.117,0.262,141.888
178,Ronda (Winners),Lil Uzi Vert,https://open.spotify.com/track/2Wc5No77rhsfW2mB9LzXB3,0.701,0.585,5,-7.613,0,0.132,0.344,0.0,0.114,0.422,119.634
179,Erase Your Social,Lil Uzi Vert,https://open.spotify.com/track/4uhvMW7ly7tJil31YYscAN,0.705,0.609,3,-5.728,1,0.0729,0.694,0.0,0.234,0.718,140.058
180,You're Lost,Lil Uzi Vert,https://open.spotify.com/track/5MUvVmyKD6bBY0XDeWZjJJ,0.764,0.591,1,-7.253,1,0.209,0.172,0.0,0.215,0.468,146.982
181,Myron,Lil Uzi Vert,https://open.spotify.com/track/56uXDJRCuoS7abX3SkzHKQ,0.771,0.654,8,-6.976,0,0.298,0.055,0.0,0.214,0.573,155.047
182,Canadian Goose,Lil Uzi Vert,https://open.spotify.com/track/1MNdfH2KC5LdEde3JPJ513,0.776,0.537,1,-7.604,0,0.197,0.0855,0.0,0.103,0.238,153.06
183,Ps & Qs,Lil Uzi Vert,https://open.spotify.com/track/1gGsNNUfvVMOv4llVMg8Vg,0.522,0.428,11,-11.332,0,0.143,0.235,2.35e-06,0.278,0.399,129.829
184,Hi Roller,Lil Uzi Vert,https://open.spotify.com/track/69M9QCMsCQ5MLsw7BBW0rL,0.8,0.562,2,-7.366,1,0.0961,0.0307,0.0,0.243,0.147,132.081
185,Grab the Wheel,Lil Uzi Vert,https://open.spotify.com/track/3aJ66zarLOVW4o2nPDxg0g,0.748,0.48,5,-6.37,0,0.14,0.388,0.0,0.139,0.296,137.835
186,Futsal Shuffle 2020,Lil Uzi Vert,https://open.spotify.com/track/2Ec33AVlkTTq8BHFgBTdQs,0.881,0.457,7,-8.191,0,0.156,0.0327,0.0,0.231,0.296,136.97
187,NFL,Lil Uzi Vert,https://open.spotify.com/track/1X1dy95bo2OirAmMkBIwkS,0.636,0.605,0,-9.718,1,0.151,0.128,0.0,0.138,0.537,149.954
188,That's a Rack,Lil Uzi Vert,https://open.spotify.com/track/4pCEIQ6wBVuaJdER5bALtO,0.852,0.432,1,-8.04,0,0.501,0.0599,0.0,0.146,0.258,140.042
189,Sanguine Paradise,Lil Uzi Vert,https://open.spotify.com/track/3XiNC94b4Tq1xwv70sQJGN,0.729,0.603,6,-6.736,0,0.0666,0.0948,0.0,0.113,0.207,134.972
190,Lesbian (feat. Gunna & Young Thug),Metro Boomin,https://open.spotify.com/track/3tkFCUaISwablf9MJydsuB,0.8,0.406,6,-8.892,0,0.268,0.636,0.0,0.109,0.274,120.999
191,Sacrifices,Drake,https://open.spotify.com/track/0xl1w2q4VLojeXp4JfazPL,0.903,0.439,8,-11.813,1,0.397,0.0407,0.0,0.138,0.532,139.112
192,Shut Up (feat. Lil Keed & Lil Gotit),Yung Mal,https://open.spotify.com/track/0mKgZjWJTdZQeKxwCd7XAN,0.78,0.649,6,-5.112,0,0.267,0.0126,0.0,0.111,0.507,119.999
193,Big Slimes (feat. Gunna & Lil Duke),Chris Brown,https://open.spotify.com/track/4dhZy7EbsbhwIS7C6Ct8mI,0.785,0.687,7,-9.241,0,0.168,0.0771,0.0,0.119,0.63,141.003
194,She Bumped Her Head (feat. Gunna),Chris Brown,https://open.spotify.com/track/21dG6mNMHwkogPh7V5e83A,0.709,0.473,7,-11.253,0,0.174,0.0242,0.0,0.109,0.276,146.134
195,WUNNA FLO (feat. Yak Gotti),Gunna,https://open.spotify.com/track/7uZXXMz8td5gRf75oupj9B,0.918,0.461,5,-8.855,0,0.307,0.218,0.0,0.0914,0.556,120.013
196,SUN CAME OUT,Gunna,https://open.spotify.com/track/4vCxUFx6YwGoqICQK8DmiM,0.827,0.567,5,-10.232,0,0.155,0.117,0.0,0.23,0.866,129.98
197,RELENTLESS (feat. Lil Uzi Vert),Gunna,https://open.spotify.com/track/6nDSLDomNqfet6w0r1GHAz,0.881,0.517,4,-8.916,1,0.308,0.0115,0.0,0.151,0.786,115.084
198,NOTHING 4 FREE (feat. NAV),Gunna,https://open.spotify.com/track/1HWTHOiN3mzsebJBrtAPbQ,0.804,0.652,5,-8.375,0,0.102,0.105,0.0,0.127,0.436,140.037
199,DIRTY DIANA,Gunna,https://open.spotify.com/track/2sslt79Mt6xtu8nspYgIcB,0.806,0.626,1,-8.659,1,0.0803,0.0622,0.0,0.106,0.389,126.029
200,STREET SWEEPER (feat. Future),Gunna,https://open.spotify.com/track/3pjzb1lnMOJbWbghMGSp23,0.788,0.443,1,-9.021,1,0.341,0.107,0.0,0.115,0.221,126.071
201,200 FOR LUNCH,Gunna,https://open.spotify.com/track/6SpBKyfn9BnvnoQbUGPlYM,0.745,0.662,0,-8.924,1,0.248,0.277,0.0,0.425,0.787,127.915
202,FAR (feat. Young Thug),Gunna,https://open.spotify.com/track/2wT8EW5z0PPSK41kek7Fak,0.507,0.576,6,-10.001,0,0.319,0.23,0.0,0.11,0.437,149.683
203,BLIND (feat. Young Thug),DaBaby,https://open.spotify.com/track/2T5NBwKRySiCR78vVk08vr,0.709,0.679,11,-6.503,0,0.346,0.0115,0.0,0.0971,0.754,162.973
204,Millions,Young Thug,https://open.spotify.com/track/43YQDj1KOPMFAUcTEPKy4p,0.942,0.531,1,-7.51,1,0.215,0.00236,0.000106,0.0812,0.74,99.027
205,Hop Off A Jet (feat. Travis Scott),Young Thug,https://open.spotify.com/track/3RZftiuTcLOqpsd8ZlwNhr,0.823,0.476,7,-8.951,1,0.242,0.0115,0.0,0.213,0.353,144.998
206,Show Me What You Got (feat. O.T. Genasis),Lil Keed,https://open.spotify.com/track/1G7PUvGWXAO5zRaNd5TyLI,0.888,0.458,5,-6.975,0,0.254,0.0317,0.0,0.124,0.096,126.958
207,Noticed (feat. Lil Duke & Yak Gotti),Lil Keed,https://open.spotify.com/track/6VVqhLmAJ3QL9ZDeFaoeOV,0.865,0.453,6,-8.205,0,0.25,0.238,0.0,0.18,0.413,135.044
208,Off Rip (feat. Lil Gotit),Lil Keed,https://open.spotify.com/track/6EEZ2CfLe8ol1GPTvGozF9,0.93,0.492,10,-10.368,0,0.385,0.0894,0.0,0.108,0.532,135.973
209,Back Board (feat. Gunna),Lil Keed,https://open.spotify.com/track/5rtu90w9jgw4zaP7Os1QKl,0.863,0.449,0,-9.902,0,0.419,0.271,0.0,0.0953,0.56,119.97
210,Grandparents,Lil Keed,https://open.spotify.com/track/5XMcLm1EOdpKzpcwWMrN90,0.954,0.524,7,-8.278,0,0.131,0.109,0.0,0.123,0.42,115.926
211,Go Brazy (feat. Yak Gotti),Lil Keed,https://open.spotify.com/track/7ASFl50jLBcNzvhrz9JjYJ,0.853,0.531,9,-9.497,1,0.397,0.00427,0.0,0.116,0.167,140.043
212,She Know (feat. Lil Baby),Lil Keed,https://open.spotify.com/track/6O04OXXHeOVMbbIIoUBoXR,0.793,0.5,1,-8.331,0,0.367,0.0623,0.0,0.0983,0.496,151.888
213,Zaza (feat. Future),Lil Keed,https://open.spotify.com/track/3j1WBK1zvZd0oosBisQoOp,0.864,0.559,5,-8.343,0,0.234,0.0518,0.0,0.0857,0.311,119.969
214,Here,Lil Keed,https://open.spotify.com/track/6wn8aQ30oCkfB35ZRAXqJh,0.78,0.523,9,-7.259,0,0.0949,0.114,0.0,0.0676,0.33,124.946
215,Hibachi (feat. Young Thug),Lil Keed,https://open.spotify.com/track/3hQLhU07tsRzOvMI8J46Hg,0.854,0.584,5,-7.537,1,0.311,0.00792,0.0,0.0946,0.729,169.891
216,Obama Coupe,Lil Keed,https://open.spotify.com/track/12Kfuzg1Wo3s3BTguGUaD9,0.897,0.604,11,-7.28,0,0.0879,0.0927,0.0,0.139,0.693,123.952
217,Tighten Up,Lil Keed,https://open.spotify.com/track/5bxW9IPTaIdfksDbVXHEdY,0.906,0.525,4,-7.121,0,0.271,0.374,0.0,0.0824,0.557,106.853
218,Kanye West (feat. Wyclef Jean),Young Thug,https://open.spotify.com/track/5StUs128KSibE16fxntBSL,0.851,0.614,5,-6.668,0,0.1,0.046,0.0,0.0716,0.429,107.971
219,"Floyd Mayweather (feat. Travis Scott, Gucci Mane and Gunna)",Young Thug,https://open.spotify.com/track/5ALc7rbru6QOLGodVSDocc,0.891,0.491,8,-8.874,1,0.118,0.339,0.0,0.296,0.806,133.984
220,RiRi,Young Thug,https://open.spotify.com/track/20rZiHL20MTJjfhLQZQsm4,0.677,0.489,8,-7.385,1,0.277,0.0144,0.0,0.318,0.457,139.848
221,Wyclef Jean,Young Thug,https://open.spotify.com/track/55OdqrG8WLmsYyY1jijD9b,0.863,0.576,5,-5.687,0,0.239,0.124,0.0,0.143,0.832,132.054
222,Harambe,Young Thug,https://open.spotify.com/track/1yKLa9X63tBfvLojNOw9y8,0.816,0.488,8,-6.223,1,0.38,0.0479,0.0,0.156,0.218,132.125
223,Money Train (Future feat. Young Thug & Gunna),Future,https://open.spotify.com/track/0urHaAHTNeprwQuj4QzY1Q,0.862,0.763,10,-4.936,0,0.183,0.0413,1.21e-05,0.135,0.691,150.029
224,Georgia (Future feat. Young Thug),Future,https://open.spotify.com/track/4eVAlCGYvDOsI0jCjdxvBD,0.639,0.587,5,-5.329,1,0.237,0.402,0.0,0.101,0.379,139.822
225,Life Goes On,Lil Baby,https://open.spotify.com/track/2bSk87AVkCIIC3Bcligq1z,0.716,0.541,1,-7.909,1,0.149,0.0021,0.0,0.115,0.387,139.978
226,Pink Slip,Lil Baby,https://open.spotify.com/track/4cAIfmo7P8InMxyyXsZtoM,0.685,0.629,8,-6.567,1,0.0344,0.099,0.0,0.129,0.311,146.997
227,Ready (feat. Gunna),Lil Baby,https://open.spotify.com/track/4F6yN5FsFW10Ucx7cLCzBh,0.793,0.395,1,-5.578,1,0.385,0.277,1.4e-05,0.109,0.129,77.027
228,Mind on a Milli (feat. HoodRich Pablo Juan),Gunna,https://open.spotify.com/track/3Q2fckuDACJn22XDJgcOHv,0.877,0.545,4,-8.216,0,0.0643,0.472,1.74e-05,0.112,0.241,115.004
229,About the Money (feat. Young Thug),T.I.,https://open.spotify.com/track/1hzJQIkgXwZevaKsc7iA6D,0.81,0.721,9,-4.964,0,0.265,0.0487,0.0,0.0886,0.552,101.997
230,Superstar (feat. Gunna),Lil Gotit,https://open.spotify.com/track/02AhEID4RzxH0Eu2nRED9q,0.931,0.541,1,-8.005,0,0.359,0.0116,0.0,0.106,0.214,133.955
231,Lemonade,Internet Money,https://open.spotify.com/track/02kDW379Yfd5PzW5A6vuGt,0.799,0.66,1,-6.153,0,0.079,0.256,0.0,0.111,0.471,140.04
232,Stackin It (with Gunna),Nechie,https://open.spotify.com/track/65lZP119Ox316suaB4Rdx5,0.898,0.619,7,-7.458,1,0.0537,0.644,0.0,0.109,0.825,124.039
233,Wild Wild West (feat. Gunna),Offset,https://open.spotify.com/track/0SQ8yalm13UIJuebuZkQlH,0.902,0.621,9,-5.315,1,0.199,0.0841,0.0,0.138,0.497,114.007
234,Way 2 Sexy (with Future & Young Thug),Drake,https://open.spotify.com/track/0k1WUmIRnG3xU6fvvDVfRG,0.803,0.597,11,-6.035,0,0.141,0.000619,4.5e-06,0.323,0.331,136.008
235,Pacifier,Young Thug,https://open.spotify.com/track/718RLkg7DT1sekn1Xwm1WY,0.766,0.82,2,-5.851,1,0.124,0.0469,0.0,0.336,0.376,117.012
236,Bait Em In (feat. Lil Keed),Unfoonk,https://open.spotify.com/track/0hL3RLqS0FOQPiowya1Kif,0.81,0.699,7,-8.539,1,0.432,0.00672,0.0,0.19,0.465,119.963
237,Streets Don't Love Nobody (feat. Lil Duke),Unfoonk,https://open.spotify.com/track/4r2YVlzNCxAF2JFbTUb9x6,0.648,0.785,9,-8.506,0,0.112,0.0036,0.000101,0.114,0.441,137.957
238,Running Out of Patience (feat. Future),Unfoonk,https://open.spotify.com/track/50iORmJ0iNDBh9oVit8zrG,0.59,0.625,10,-9.292,1,0.576,0.0847,0.0,0.0656,0.638,146.63
239,MAYDAY (feat. Sheck Wes & Young Thug),CHASE B,https://open.spotify.com/track/7J2DtwsxdoyrhgNV3Vzmos,0.764,0.726,7,-5.812,1,0.245,0.0947,0.0,0.112,0.36,120.114
240,No Time (feat. Gunna),Playboi Carti,https://open.spotify.com/track/5pHJv0bgNsT9nPoK2BjNBn,0.943,0.763,5,-5.568,0,0.158,0.0175,1.8e-05,0.114,0.225,139.969
241,Codeine Crazy,Future,https://open.spotify.com/track/0joQFwiBKmi6X1Iq5R1ubH,0.745,0.617,6,-7.22,0,0.144,0.168,0.0,0.389,0.185,125.98
242,Throw Away,Future,https://open.spotify.com/track/2ML7vSeIZEmOCOiLUmz7Sv,0.479,0.593,7,-7.739,1,0.0613,0.225,0.0,0.207,0.0373,125.035
243,If You Didnt,Young Thug,https://open.spotify.com/track/2OVq9FiaZHHc68Fwukgjs7,0.603,0.497,6,-9.948,0,0.284,0.329,0.0,0.127,0.48,149.875
244,Purge,Aarne,https://open.spotify.com/track/5i7lvolM0uDERdwktpwQvX,0.925,0.481,9,-8.751,0,0.0715,0.0266,1.61e-05,0.15,0.603,112.003
245,I Told Her (feat. Young Thug),Lil Duke,https://open.spotify.com/track/25oBuj8wUdzxRTi3Iw8HWQ,0.549,0.52,8,-9.34,1,0.549,0.0643,0.0,0.124,0.528,154.037
246,Nobody On E,Lil Duke,https://open.spotify.com/track/5JOkivWYbRr8tevEbifJQO,0.876,0.588,9,-7.285,1,0.284,0.151,0.0,0.133,0.547,130.047
247,Not The Same (feat. Young Thug),Lil Duke,https://open.spotify.com/track/18qtDhVCvWVYXftHQ6zUaV,0.82,0.553,1,-8.506,1,0.414,0.334,0.0,0.108,0.706,120.032
248,"Peanut Butter Jelly (Feat. Young Thug, T.I. & Young Dro)",Lil Duke,https://open.spotify.com/track/134QeLg9h4rzr9hInhjdo5,0.819,0.656,0,-7.29,1,0.255,0.0394,0.0,0.106,0.212,126.796
249,300 Days (Feat. Gunna & Frunney),Lil Duke,https://open.spotify.com/track/0JbG3kLmbM3GwwKJhnQ1Ao,0.758,0.489,6,-7.293,0,0.386,0.103,0.0,0.132,0.4,128.226
250,Free Melly (feat. Polo G),Lil Gotit,https://open.spotify.com/track/2OSsRreWZxMkmnFVMjSr8V,0.772,0.562,1,-6.993,0,0.136,0.435,0.0,0.108,0.504,75.465
251,Friends & Family,NAV,https://open.spotify.com/track/1U6Qqq2JQzOWoHYqtG7pYO,0.853,0.502,1,-7.187,1,0.105,0.0331,0.0,0.144,0.3,129.02
252,Stella McCartney (feat. Future) - Bonus Track,NAV,https://open.spotify.com/track/5Vk6cqS63O1PU2P8ExSOjo,0.9,0.659,1,-5.741,1,0.182,0.0279,0.0,0.142,0.499,137.047
253,Young Wheezy (with Gunna),NAV,https://open.spotify.com/track/0bMyxvtbPa7HFemLjzw0xX,0.917,0.529,1,-3.785,0,0.101,0.00998,0.0,0.0884,0.289,122.0
254,Trains (with Lil Keed),NAV,https://open.spotify.com/track/0za3xlvxHtNHgn8XZd3ZjC,0.969,0.679,11,-5.837,1,0.338,0.00585,0.0,0.13,0.395,122.006
255,Repercussions (with Young Thug),NAV,https://open.spotify.com/track/0YFwNNWeRQhOi6p17jTCzp,0.791,0.769,11,-5.134,0,0.113,0.00166,0.0,0.141,0.558,159.951
256,Do Ya Deed (feat. SahBabii),NAV,https://open.spotify.com/track/5ZcpfDWv2zKafW0e7JZn02,0.611,0.549,1,-6.55,1,0.152,0.158,0.0,0.146,0.34,120.004
257,Modest,NAV,https://open.spotify.com/track/2KuvxztaTuhjIdQrXMrmoN,0.929,0.658,1,-5.792,1,0.1,0.0234,0.0,0.102,0.392,117.017
258,Vetement Socks,NAV,https://open.spotify.com/track/2GYOQSptG986qizKejotzz,0.949,0.687,2,-6.027,1,0.0821,0.0839,0.0,0.0818,0.781,129.954
259,In Love Wit a Fly Girl,Strick,https://open.spotify.com/track/2TCqNwDarxMAn8xNRGQC7g,0.934,0.561,5,-8.377,0,0.212,0.00544,0.0,0.114,0.36,127.973
260,Cop Me a Foreign (feat. Young Thug),Gunna,https://open.spotify.com/track/0XQpo99HTzw8iQw2gkOFjM,0.815,0.721,6,-4.126,1,0.286,0.214,0.0,0.0897,0.704,129.984
261,Goin In,Gunna,https://open.spotify.com/track/5F2fn9byyXTceCan3XUD40,0.893,0.327,8,-14.804,0,0.472,0.194,0.0,0.104,0.422,120.017
262,DEALER (feat. Future & Lil Baby),RMR,https://open.spotify.com/track/2Phy6PupYrV7yn1cjV8kTL,0.885,0.525,1,-5.087,1,0.075,0.105,0.000124,0.132,0.058,119.975
263,Drip or Drown,Gunna,https://open.spotify.com/track/6ZthdsKjWtiCxnxbhs74vF,0.952,0.478,5,-8.52,0,0.361,0.774,0.0,0.112,0.568,118.008
264,Don't Play With It (feat. Young Thug),Gunna,https://open.spotify.com/track/4Lg4amkojlVz5FQtbH0e3C,0.921,0.372,1,-14.841,0,0.232,0.00887,0.000221,0.0813,0.655,139.987
265,Award,Gunna,https://open.spotify.com/track/0h10QOjsPhpyRBF2FyuHaH,0.76,0.61,5,-8.827,0,0.124,0.85,0.0,0.146,0.386,129.949
266,Unicorn Purp (feat. Young Thug & Gunna),Future,https://open.spotify.com/track/2U3LJfQB0ALLxC7Yy0QW7l,0.833,0.761,11,-4.905,1,0.195,0.0158,1.41e-06,0.161,0.377,134.047
267,Never Stop,Future,https://open.spotify.com/track/1AGPmw3QJBNfOK6XioDhZp,0.571,0.556,1,-5.857,1,0.223,0.0662,0.000149,0.137,0.0762,155.465
268,Goin Dummi,Future,https://open.spotify.com/track/6QFzUXTIZXOLesQcgmGOsR,0.888,0.665,5,-7.055,0,0.093,0.0151,0.0,0.219,0.568,78.021
269,Temptation,Future,https://open.spotify.com/track/2gXOzCwbVXACCaYRj4Qrep,0.66,0.55,4,-6.744,1,0.184,0.164,0.000204,0.199,0.299,130.004
270,Work Out (feat. Gunna),Lil Gotit,https://open.spotify.com/track/2HcNOwbRmUEpjGkeb7ZUyY,0.921,0.402,1,-7.273,1,0.425,0.00102,3.31e-05,0.112,0.101,131.015
271,Collages (feat. NAV & Millie Go Lightly),Lil Gotit,https://open.spotify.com/track/6D8QAzJYmoPmvhGp6ZMyUO,0.475,0.595,6,-9.749,0,0.306,0.047,0.0,0.496,0.487,95.929
272,Take Care (feat. Toosii & Millie Go Lightly),Lil Gotit,https://open.spotify.com/track/5s8PjlqUnh2JwF6fkMJK3L,0.858,0.676,8,-5.89,0,0.221,0.0668,0.0,0.123,0.671,133.928
273,Wat U On (feat. Gunna),Moneybagg Yo,https://open.spotify.com/track/4B8T2F8aKcuMW6EmNnbMY9,0.835,0.468,1,-6.97,1,0.239,0.029,0.0,0.245,0.401,126.072
274,Just Vibe (feat. Gunna),HoodRich Pablo Juan,https://open.spotify.com/track/1g8nfOOpggE0iyhomrk9fh,0.8,0.637,11,-7.975,0,0.161,0.12,1.18e-05,0.126,0.454,129.988
275,Flava,Rich Homie Quan,https://open.spotify.com/track/49MkHdUftJsF4oqUNWED1M,0.765,0.687,2,-7.773,1,0.111,0.279,0.0,0.195,0.345,104.03
276,Draw Down,Rich Homie Quan,https://open.spotify.com/track/0FmhekFUKySairxOND7Nsp,0.431,0.556,0,-9.713,0,0.464,0.142,0.0,0.085,0.434,55.963
277,730,Young Thug,https://open.spotify.com/track/1WgUNPyPEUGIIysgCksJ7a,0.779,0.781,8,-3.501,1,0.121,0.108,0.0,0.21,0.225,126.979
278,Flaws,Rich Homie Quan,https://open.spotify.com/track/6sNa7xHO5lpecd3Qx2QFdE,0.727,0.544,2,-8.803,1,0.0595,0.0154,0.0,0.366,0.136,117.936
279,Litty (feat. DaBaby),Young Stoner Life,https://open.spotify.com/track/2Zza7LeJBNz3R2xprlfrFS,0.894,0.472,4,-9.837,1,0.307,0.0597,0.0,0.139,0.464,139.977
280,No Surprise (feat. Don Toliver & Bslime),Young Stoner Life,https://open.spotify.com/track/5yjcHfRu0LWD9XpvWabQGj,0.813,0.541,1,-8.31,1,0.0494,0.0763,0.0,0.0737,0.36,123.995
281,Proud of You (feat. Lil Uzi Vert & Yung Kayo),Young Stoner Life,https://open.spotify.com/track/16eZmQoeajKH8G2nPe2chk,0.848,0.451,5,-7.539,0,0.228,0.0208,0.0,0.194,0.223,135.941
282,Solid (feat. Drake),Young Stoner Life,https://open.spotify.com/track/6rTInqW3YECMkQsBEHw4sd,0.887,0.485,11,-9.358,0,0.2,0.0392,0.0,0.141,0.328,125.987
283,My City Remix (feat. YTB Trench),Young Stoner Life,https://open.spotify.com/track/7cUUMazsBo0UWky3LdUXZI,0.619,0.638,9,-9.021,1,0.418,0.131,0.0,0.106,0.451,173.822
284,Pots N Pans (feat. Lil Duke & NAV),Young Stoner Life,https://open.spotify.com/track/17aAxnrJARm39LVoaaT97J,0.768,0.568,10,-5.784,1,0.0844,0.0812,0.0,0.253,0.304,130.023
285,Real (feat. Unfoonk),Young Stoner Life,https://open.spotify.com/track/3kv3JzZg7Jq7vHmnMSYQ0r,0.613,0.64,10,-7.346,1,0.177,0.00906,0.0,0.11,0.496,160.105
286,Came and Saw (feat. Rowdy Rebel),Young Stoner Life,https://open.spotify.com/track/3GkEnNf2RWmdwkA2FfjQ3g,0.771,0.817,2,-6.791,1,0.214,0.306,0.0,0.155,0.554,123.952
287,too easy,Gunna,https://open.spotify.com/track/4eL3XeuGaEoVT8ttDh3hwY,0.798,0.574,1,-6.548,1,0.157,0.024,0.0,0.122,0.309,155.964
288,Toxicity,YTB Trench,https://open.spotify.com/track/6Ian2MKeGF3ETkLsBkiBob,0.641,0.61,1,-7.196,0,0.344,0.382,0.0,0.107,0.341,181.864
289,How (feat. Gunna),YTB Trench,https://open.spotify.com/track/01cju5AWCmZRXSeE1rUynv,0.877,0.531,5,-10.773,0,0.36,0.305,0.0,0.13,0.53,126.926
290,Mob Ties (feat. Young Thug),YTB Trench,https://open.spotify.com/track/42PCH4CFHURcT60IIVqPoh,0.606,0.516,2,-10.623,1,0.519,0.211,0.0,0.166,0.502,165.381
291,Outcast,YTB Trench,https://open.spotify.com/track/3yTsttCMjsP5UD9EqO1NyH,0.728,0.706,5,-7.643,1,0.375,0.0247,0.0,0.101,0.129,86.731
292,F.O.F.G.,YTB Trench,https://open.spotify.com/track/0y7ki958fdR1236QPPrfjh,0.712,0.643,10,-9.437,1,0.234,0.661,0.0,0.11,0.762,127.077
293,Set,YTB Trench,https://open.spotify.com/track/6hriYA1vTJ9lMJGZdyoyv4,0.747,0.653,6,-8.143,0,0.368,0.156,0.0,0.0906,0.86,81.034
294,3roken Soul,YTB Trench,https://open.spotify.com/track/3gQ3hjaieZndPB9DwYL8pf,0.621,0.584,0,-9.057,0,0.51,0.0774,0.0,0.141,0.538,84.114
295,Livin It Up (with Post Malone & A$AP Rocky),Young Thug,https://open.spotify.com/track/7zjEyeBsaw9gV0jofJLfOM,0.767,0.313,7,-12.059,1,0.0798,0.838,0.0,0.105,0.765,82.582
296,Recognize Real (with Gunna),Young Thug,https://open.spotify.com/track/2wSWcyp4Z8ObUaqlNMGd5h,0.508,0.257,5,-14.564,1,0.0659,0.887,0.0,0.0984,0.638,82.881
297,Stressed (with J. Cole & T-Shyne),Young Thug,https://open.spotify.com/track/0uqsdBw9KvD8jSWmfMmMAp,0.707,0.442,0,-10.395,0,0.339,0.0698,0.0,0.106,0.344,81.021
298,Fifth Day Dead,Young Thug,https://open.spotify.com/track/5314IYHnvVMlWPpxolaOFu,0.692,0.365,2,-13.474,1,0.438,0.263,0.0,0.097,0.199,179.922
299,Day Before (with Mac Miller),Young Thug,https://open.spotify.com/track/2eYsZ2JEq63Q0S8LQVscBm,0.737,0.435,0,-12.674,1,0.241,0.81,0.0,0.288,0.702,90.989
300,alotta cake,Gunna,https://open.spotify.com/track/2iCDO8ePNuCvMiMFc0FQdA,0.895,0.543,11,-6.766,0,0.298,0.181,0.0,0.12,0.555,120.078
301,south to west,Gunna,https://open.spotify.com/track/6hP9uvjkqnt8u2i9u2xhJC,0.884,0.675,5,-7.209,0,0.185,0.134,0.0,0.13,0.452,133.963
302,missing me,Gunna,https://open.spotify.com/track/127SgtpqtR3n5rYHLJi1Yw,0.49,0.511,2,-8.788,1,0.137,0.0849,0.0,0.16,0.107,82.793
303,Outsidë (feat. Young Thug),Yeat,https://open.spotify.com/track/6OSjW5fVkuBeBdJ7mAzDyE,0.744,0.445,11,-6.899,1,0.0679,0.00251,0.000661,0.117,0.374,74.946
304,Danny Glover,Young Thug,https://open.spotify.com/track/0VL32DjEZZiOj2dYo9a0NX,0.864,0.578,9,-11.12,1,0.0783,0.21,0.00301,0.211,0.198,117.002
305,Should I,Rich Homie Quan,https://open.spotify.com/track/4ZUIjAA6cHHJsL0se7D6ao,0.71,0.488,9,-7.791,1,0.13,0.415,0.0,0.214,0.241,133.924
306,private island - A COLORS SHOW,Gunna,https://open.spotify.com/track/2UzbzQX24ihaFbc6eFrgWI,0.788,0.462,2,-9.546,1,0.404,0.215,0.0,0.109,0.414,106.904
307,What Happened To Virgil (feat. Gunna),Lil Durk,https://open.spotify.com/track/7ohROa13QK43JBRqfCmz4P,0.795,0.526,6,-9.086,0,0.204,0.067,2e-06,0.134,0.194,140.037
308,Still Ain’t Finished (feat. Gunna),T-Shyne,https://open.spotify.com/track/3ZbKfSRjXe6HVm8ktwfN2X,0.819,0.428,1,-11.131,0,0.184,0.536,0.0,0.0577,0.261,111.01
309,Fighting Demons (feat. Young Thug),T-Shyne,https://open.spotify.com/track/5dkwJaSIlR5LAbwW5XSP87,0.56,0.654,11,-9.022,0,0.321,0.0893,4.08e-06,0.115,0.202,79.058
310,PUFFIN ON ZOOTIEZ,Future,https://open.spotify.com/track/1qMMYpVatbRITKCfq1gasi,0.883,0.657,8,-5.748,1,0.305,0.0603,0.0,0.128,0.284,124.992
311,GOLD STACKS,Future,https://open.spotify.com/track/3dOlp9jd5eM4aIrGt37Otu,0.763,0.526,5,-6.753,0,0.355,0.00937,2.25e-06,0.111,0.362,181.856
312,I'M DAT N****,Future,https://open.spotify.com/track/7IDJ19VgYwZSzDH5Ku5FT9,0.911,0.573,2,-5.573,1,0.163,0.0112,5.83e-05,0.131,0.145,144.026
313,Solo,Future,https://open.spotify.com/track/4lH6nENd1y81jp7Yt9lTBX,0.784,0.486,5,-6.497,0,0.0475,0.0538,0.497,0.101,0.0894,110.964
314,Sorry,Future,https://open.spotify.com/track/4CPsMAG28OgzzDk1DcOtBx,0.87,0.531,5,-6.471,1,0.0992,0.428,0.0,0.0798,0.315,100.01
315,XanaX Damage,Future,https://open.spotify.com/track/3tZ4zv4UuenjJGSNUMfBNG,0.551,0.609,7,-8.975,1,0.143,0.368,0.000154,0.192,0.324,139.084
316,Extra,Future,https://open.spotify.com/track/6z6YV7ANb27fmra1O3wAOD,0.668,0.47,8,-8.059,0,0.0941,0.294,3.92e-06,0.149,0.173,105.902
317,Shotgun,Future,https://open.spotify.com/track/3TirmOKwMAD738H0DOVrB9,0.728,0.694,2,-4.499,1,0.206,0.313,0.0,0.316,0.443,127.958
318,Noddin Off (feat. Yak Gotti),Lil Gotit,https://open.spotify.com/track/13NnzfS6UmSmzPY8lnma92,0.88,0.632,10,-6.205,0,0.119,0.0944,0.0,0.134,0.474,120.053
319,Now We Getting Money (feat. Lil PJ & Lil Keed),Lil Gotit,https://open.spotify.com/track/1yidpE3hzPhJzcQxXVJnvT,0.882,0.688,6,-7.127,0,0.232,0.0847,0.0,0.106,0.935,120.018
320,I,Lil Gotit,https://open.spotify.com/track/3tTzyiNLwy4Pwnz3nsAIei,0.839,0.597,8,-7.224,1,0.193,0.0309,0.0,0.117,0.609,129.968
321,Night 2 Remember (feat. Ty Dolla $ign),Lil Gotit,https://open.spotify.com/track/2kqFjM5tcVAEt7aGzC1j31,0.832,0.591,7,-7.732,1,0.2,0.00144,0.0,0.174,0.643,135.008
322,Shut the Door,Lil Gotit,https://open.spotify.com/track/57sjMDbDEpsY3sPV7LGJtf,0.915,0.512,1,-7.517,0,0.308,0.11,0.0,0.107,0.734,122.003
323,Thoughts About My Ex,Lil Gotit,https://open.spotify.com/track/3bxE1WEPefOvokvrjdI3re,0.972,0.605,11,-6.635,1,0.222,0.046,0.0,0.0999,0.744,114.958
324,Worth It,Lil Gotit,https://open.spotify.com/track/52v67l0UJSj6XDXylKE3l9,0.813,0.501,6,-10.877,0,0.0652,0.293,3.62e-05,0.113,0.341,125.969
325,Surf,Lil Gotit,https://open.spotify.com/track/1xeGS7ldw1vAN7P3jRjqOm,0.764,0.647,8,-9.179,0,0.337,0.372,0.0,0.163,0.714,159.994
326,Water,Lil Gotit,https://open.spotify.com/track/1WuQ8WCF5cQIDTZfLiLhqG,0.864,0.462,9,-10.358,1,0.426,0.205,0.0,0.097,0.207,133.869
327,Playa (with Gunna),NAV,https://open.spotify.com/track/4KH2xxnlvlE1koTS6OZSD8,0.804,0.552,1,-5.426,0,0.116,0.119,0.0,0.093,0.158,134.111
328,Interstellar (with Lil Uzi Vert),NAV,https://open.spotify.com/track/5HRXn4V1qL4CFNizMsFrTy,0.844,0.791,5,-4.788,0,0.217,0.0251,0.0,0.165,0.311,104.944
329,Chocolate (feat. Young Thug and Gunna),Quavo,https://open.spotify.com/track/6PvHZ5vVjUhngh0t3pIsPc,0.854,0.611,1,-6.824,0,0.228,0.2,0.0,0.19,0.728,129.003
330,Metro Spider (with Young Thug),Metro Boomin,https://open.spotify.com/track/03hyZKbj9GWZXD8jALwJA3,0.726,0.698,1,-5.083,1,0.112,0.0345,0.0,0.455,0.334,143.05
331,All The Money (with Gunna) [Bonus],Metro Boomin,https://open.spotify.com/track/6SeNRCX36QFj0nm89vTDxZ,0.834,0.58,4,-7.035,0,0.0596,0.0707,0.00184,0.641,0.291,111.975
332,Superhero (Heroes & Villains) [with Future & Chris Brown],Metro Boomin,https://open.spotify.com/track/70UV1HmppYUxBI6yCev4d5,0.715,0.587,5,-5.387,0,0.21,0.136,1.08e-05,0.201,0.453,116.68
333,Royal Flush (feat. Young Thug),Rae Sremmurd,https://open.spotify.com/track/6iN3ICXAJjrNuSAlWMzwz7,0.81,0.58,7,-4.973,0,0.265,0.14,2.75e-05,0.163,0.287,128.0
334,Givenchy Draws,Lil Gotit,https://open.spotify.com/track/5v04xMM2kWLn7z1lTyyNkO,0.703,0.364,10,-14.822,0,0.649,0.237,0.0,0.326,0.494,123.944
335,Long Way to Go,Lil Keed,https://open.spotify.com/track/2Byc1LTfTpxgn8WOyLMuOR,0.855,0.732,5,-5.645,1,0.255,0.0911,0.0,0.0733,0.72,147.98
336,Emergency (feat. Gunna & Young Thug),21 Savage,https://open.spotify.com/track/4ZkQ2t966y0fmTW6TWNwR2,0.754,0.817,2,-5.283,1,0.254,0.073,0.0,0.379,0.269,142.783
337,Drippin in Spider,Lil Gotit,https://open.spotify.com/track/34YpLQoZki1fvyVYmMBq0y,0.841,0.485,6,-6.621,0,0.209,0.0435,0.0,0.127,0.422,134.121
338,bread & butter,Gunna,https://open.spotify.com/track/6GoVUO5vla1JtUj2rq9Yl4,0.803,0.649,9,-4.294,0,0.213,0.111,0.0,0.111,0.135,85.037
339,ca$h $hit,Gunna,https://open.spotify.com/track/48rsYvIQXUAtxcmIoStOaM,0.795,0.55,7,-5.704,0,0.0882,0.123,0.0,0.0873,0.152,119.975
340,back to the moon,Gunna,https://open.spotify.com/track/3OGCNLxpBmTYRxPZg2yDE5,0.767,0.662,5,-4.856,0,0.0578,0.103,0.0,0.123,0.259,143.943
341,bottom,Gunna,https://open.spotify.com/track/6WKh2qSTswuv8QG60Wu29F,0.926,0.57,10,-5.226,0,0.047,0.0551,0.00134,0.109,0.232,130.011
342,idk nomore,Gunna,https://open.spotify.com/track/7MLGkncjEGTfKHpNa5UgCQ,0.395,0.667,5,-5.237,0,0.215,0.262,0.0,0.0858,0.368,79.905
343,Hoodie (feat. BSlime & Lil Gotit),Young Thug,https://open.spotify.com/track/6tCmZiMZDwAYSfjnArGG48,0.506,0.598,1,-8.476,1,0.415,0.000431,0.0,0.105,0.222,169.717
344,Want Me Dead (feat. 21 Savage),Young Thug,https://open.spotify.com/track/3GXjlz7evuodm50dfiDDWo,0.84,0.61,6,-8.28,0,0.366,0.162,0.0,0.144,0.556,133.233
345,Uncle M,Young Thug,https://open.spotify.com/track/612Gkl43RQdwlzKGPgkudm,0.699,0.62,9,-6.664,1,0.069,0.0153,0.0,0.213,0.266,142.104
346,"Wit Da Racks (feat. 21 Savage, Travis Scott & Yak Gotti)",Young Thug,https://open.spotify.com/track/0r75DNlHu4recmKUdZeMfG,0.768,0.714,4,-6.914,0,0.294,0.00278,0.0,0.296,0.363,145.113
347,Gucci Grocery Bag,Young Thug,https://open.spotify.com/track/02vvwHxBoZtnNDQFFE64NQ,0.908,0.487,1,-6.591,1,0.158,0.00377,0.000165,0.0703,0.719,145.056
348,Sake Of My Kids,Young Thug,https://open.spotify.com/track/54nCzj6TQ2tukxToVUJJp5,0.943,0.406,1,-6.993,0,0.0768,0.025,0.0,0.251,0.166,124.998
349,Money (feat. Juice WRLD & Nicki Minaj),Young Thug,https://open.spotify.com/track/6bFsZCWWJaCyE9uly2NhAH,0.764,0.701,8,-4.706,1,0.0394,0.0581,0.0,0.107,0.63,149.979
350,Pluto to Mars,Lil Uzi Vert,https://open.spotify.com/track/6kV67tgugBvXu62muar7P0,0.807,0.627,11,-6.829,1,0.0771,0.0225,0.0,0.0904,0.761,122.963
351,Aye (feat. Travis Scott),Lil Uzi Vert,https://open.spotify.com/track/2Hc1LaV6bzFil3dE71eORA,0.777,0.604,9,-4.452,0,0.0397,0.000713,5.64e-05,0.151,0.121,111.998
352,x2,Lil Uzi Vert,https://open.spotify.com/track/3a36nM6fPVA8K1vqq6d03o,0.64,0.891,10,-4.639,0,0.135,0.00467,0.0,0.132,0.449,148.054
353,I Gotta,Lil Uzi Vert,https://open.spotify.com/track/3lcfs9Qjfxzy00VSVkixDv,0.818,0.51,2,-7.05,0,0.408,0.209,0.0,0.211,0.416,129.057
354,Werewolf (feat. Bring Me The Horizon),Lil Uzi Vert,https://open.spotify.com/track/3ySqZ8yGoh4Emi9HiPCCdP,0.389,0.962,2,-4.772,0,0.248,5.98e-05,0.623,0.331,0.155,183.049
355,All Alone,Lil Uzi Vert,https://open.spotify.com/track/6kHYpEnDpMCyGu0E2PlWY1,0.752,0.693,6,-6.087,0,0.162,0.0954,0.0,0.293,0.473,138.104
356,Days Come and Go,Lil Uzi Vert,https://open.spotify.com/track/4Dk42ykoREkq82ny0mWZnU,0.529,0.735,9,-3.905,1,0.153,0.295,0.0,0.112,0.617,76.209
357,Side Effects,Future,https://open.spotify.com/track/1r1Y2hq7wMKe0CRYRkdWFw,0.644,0.748,8,-4.993,1,0.0595,0.213,0.0,0.435,0.759,130.004
358,Benz Friendz (Whatchutola) (feat. André 3000),Future,https://open.spotify.com/track/4E7H6rqgxHdSoeGSS28CTY,0.582,0.838,4,-5.015,0,0.294,0.16,0.0,0.544,0.505,93.454
359,"Blood, Sweat, Tears",Future,https://open.spotify.com/track/4EpDZxSApKaod3PVqT5ben,0.633,0.867,7,-4.995,1,0.214,0.617,0.0,0.408,0.404,112.985
360,I Be U,Future,https://open.spotify.com/track/4PjP1pyA9pDDByAheDumTH,0.58,0.586,4,-7.968,1,0.0791,0.171,0.0,0.137,0.468,150.015
361,Look Ahead,Future,https://open.spotify.com/track/2W10vndZ7uSOKVineVfjOa,0.652,0.658,9,-3.975,1,0.168,0.232,0.0,0.641,0.481,163.126
362,Back Where It Begins (feat. Future and Takeoff),Quavo,https://open.spotify.com/track/3TwSlL9lqE5y9Ggh7eclTa,0.687,0.549,10,-6.03,1,0.464,0.0425,0.0,0.172,0.193,119.701
363,Focused (feat. Young Thug),Quavo,https://open.spotify.com/track/3fX6IqwpcIYjyJwQFdJF8c,0.807,0.75,8,-4.648,0,0.116,0.246,0.0,0.0818,0.408,139.984
364,YOSEMITE,Travis Scott,https://open.spotify.com/track/7lAK3oHbfEnvUQWosrMMpR,0.785,0.554,0,-6.571,1,0.0409,0.283,3.4e-06,0.116,0.144,128.047
