,name,artist,url,danceability,energy,key,loudness,mode,speechiness,acousticness,instrumentalness,liveness,valence,tempo
0,Murder On The Dancefloor,Hannah Laing,https://open.spotify.com/track/6Ulo1MIDhIT8rWW7ixk3iG,0.711,0.981,1,-4.78,1,0.044,0.0989,0.303,0.246,0.749,124.991
1,Sugar Frosted Lover,Flakes,https://open.spotify.com/track/2tZD3aZJK5DHJ8WrNwGR69,0.742,0.788,8,-9.718,1,0.0734,0.243,0.545,0.103,0.859,119.799
2,3am - Low Steppa Extended Remix,Bobby Blanco,https://open.spotify.com/track/2PAxSV4ZQaQ36Ak1sY3xaF,0.819,0.927,8,-7.33,1,0.0568,0.00141,0.141,0.0665,0.677,124.01
3,3am [Ian Carey & Eddie Amador Mix],Bobby Blanco,https://open.spotify.com/track/6iBR9KOdQWUXWAYqCVtmDw,0.736,0.935,5,-8.247,0,0.0505,0.00902,0.794,0.459,0.962,128.012
4,Everyday - Original Mix,Bionic Escasso,https://open.spotify.com/track/40NRkfQR95XOxmZ57KmQlC,0.803,0.828,5,-10.813,1,0.0784,0.00137,0.811,0.201,0.535,127.021
5,In Love with you - Alan Braxe Remix,The Paradise,https://open.spotify.com/track/6ZuZxUA2MyTbOgDwX3pyYl,0.725,0.701,1,-7.372,1,0.0813,0.0121,0.0613,0.113,0.181,121.008
6,Intro,Alan Braxe,https://open.spotify.com/track/3EXPdW0NGGkPlyDMcScfgu,0.859,0.848,1,-5.842,1,0.216,0.0292,0.00151,0.304,0.61,123.937
7,Save our soul - Original,Bob Sinclar,https://open.spotify.com/track/40UK41z8wyc2Qb0v03L0IG,0.69,0.976,3,-4.44,0,0.0558,0.000897,0.639,0.338,0.689,128.045
8,Venus (Sunshine People) [DJ Gregory Remix],Cheek,https://open.spotify.com/track/3xUHVU3Cfqfs5I7tECQt2g,0.784,0.728,7,-6.19,1,0.139,0.00152,0.237,0.0889,0.429,125.929
9,It'll All Be Over - DJ Koze Remix,Gerry Read,https://open.spotify.com/track/0dnyEpWFsxHBgSJiCMRqUg,0.708,0.81,0,-7.682,1,0.0332,0.000125,0.646,0.124,0.436,123.032
10,Ya Just Need 2 Believe in Yaself,Folamour,https://open.spotify.com/track/3u1hU4L9HLGBjcj1nQekIv,0.872,0.603,8,-10.671,1,0.0766,0.215,0.537,0.109,0.33,124.999
11,Waylalah - Folamour Remix,Synapson,https://open.spotify.com/track/78QFILJYrqA9YPgNWOMdyk,0.713,0.454,11,-11.353,0,0.0401,0.00156,0.895,0.0996,0.835,125.026
12,Future Looks Bright ft. Mr V,Max Dean,https://open.spotify.com/track/3YDVuS7ek76bZb2586U3lP,0.599,0.957,6,-7.026,1,0.0353,0.000349,0.849,0.0891,0.487,130.021
13,Praise You - Radio Edit,Fatboy Slim,https://open.spotify.com/track/21RDsw7wzUJNl2FbWTgEfJ,0.621,0.885,1,-6.826,1,0.0473,0.0418,0.492,0.133,0.554,109.728
14,Dance (Disco Heat),Sylvester,https://open.spotify.com/track/42TWEGEZXfsPHpjSLWATsH,0.764,0.625,3,-15.91,1,0.0368,0.0304,0.52,0.0616,0.961,133.493
15,"Dance (Disco Heat) - 12"" Version",Sylvester,https://open.spotify.com/track/2FKXlJMKpABTfYzlCQuByp,0.689,0.836,8,-9.592,1,0.0282,0.0652,0.382,0.261,0.929,132.952
16,Horny - Radio Slave and Thomas Gandey Just 17 Mix,Mousse T.,https://open.spotify.com/track/71yyRdCUblyeoOngQp0UZa,0.805,0.764,8,-9.804,0,0.0517,7.68e-05,0.327,0.0603,0.617,123.985
17,Baby,The Phenomenal Handclap Band,https://open.spotify.com/track/5n3wCYlrzoZkdkCY99HlPP,0.674,0.443,8,-9.94,1,0.0304,0.0796,0.04,0.0995,0.484,89.959
18,Discòs Revenge - Mole Hole Dirty Mix,Gusto,https://open.spotify.com/track/0T5k7zWKi9WmFrnCpqOK2V,0.768,0.867,11,-8.396,1,0.0803,0.00194,0.891,0.117,0.858,126.008
19,All for You,Josh Haze,https://open.spotify.com/track/3sWCFBhu9omVlKLNnqesDP,0.794,0.942,11,-7.97,0,0.0787,0.000441,0.288,0.139,0.88,126.977
20,You're in My System - Dennis Quin Club Mix,Kerri Chandler,https://open.spotify.com/track/1Gak4gX5CGebdBvl8A89fz,0.845,0.881,8,-4.661,0,0.0426,0.00135,0.853,0.116,0.592,122.99
21,F The Disco,Cavi,https://open.spotify.com/track/7elX5HalbHX0ce1dql4ckd,0.734,0.776,5,-7.717,0,0.0992,0.00894,0.738,0.0916,0.793,124.018
22,U Got Me - Extended Mix,ATFC,https://open.spotify.com/track/1StLiKnQ2AYTWfbEQNHQE7,0.806,0.903,1,-5.339,1,0.0601,0.068,0.482,0.0393,0.782,125.005
23,Step Into It,Bleu Clair,https://open.spotify.com/track/533T9iIMBhmRXcKVH48CxO,0.745,0.987,1,-4.114,0,0.0845,0.00213,0.324,0.34,0.696,126.015
24,Scat to It Feels Good - Club Mix,Lenny Fontana,https://open.spotify.com/track/3qIUkGi3hSO7oLj50pM0pF,0.741,0.887,6,-13.573,0,0.0584,1.58e-05,0.906,0.151,0.815,127.241
25,Another Chance,Roger Sanchez,https://open.spotify.com/track/3B9HfE6CwlwcdrpNQi8EKg,0.616,0.757,3,-8.509,1,0.0327,0.000403,0.0809,0.27,0.398,128.033
26,Madan Exotic Disco,Salif Keita,https://open.spotify.com/track/6dG8RG81fWlOv3Y9etiaGE,0.774,0.845,7,-5.335,0,0.036,0.00993,0.775,0.0444,0.955,127.993
27,GOING TO THE PARK - EXTENDED MIX,PAWSA,https://open.spotify.com/track/5VoMhgmx2fmBVlKWabvAmm,0.807,0.936,7,-16.141,1,0.0763,5.37e-05,0.898,0.0599,0.974,129.986
28,Love You Like That,Cloonee,https://open.spotify.com/track/6QNOYe6I5Dt7oHtcIkmYZ5,0.911,0.656,8,-11.725,0,0.0965,0.00814,0.000327,0.114,0.918,124.957
29,I Just Can't (Get Over It) - Original Mix,Art of Tones,https://open.spotify.com/track/1rLzKc3BmjN4vQjMZc2mMc,0.693,0.712,11,-9.54,0,0.11,0.0275,0.168,0.0888,0.697,120.995
30,Light Star - COEO Edit,Coeo,https://open.spotify.com/track/3s7oUJmDGCWmHvRe10E6mM,0.84,0.758,9,-7.335,1,0.0497,0.017,0.673,0.0541,0.786,121.0
31,Under the Spell,Dam Swindle,https://open.spotify.com/track/3zJmMOGrkyFNGOhwOBoFTM,0.891,0.814,6,-8.047,1,0.105,0.0125,0.837,0.193,0.59,119.019
32,L.O.V.E.,Purple Disco Machine,https://open.spotify.com/track/4QgFyktvhSOMkSqYirKKPk,0.811,0.572,6,-9.439,0,0.0434,0.00309,0.606,0.0494,0.72,118.0
33,Partylife,Stefano Ritteri,https://open.spotify.com/track/0YBrtkznaCyQlKXKoIWx4O,0.821,0.91,6,-7.628,0,0.0602,0.0643,0.0364,0.19,0.833,123.011
34,Staey,Ruinae,https://open.spotify.com/track/2IpN9HCFR8OOvacFmf8LCr,0.639,0.538,4,-16.844,0,0.0412,0.417,0.197,0.0558,0.123,126.003
35,Make Me,Borai & Denham Audio,https://open.spotify.com/track/6RaaQvkGUe8Je8yAkdwQNm,0.618,0.954,10,-3.421,0,0.0399,0.0356,0.00148,0.15,0.702,129.979
36,Do What You Wanna Do - Edit,T-Connection,https://open.spotify.com/track/4FJ0ngrvu7drlUBbfckWsE,0.692,0.765,10,-9.95,0,0.0439,0.0292,0.0472,0.0852,0.902,118.692
37,Ze Dance - Original Mix,Alex Virgo,https://open.spotify.com/track/1O27mPV1SdDv2mjhzrvg21,0.663,0.801,9,-7.182,0,0.0417,1.94e-05,0.787,0.11,0.941,125.988
38,Where You Are,John Summit,https://open.spotify.com/track/4qDpLaFGf5ampf2DXD2TMA,0.56,0.832,9,-6.432,0,0.0363,0.00953,0.00541,0.546,0.0818,126.0
39,I Feel Love,Ben Hemsley,https://open.spotify.com/track/1szSSU8bl5WB5DJIjNCSc2,0.675,0.911,8,-7.323,1,0.105,0.0079,0.0119,0.0637,0.222,129.948
40,Erase Me,Ben Hemsley,https://open.spotify.com/track/73CRQe51UEpa3B6ZG7QEsl,0.633,0.899,4,-3.798,0,0.0456,0.263,0.0124,0.0919,0.485,132.033
41,Do What You Wanna Do - Disco Version,T-Connection,https://open.spotify.com/track/2JJGAY5WicE5ak55pvtGVP,0.676,0.89,10,-8.199,0,0.0489,0.0311,0.22,0.0913,0.842,120.516
42,Different Side,Michael Bibi,https://open.spotify.com/track/76Lq3l4TEzt2javAjXezAr,0.816,0.704,7,-7.729,1,0.0617,0.000595,0.00467,0.11,0.283,127.979
43,Love Is Real,Loods,https://open.spotify.com/track/7nZNvE2EdKrH127yzBMW8E,0.703,0.875,3,-4.361,1,0.0485,0.00259,0.729,0.0379,0.551,128.003
44,Dance The Night Away,Alex Martyn,https://open.spotify.com/track/5HvVqCugaZ8PBo1oqLm8CY,0.648,0.981,9,-4.219,0,0.101,0.0183,0.00693,0.782,0.738,125.134
45,"Right On, Right On - Fango Remix",Silicone Soul,https://open.spotify.com/track/0tdysNH0QlubcmqigXKGUA,0.66,0.863,10,-7.432,0,0.0406,0.000207,0.917,0.0478,0.396,125.008
46,Take Me Higher,Rogerseventytwo,https://open.spotify.com/track/2MpCEq9bEikX3ITxwCtO5g,0.75,0.75,1,-5.534,1,0.389,0.00694,0.0,0.204,0.791,123.934
47,Loose My Breath,Drey Kinian,https://open.spotify.com/track/5Ogz3skXS0E6RLQP9FLDnr,0.799,0.778,7,-8.159,1,0.0531,0.00121,0.361,0.118,0.358,125.995
48,Teleri,Andrea Salerno,https://open.spotify.com/track/0Io4I5i6wdXSuL7B9otO5X,0.743,0.842,2,-10.107,1,0.0378,0.296,0.878,0.112,0.0977,126.022
49,Nu World,Maceo Plex,https://open.spotify.com/track/5noFr0H7xkDdpVa3jCdiDk,0.698,0.774,0,-7.377,1,0.0433,0.000514,0.626,0.0939,0.394,125.997
50,W2DO,Tomi&Kesh,https://open.spotify.com/track/4QoVTL2Ox3cfIIZ7ZqDNL8,0.807,0.991,10,-7.638,0,0.0539,0.00015,0.849,0.0542,0.962,126.032
51,Same Man - Radio Edit,DJ Delicious,https://open.spotify.com/track/6FwxKDR1xWxYLOVKVwN7GY,0.653,0.812,1,-7.451,1,0.0351,9.04e-05,0.205,0.232,0.968,125.587
52,Deceiver - VIP,Chris Lake,https://open.spotify.com/track/39aowVnxyzMDZOmrgsN4MU,0.889,0.898,1,-4.36,0,0.105,0.0189,0.67,0.0769,0.84,124.02
53,Just Dance - Radio-Edit,Knober,https://open.spotify.com/track/0Owu5grShBeL7yke3mroB5,0.796,0.921,1,-7.004,1,0.0458,0.000195,0.754,0.0759,0.712,127.986
54,So High - Hot Since 82 Remix,Shadow Child,https://open.spotify.com/track/6jduxsTGN4n2Ab8NUy2aa7,0.754,0.875,11,-5.957,0,0.0344,0.000302,0.778,0.0721,0.333,122.004
55,Man With The Red Face - Original,Mark Knight,https://open.spotify.com/track/24js55LSOgJBahg1YBfZVf,0.761,0.813,5,-9.055,1,0.0475,0.02,0.865,0.0664,0.313,126.998
56,Black Guitar - Extended Mix,Plaster Hands,https://open.spotify.com/track/5pJRG9imGCmtrlQtvmgDUB,0.843,0.902,8,-7.037,0,0.0535,0.0632,0.849,0.119,0.251,126.993
57,Does Me Better,Late London,https://open.spotify.com/track/1FwGHXOQpOyRJjezWs4E9i,0.798,0.934,10,-7.881,0,0.0507,0.000628,0.703,0.0723,0.462,128.013
58,Fly Life - Paco Osuna Remix,Basement Jaxx,https://open.spotify.com/track/7gNwfa0owelFr9xsdAe9pQ,0.721,0.867,10,-6.267,0,0.0423,2.44e-05,0.9,0.0943,0.251,126.01
59,For Me,Anela,https://open.spotify.com/track/1EByRSUPO4MHD7rqeSphZ9,0.713,0.89,8,-9.531,0,0.0641,0.0228,0.854,0.144,0.228,128.019
60,About Us - Extended Mix,Bastian Bux,https://open.spotify.com/track/1aUjwOtc3lKHtEBGX7kPlK,0.783,0.815,8,-9.256,0,0.0479,0.0146,0.901,0.0866,0.406,129.994
61,Gandhi Khan,Armand Van Helden,https://open.spotify.com/track/4YAa1AHfEUDZLCrpsaipW8,0.724,0.735,1,-12.91,1,0.059,0.000378,0.000106,0.154,0.553,129.965
62,Tubale (Extasy),Warning,https://open.spotify.com/track/51bzM8Wy57yRvOc0YldEAs,0.762,0.788,2,-8.233,1,0.0348,0.000629,0.69,0.722,0.108,128.05
63,Ritmo - Joc House Remix,Joc House,https://open.spotify.com/track/6R5M78eTmEHgEnGxwk1IaA,0.732,0.806,11,-10.697,0,0.043,6.95e-05,0.798,0.121,0.688,124.995
64,So Good - Javi Bora Remix,Carloh,https://open.spotify.com/track/4kBarjp3bQQlaJ0BAovN1I,0.766,0.984,11,-6.112,0,0.0666,0.0103,0.0145,0.069,0.764,125.404
65,Strange Dreamz,Wehbba,https://open.spotify.com/track/3257Fh3Zpkmvrx3SJdDRzg,0.739,0.81,1,-6.961,0,0.0612,0.0014,0.862,0.0943,0.526,132.001
66,Sippin',WATTO,https://open.spotify.com/track/0CyXaSbvQF67CVk3rii9bm,0.781,0.978,9,-6.785,1,0.0691,0.00444,0.863,0.794,0.795,136.009
67,Hexenmeister,Klangkuenstler,https://open.spotify.com/track/5HG6r7VZTrPq5AHHI9qIt7,0.501,0.975,2,-4.872,1,0.0494,0.00155,0.749,0.196,0.0608,136.001
68,Around the Bane - Noir Mashup Treatment,Compact Grey,https://open.spotify.com/track/6C100tRTQgbugu5SBQxcn0,0.894,0.701,11,-6.787,0,0.129,0.0165,0.623,0.0634,0.342,125.011
69,Kick Drums,Kyle Watson,https://open.spotify.com/track/0tpw2iisVlCnG0QG8SCIG1,0.72,0.93,1,-7.058,1,0.0858,0.00128,0.856,0.169,0.757,126.995
70,Crave You,Flight Facilities,https://open.spotify.com/track/5mdzg7ZwebXNb90LPRusAs,0.921,0.48,1,-9.2,0,0.0815,0.1,0.0,0.0764,0.318,120.043
71,Foreign Language (feat. Jess),Flight Facilities,https://open.spotify.com/track/6M0cy8N7KQhaYbJ7088D28,0.83,0.789,11,-6.042,0,0.0706,0.197,1.52e-06,0.491,0.815,124.024
72,Runnin' Roll,Shiba San,https://open.spotify.com/track/661ocpk96tJSwSz2g1g3vS,0.801,0.878,11,-6.695,0,0.0853,0.0001,0.9,0.117,0.521,126.028
73,So Fine (Franc Moody Remix),Party Pupils,https://open.spotify.com/track/2w8jk4NAkqURAJ7WvTI98W,0.755,0.749,2,-9.395,0,0.0895,0.21,0.711,0.117,0.653,124.99
74,DREAMER,JEV,https://open.spotify.com/track/18BxbQsDcvkIx3cosnQCvH,0.808,0.662,3,-8.016,1,0.0599,0.0736,0.021,0.101,0.183,129.979
75,You're Everything - DJ Chus Remix,Huxley,https://open.spotify.com/track/0CoLfXyhNImk5c8oYSjFvl,0.764,0.99,2,-4.518,1,0.0538,0.000607,0.112,0.274,0.316,130.012
76,Move U Body,Javi Bora,https://open.spotify.com/track/7zRb4wP5FKDDdssUlZTqOZ,0.916,0.697,11,-9.631,0,0.106,0.00945,0.872,0.558,0.529,124.977
77,The Little Monster,Javi Bora,https://open.spotify.com/track/2e4whnDVarRToZIoiIUCQ4,0.812,0.529,10,-9.762,0,0.0484,0.00231,0.901,0.0994,0.26,123.205
78,Get Down To Work - Cinthie Remix,Javi Bora,https://open.spotify.com/track/4c257hzszFoNXj4WWgAbbO,0.708,0.814,1,-6.218,0,0.0719,0.135,0.879,0.035,0.518,125.997
79,Back To House,Carloh,https://open.spotify.com/track/6f5jSA1gU2GmfcpAUlaeoE,0.831,0.884,8,-9.223,1,0.0581,0.00404,0.891,0.223,0.529,123.997
80,Roll Play,PAWSA,https://open.spotify.com/track/4szwPQ7ajXpyqykjtv6RLE,0.8,0.487,11,-12.74,0,0.167,0.000304,0.367,0.0874,0.318,128.019
81,My Bank,Ragie Ban,https://open.spotify.com/track/3xc5Tvc01EIf0r2tYfDuMS,0.971,0.534,1,-9.58,1,0.334,0.0653,0.235,0.205,0.564,127.998
82,Peach,salute,https://open.spotify.com/track/6wMs3sDl0VydlH0xKg1YGy,0.866,0.668,1,-7.472,1,0.0969,0.0115,0.889,0.238,0.657,135.009
83,Rider - Original Mix,Metodi Hristov,https://open.spotify.com/track/1SMIk113it3eyw9hk0MwXT,0.764,0.831,11,-8.421,0,0.0527,0.118,0.902,0.119,0.335,131.991
84,Rebellion - Extended Mix,Tommy Maze,https://open.spotify.com/track/2OFaFrW56ocRbW1rrcRdwf,0.641,0.974,1,-4.838,1,0.0701,0.000355,0.8,0.337,0.623,131.987
85,Watching You - Bendtsen Remix,Neumann,https://open.spotify.com/track/2QiAIqU7JBGL7bfxXn1QsF,0.797,0.967,10,-6.843,1,0.0521,0.000547,0.835,0.0761,0.694,130.012
86,Heute Nacht,Maddix,https://open.spotify.com/track/1eMUGMEWrvTXYWrPobq2dH,0.609,0.912,11,-6.593,0,0.0391,0.0196,0.478,0.133,0.0391,135.027
87,Gunk,Overmono,https://open.spotify.com/track/4Nv1liSp522fuF1AGu6Yxs,0.751,0.941,6,-6.539,0,0.0526,0.0261,0.348,0.121,0.763,129.023
88,Lose My Mind,Jamie Jones,https://open.spotify.com/track/5cJZzpcqdwkUvD2f88wcgS,0.646,0.898,10,-6.27,1,0.0358,0.00119,0.0406,0.189,0.62,124.002
89,PARADISE,Michael Bibi,https://open.spotify.com/track/4guB6v3HBK1TJUhrn8Wtb9,0.828,0.702,9,-7.125,0,0.0397,0.00966,0.363,0.0927,0.534,128.995
90,Pawn Storm,Musumeci,https://open.spotify.com/track/4DukVlt0P94po0XSuQ22Cd,0.753,0.681,3,-9.787,0,0.0482,0.0105,0.945,0.14,0.109,117.991
91,Enough to Believe - Jamie Jones Remix,Bob Moses,https://open.spotify.com/track/4LtVrrqpn48l4Iq7KIshmi,0.698,0.831,1,-7.095,1,0.0373,0.00108,0.266,0.161,0.138,123.988
92,Alcoolic - Paul Woolford's AA Remix,Popof,https://open.spotify.com/track/6tLxXORIoYNMHlyc6pxup7,0.792,0.882,6,-9.397,1,0.0738,0.000371,0.883,0.175,0.53,129.992
93,Salimo - Original Mix,Hector Couto,https://open.spotify.com/track/1XYw6rb8ap0M1auWhTVgzv,0.807,0.676,11,-7.82,1,0.112,4.77e-06,0.92,0.0897,0.679,126.011
94,Revision feat Giovanni - Original Mix,Maceo Plex,https://open.spotify.com/track/05Q2QXgj7NPOmYvito5OOm,0.658,0.667,0,-5.948,0,0.0311,0.00102,0.552,0.137,0.229,128.019
95,Locomia,Mollan,https://open.spotify.com/track/5EzIEBIDDmfqddOlfIkcWq,0.806,0.85,0,-8.465,0,0.0531,6.29e-05,0.873,0.0561,0.788,122.977
96,My Name,Ezequiel Asencio,https://open.spotify.com/track/0nb5oEKKKWCycfKDqXhcDB,0.848,0.973,9,-4.107,0,0.083,0.00908,7e-05,0.0612,0.829,122.997
97,Psychedelic Boys & Girls - Original Mix,Mikael Corona,https://open.spotify.com/track/3v0FhnytYLjpmBFfGd2wkv,0.516,0.827,7,-7.044,1,0.132,0.00164,0.437,0.4,0.152,125.011
98,Doin Ya Thang,Oliver Dollar,https://open.spotify.com/track/2KnMG7ROpc76hMKobBiocK,0.822,0.902,9,-4.691,1,0.128,0.00264,0.0524,0.0637,0.63,123.997
99,Thank You for My Children - Dense & Pika Remix,Diego Infanzon,https://open.spotify.com/track/55zVP5ofwktBQrpD2dDkQ2,0.824,0.902,10,-6.246,0,0.125,0.00163,0.467,0.115,0.193,131.959
