,name,artist,url,danceability,energy,key,loudness,mode,speechiness,acousticness,instrumentalness,liveness,valence,tempo
0,All Time Low,Jon Bellion,https://open.spotify.com/track/0SuLAslEMFZAXf0SwY7syi,0.617,0.567,0,-4.188,1,0.0828,0.0584,0.0,0.0933,0.505,90.246
1,Summer Games,Drake,https://open.spotify.com/track/0w1ZtnzQmtmuuoKxHT0pLL,0.776,0.482,1,-11.268,1,0.0356,0.481,0.0457,0.11,0.128,136.015
2,I Know You (feat. Bastille),Craig David,https://open.spotify.com/track/5lRzEC0Hyj92nEr9JkDxM2,0.56,0.761,9,-5.202,1,0.0879,0.126,0.0,0.0896,0.236,140.555
3,Midsummer Madness,88rising,https://open.spotify.com/track/0wFmawqundY8rOn9sZUqA6,0.409,0.678,9,-7.731,1,0.0878,0.359,4.76e-06,0.167,0.168,89.968
4,Ocean (feat. Khalid),Martin Garrix,https://open.spotify.com/track/3nc420PXjTdBV5TN0gCFkS,0.506,0.693,0,-7.265,0,0.0412,0.584,9.58e-05,0.0891,0.221,139.912
5,"I don’t even speak spanish lol - feat. Rio Santana, Judah, Andrez Babii",XXXTENTACION,https://open.spotify.com/track/14boA065HMHWvqyPPEeN4y,0.767,0.561,2,-7.418,0,0.0509,0.118,0.0,0.0737,0.542,90.021
6,Havana (feat. Young Thug),Camila Cabello,https://open.spotify.com/track/1rfofaqEpACxVEHIZBJe6W,0.765,0.523,2,-4.333,1,0.03,0.184,3.56e-05,0.132,0.394,104.988
7,Too Good,Drake,https://open.spotify.com/track/3BtuIIrQlkujKPuWF2B85z,0.794,0.653,7,-7.839,1,0.104,0.0489,4.88e-05,0.1,0.397,117.996
8,Madiba Riddim,Drake,https://open.spotify.com/track/76gUmNLXGQVOsGhfcshkFP,0.839,0.521,7,-10.45,1,0.166,0.245,0.00545,0.607,0.33,105.992
9,Hips Don't Lie (feat. Wyclef Jean),Shakira,https://open.spotify.com/track/3ZFTkvIE7kyPt6Nu3PEa7V,0.778,0.824,10,-5.892,0,0.0707,0.284,0.0,0.405,0.758,100.024
10,What Do You Mean?,Justin Bieber,https://open.spotify.com/track/4B0JvthVoAAuygILe3n4Bs,0.845,0.567,5,-8.118,0,0.0956,0.59,0.00142,0.0811,0.793,125.02
11,My Last,Big Sean,https://open.spotify.com/track/70tFuqBcduJv15bEnOPRTh,0.387,0.773,8,-5.685,1,0.17,0.098,0.0,0.209,0.368,78.629
12,Signs,Drake,https://open.spotify.com/track/6Na5uKk5SsqZimk0hAWo8y,0.794,0.735,0,-4.204,1,0.054,0.108,0.00578,0.112,0.223,107.374
13,Passionfruit,Drake,https://open.spotify.com/track/5mCPDVBb16L4XQwDdbRUpz,0.809,0.463,11,-11.377,1,0.0396,0.256,0.085,0.109,0.364,111.98
14,One Dance,Drake,https://open.spotify.com/track/1zi7xx7UVEFkmKfv06H8x0,0.792,0.625,1,-5.609,1,0.0536,0.00776,0.0018,0.329,0.37,103.967
15,Best I Ever Had,Drake,https://open.spotify.com/track/3fyMH1t6UPeR5croea9PrR,0.427,0.861,1,-4.874,1,0.376,0.219,0.0,0.277,0.581,161.776
16,Know No Better,Major Lazer,https://open.spotify.com/track/6BKeNWeUqxmvQ09Gxd3ZGX,0.738,0.814,7,-4.414,0,0.0999,0.132,9.64e-06,0.126,0.483,119.041
17,Piña Colada,Jordan Solomon,https://open.spotify.com/track/7iHbF4Wsupp2SYq2tbKJFc,0.836,0.641,0,-8.391,0,0.136,0.541,1.49e-05,0.0876,0.851,111.989
18,Evacuate the Dancefloor - Radio Edit,Cascada,https://open.spotify.com/track/5uXR7Nanrm9FfWDrpQBGfN,0.748,0.696,0,-5.975,1,0.0493,0.0174,0.0,0.267,0.891,127.002
19,Miss Me,Drake,https://open.spotify.com/track/1U4mweNwisxNj23ffuC9gO,0.426,0.862,2,-5.979,1,0.597,0.0813,0.0,0.34,0.332,100.3
20,Guatemala (feat. Slim Jxmmi) - From Swaecation,Rae Sremmurd,https://open.spotify.com/track/6sTDhYVVXU3HSDuG7mBLRU,0.849,0.699,4,-5.193,0,0.0574,0.185,0.00118,0.0954,0.0778,100.989
21,Nice For What,Drake,https://open.spotify.com/track/1cTZMwcBJT0Ka3UJPXOeeN,0.567,0.913,8,-6.471,1,0.0736,0.0934,0.000124,0.114,0.792,93.35
22,JAPAN,Famous Dex,https://open.spotify.com/track/4lTiuD1DwBKo4L7wqMkD7C,0.733,0.678,6,-7.771,1,0.439,0.121,0.0,0.345,0.841,175.984
23,Childs Play,Drake,https://open.spotify.com/track/2YuurylylBcB0fJ8ho5soN,0.691,0.482,1,-11.14,1,0.231,0.0173,7.1e-06,0.197,0.305,160.027
24,Run Me Dry,Bryson Tiller,https://open.spotify.com/track/5GG3knKdxKWrNboRijxeKF,0.646,0.756,9,-9.017,0,0.488,0.393,3e-05,0.202,0.602,193.88
25,Neon Guts (feat. Pharrell Williams),Lil Uzi Vert,https://open.spotify.com/track/1MJErNPIQUoEMu4YUUmecm,0.859,0.563,1,-6.635,0,0.112,0.0541,0.0,0.0685,0.412,119.934
26,Cyclone (feat. T-Pain),Baby Bash,https://open.spotify.com/track/27mhCGdAA8gM7b33KIiB3k,0.641,0.72,11,-4.326,1,0.0552,0.0102,0.0,0.154,0.578,77.969
27,Letting Go (Dutty Love) featuring Nicki Minaj (feat. Nicki Minaj),Sean Kingston,https://open.spotify.com/track/0wDbYIl4fN2mccHczCJqEf,0.792,0.808,5,-4.156,1,0.0963,0.335,0.0,0.269,0.709,92.064
28,Truffle Butter,Nicki Minaj,https://open.spotify.com/track/7e44z4wOjkllaD8eulUeMd,0.89,0.667,2,-6.862,1,0.0521,0.0579,2.97e-05,0.108,0.522,105.099
29,London,PnB Rock,https://open.spotify.com/track/5IKv1ZnYKPjbRkdqf12HWb,0.714,0.727,1,-5.008,0,0.135,0.3,2.3e-05,0.345,0.175,163.054
30,Fancy,Drake,https://open.spotify.com/track/3fpTMuD1u3gJlVI4FadVHs,0.53,0.884,0,-5.581,0,0.457,0.332,1.98e-06,0.355,0.28,87.194
31,Sorry,Justin Bieber,https://open.spotify.com/track/2GpHJb7xGNBaIDTrBxjIu6,0.665,0.759,0,-3.694,0,0.0399,0.0767,0.0,0.313,0.389,99.992
32,Toxic,Britney Spears,https://open.spotify.com/track/6I9VzXrHxO9rA9A5euc8Ak,0.774,0.838,5,-3.914,0,0.114,0.0249,0.025,0.242,0.924,143.04
33,One Kiss (with Dua Lipa),Calvin Harris,https://open.spotify.com/track/7ef4DlsgrMEH11cDZd32M6,0.791,0.862,9,-3.24,0,0.11,0.037,2.19e-05,0.0814,0.592,123.994
34,Jump (with Trippie Redd),Julia Michaels,https://open.spotify.com/track/2OvV4NjEBRE9v8Oo7QeUCq,0.654,0.547,10,-6.598,1,0.127,0.25,0.0,0.0961,0.507,173.981
35,For Free,DJ Khaled,https://open.spotify.com/track/0lDBERpbbSfh3og8dSszfj,0.916,0.571,10,-8.241,0,0.2,0.0173,1.11e-06,0.153,0.498,103.521
36,Lost In Japan,Shawn Mendes,https://open.spotify.com/track/6WBTeFDEfAJbaSUUc1V1xQ,0.736,0.738,0,-6.782,0,0.358,0.261,0.0,0.107,0.404,105.008
37,Don’t Matter To Me,Drake,https://open.spotify.com/track/36ONiya0OANYknz0GgJmwB,0.825,0.317,10,-12.39,1,0.0583,0.497,0.0128,0.11,0.136,103.001
38,Mine,Bazzi,https://open.spotify.com/track/7uzmGiiJyRfuViKKK3lVmR,0.71,0.789,4,-3.874,1,0.0722,0.0161,2.77e-06,0.451,0.717,142.929
39,Don't Stop The Music,Rihanna,https://open.spotify.com/track/6tXjP6xgPJ7Xr1igrO6bOE,0.835,0.669,6,-5.582,0,0.0643,0.0336,6.92e-05,0.0535,0.542,122.668
40,Sky Walker (feat. Travis Scott),Miguel,https://open.spotify.com/track/5WoaF1B5XIEnWfmb5NZikf,0.674,0.506,6,-10.532,1,0.0434,0.173,0.0,0.0866,0.183,145.965
41,Loving Is Easy (feat. Benny Sings),Rex Orange County,https://open.spotify.com/track/5EYi2rH4LYs6M21ZLOyQTx,0.756,0.609,3,-7.927,1,0.0544,0.217,0.00482,0.0959,0.537,117.024
42,New Light,John Mayer,https://open.spotify.com/track/3bH4HzoZZFq8UpZmI2AMgV,0.828,0.689,7,-7.878,1,0.0326,0.325,0.0384,0.0808,0.853,123.931
43,3:15,Bazzi,https://open.spotify.com/track/6pmZMP2ET1OJi5rKfLO8jD,0.651,0.654,1,-5.481,1,0.0466,0.385,0.0,0.181,0.539,141.975
44,Eenie Meenie,Justin Bieber,https://open.spotify.com/track/75vEuMA15pb8JmgrGugHEs,0.718,0.588,1,-4.192,1,0.0318,0.0525,0.0,0.0991,0.812,121.22
45,Hopeless Romantic (feat. Swae Lee),Wiz Khalifa,https://open.spotify.com/track/7IBSffWIu7P2MC7kMwy2FM,0.877,0.477,9,-7.379,0,0.0587,0.307,0.0,0.0929,0.552,127.023
46,Something New,Roy Woods,https://open.spotify.com/track/4d2iGFWFAMt6AE7SQ7Psxh,0.904,0.434,10,-7.807,0,0.0638,0.0276,5.99e-05,0.0816,0.473,120.036
47,Real Friends,Camila Cabello,https://open.spotify.com/track/5vnpANH92iEajvGwE2oQ6r,0.701,0.512,0,-6.869,0,0.0969,0.235,5.07e-06,0.135,0.663,91.947
48,Take Care,Drake,https://open.spotify.com/track/124NFj84ppZ5pAxTuVQYCQ,0.629,0.515,0,-10.358,0,0.265,0.0267,1.22e-05,0.0888,0.299,121.845
49,I Like Me Better,Lauv,https://open.spotify.com/track/2P91MQbaiQOfbiz9VqhqKQ,0.752,0.505,9,-7.621,1,0.253,0.535,2.55e-06,0.104,0.419,91.97
50,Better,Khalid,https://open.spotify.com/track/4T3fNx3CgwDRRYgmFCbD4J,0.442,0.585,0,-10.332,0,0.0964,0.0984,0.391,0.14,0.116,97.565
51,Controlla,Drake,https://open.spotify.com/track/4CpKEkdGbOJV51cSvx7SoG,0.611,0.468,10,-11.084,0,0.179,0.0781,0.0,0.101,0.349,92.092
52,Girls Like You (feat. Cardi B) - Cardi B Version,Maroon 5,https://open.spotify.com/track/6FRLCMO5TUHTexlWo8ym1W,0.851,0.541,0,-6.825,1,0.0505,0.568,0.0,0.13,0.448,124.959
53,"thank u, next",Ariana Grande,https://open.spotify.com/track/2rPE9A1vEgShuZxxzR2tZH,0.724,0.647,1,-5.642,1,0.0658,0.28,0.0,0.102,0.435,106.96
54,Trip,Ella Mai,https://open.spotify.com/track/6CTWathupIiDs7U4InHnDA,0.477,0.61,11,-5.628,0,0.144,0.225,0.0,0.107,0.358,79.882
55,Can't Help Falling in Love,Elvis Presley,https://open.spotify.com/track/44AyOl4qVkzS48vBsbNXaC,0.396,0.293,2,-14.062,1,0.0275,0.941,0.000196,0.105,0.343,100.307
56,Find Your Love,Drake,https://open.spotify.com/track/4BycRneKmOs6MhYG9THsuX,0.627,0.614,6,-6.006,0,0.17,0.0211,0.0,0.0286,0.758,96.038
57,Magic In The Hamptons (feat. Lil Yachty),Social House,https://open.spotify.com/track/2Yer0p7uB2lVBUAtANuuQp,0.769,0.479,1,-5.339,1,0.0385,0.66,0.0,0.0914,0.803,96.051
58,OTW,Khalid,https://open.spotify.com/track/6Hgh47WXVKtXN5zGOu0hjI,0.652,0.678,2,-6.183,1,0.0541,0.183,3.26e-05,0.106,0.28,72.989
59,No Brainer,DJ Khaled,https://open.spotify.com/track/5WvAo7DNuPRmk4APhdPzi8,0.552,0.76,0,-4.706,1,0.342,0.0733,0.0,0.0865,0.639,135.702
60,Miss Independent,Ne-Yo,https://open.spotify.com/track/34ceTg8ChN5HjrqiIYCn9Q,0.673,0.683,1,-5.693,1,0.115,0.522,0.0,0.235,0.713,171.86
61,Santa Tell Me,Ariana Grande,https://open.spotify.com/track/0lizgQ7Qw35od7CYaoMBZb,0.525,0.621,7,-7.364,1,0.116,0.0489,0.0,0.294,0.591,191.9
62,breathin,Ariana Grande,https://open.spotify.com/track/4OafepJy2teCjYJbvFE60J,0.568,0.656,8,-5.413,1,0.0433,0.0211,1.37e-05,0.213,0.364,100.049
63,One Last Time,Ariana Grande,https://open.spotify.com/track/7xoUc6faLbCqZO6fQEYprd,0.628,0.593,8,-5.036,1,0.0323,0.093,1.65e-06,0.096,0.104,125.026
64,Everytime We Touch,Cascada,https://open.spotify.com/track/5YnKmPZytgkywuHktntXDV,0.64,0.989,8,-3.707,1,0.0708,0.00328,2.07e-06,0.364,0.49,142.024
65,Only Girl (In The World),Rihanna,https://open.spotify.com/track/6jAsmDJI8iPhGWtS27kZ67,0.786,0.716,11,-4.253,0,0.0409,0.102,1.72e-05,0.0557,0.595,125.921
66,DJ Got Us Fallin' In Love (feat. Pitbull),USHER,https://open.spotify.com/track/4356Typ82hUiFAynbLYbPn,0.663,0.861,7,-3.398,0,0.109,0.0338,0.0,0.082,0.654,119.963
67,Shape of You,Ed Sheeran,https://open.spotify.com/track/7qiZfU4dY1lWllzX7mPBI3,0.825,0.652,1,-3.183,0,0.0802,0.581,0.0,0.0931,0.931,95.977
68,La La La,Naughty Boy,https://open.spotify.com/track/36pLU2ywVeBKEF0rrKtmCB,0.772,0.65,6,-5.202,0,0.0306,0.107,1.13e-06,0.0905,0.262,125.082
69,3 Nights,Dominic Fike,https://open.spotify.com/track/1tNJrcVe6gwLEiZCtprs1u,0.815,0.518,7,-6.594,0,0.0897,0.223,0.0,0.104,0.877,151.891
70,XX,Marc E. Bassy,https://open.spotify.com/track/2lyQymV7ycR5oDdwejLY84,0.651,0.412,5,-7.847,1,0.222,0.253,1.65e-05,0.109,0.437,80.032
71,Better To Lie (with Jesse & Swae Lee),benny blanco,https://open.spotify.com/track/61sqsOPon94ecMskeEXwev,0.758,0.602,10,-7.909,0,0.094,0.0376,4.77e-06,0.111,0.519,155.038
72,Body,Loud Luxury,https://open.spotify.com/track/21RzyxY3EFaxVy6K4RqaU9,0.752,0.764,1,-4.399,1,0.038,0.0476,9.44e-05,0.0543,0.582,121.958
73,International Love (feat. Chris Brown),Pitbull,https://open.spotify.com/track/62zFEHfAYl5kdHYOivj4BC,0.67,0.855,0,-3.035,0,0.0499,0.0124,0.0,0.335,0.648,120.05
74,Love Yourself,Justin Bieber,https://open.spotify.com/track/50kpGaPAhYJ3sGmk6vplg0,0.609,0.378,4,-9.828,1,0.438,0.835,0.0,0.28,0.515,100.418
75,Cheap Thrills (feat. Sean Paul),Sia,https://open.spotify.com/track/6b3b7lILUJqXcp6w9wNQSm,0.592,0.8,6,-4.931,0,0.215,0.0561,2.01e-06,0.0775,0.728,89.972
76,Let Me Down Slowly,Alec Benjamin,https://open.spotify.com/track/2qxmye6gAegTMjLKEBoR3d,0.652,0.557,1,-5.714,0,0.0318,0.74,0.0,0.124,0.483,150.073
77,Down,Jay Sean,https://open.spotify.com/track/7LP4Es66zdY7CyjepqmvAg,0.657,0.695,2,-4.493,1,0.0321,0.0108,0.0,0.0822,0.683,65.997
78,Charlene,Yung Gravy,https://open.spotify.com/track/2BfyXyivg20NJ5dgqJfKfL,0.554,0.554,0,-7.202,0,0.301,0.263,0.0,0.141,0.538,174.099
79,Hotel Room Service,Pitbull,https://open.spotify.com/track/6Rb0ptOEjBjPPQUlQtQGbL,0.851,0.629,1,-8.385,1,0.175,0.00705,0.000372,0.0746,0.789,125.984
80,All Around The World (La La La),R3HAB,https://open.spotify.com/track/2xyIwHKujL7tSgkK2Waj2s,0.733,0.859,9,-5.03,0,0.033,0.479,0.0645,0.105,0.52,124.948
81,Post Malone (feat. RANI),Sam Feldt,https://open.spotify.com/track/0qc4QlcCxVTGyShurEv1UU,0.59,0.642,7,-3.87,1,0.122,0.0771,0.0,0.105,0.651,107.356
82,Joke Ting (feat. Ari PenSmith),GoldLink,https://open.spotify.com/track/6Ic2MP2hzoBLe3r1VIle8J,0.83,0.594,5,-5.4,0,0.0432,0.188,4.85e-06,0.0881,0.718,140.006
83,Eastside (with Halsey & Khalid),benny blanco,https://open.spotify.com/track/7FGq80cy8juXBCD2nrqdWU,0.632,0.686,6,-7.665,0,0.243,0.549,0.0,0.2,0.329,89.949
84,Loco Contigo (with J. Balvin & Tyga),DJ Snake,https://open.spotify.com/track/1f38Gx6xQz6r4H1jGVNBJo,0.822,0.743,6,-3.04,0,0.0567,0.285,2.31e-06,0.102,0.355,96.025
85,SOS (feat. Aloe Blacc),Avicii,https://open.spotify.com/track/2x0RZdkZcD8QRI53XT4GI5,0.802,0.645,5,-6.181,0,0.0715,0.272,0.0,0.119,0.376,100.001
86,How Do You Sleep?,Sam Smith,https://open.spotify.com/track/6b2RcmUt1g9N9mQ3CbjX2Y,0.477,0.682,1,-4.931,0,0.0925,0.153,0.0,0.0763,0.345,110.567
87,South of the Border (feat. Camila Cabello & Cardi B),Ed Sheeran,https://open.spotify.com/track/4vUmTMuQqjdnvlZmAH61Qk,0.857,0.621,9,-6.376,0,0.0825,0.148,0.0,0.0865,0.668,97.989
88,Kiss Me Thru The Phone,Soulja Boy,https://open.spotify.com/track/2q4rjDy9WhaN3o9MvDbO21,0.758,0.712,7,-3.781,1,0.112,0.0185,0.0,0.0677,0.795,149.998
89,The Show Goes On,Lupe Fiasco,https://open.spotify.com/track/4NTWZqvfQTlOMitlVn6tew,0.591,0.889,7,-3.839,1,0.115,0.0189,0.0,0.155,0.65,143.067
90,Hey Baby (Drop It to the Floor) (feat. T-Pain),Pitbull,https://open.spotify.com/track/3rfhI32Il2hVRKDkuGeeen,0.595,0.912,10,-3.428,0,0.0884,0.0434,0.0,0.259,0.762,128.024
91,"Young, Wild & Free (feat. Bruno Mars)",Snoop Dogg,https://open.spotify.com/track/5HQVUIKwCEXpe7JIHyY734,0.715,0.655,0,-6.425,1,0.137,0.0525,0.0,0.115,0.531,95.078
92,Party (feat. Usher & Gucci Mane),Chris Brown,https://open.spotify.com/track/05Z7jet4VDNVgNQWcYHnrk,0.762,0.576,1,-4.951,0,0.0829,0.0556,0.0,0.0869,0.316,142.096
93,Work Out,J. Cole,https://open.spotify.com/track/2wAJTrFhCnQyNSD3oUgTZO,0.831,0.427,2,-6.903,1,0.106,0.0531,0.0,0.307,0.216,93.004
94,Ms. Jackson,Party Pupils,https://open.spotify.com/track/0uIbS3hBnqjJ9cVG0XmMHr,0.858,0.384,9,-7.592,0,0.172,0.0355,2.8e-06,0.0655,0.421,107.038
95,Buy U a Drank (Shawty Snappin') (feat. Yung Joc),T-Pain,https://open.spotify.com/track/2aIdVb8v9KTpEZnftkz2mD,0.451,0.55,1,-8.137,1,0.262,0.0108,0.0,0.0737,0.594,80.001
96,We Found Love,Rihanna,https://open.spotify.com/track/6qn9YLKt13AGvpq9jfO8py,0.734,0.766,1,-4.485,1,0.0383,0.025,0.00138,0.108,0.6,127.986
97,10/10,Rex Orange County,https://open.spotify.com/track/0tByDZgQzoNfFFmpgleB0s,0.487,0.909,10,-4.091,1,0.102,0.301,2.9e-05,0.0803,0.293,187.783
98,Best Friend,Rex Orange County,https://open.spotify.com/track/47Bg6IrMed1GPbxRgwH2aC,0.575,0.714,6,-5.247,1,0.0596,0.395,0.0,0.115,0.32,144.982
99,So Close,NOTD,https://open.spotify.com/track/7FjZU7XFs7P9jHI9Z0yRhK,0.7,0.872,10,-5.896,1,0.0666,0.121,7.08e-06,0.103,0.761,125.03
100,Señorita,Shawn Mendes,https://open.spotify.com/track/0TK2YIli7K1leLovkQiNik,0.759,0.54,9,-6.039,0,0.0287,0.037,0.0,0.0945,0.75,116.947
101,Happier,Marshmello,https://open.spotify.com/track/2dpaYNEQHiRxtZbfNsse99,0.687,0.792,5,-2.749,1,0.0452,0.191,0.0,0.167,0.671,100.015
102,Forever,Chris Brown,https://open.spotify.com/track/3NZJlJemX3mzjf56MqC5ML,0.672,0.82,11,-4.456,1,0.0459,0.0368,0.000188,0.184,0.438,120.005
103,"Give Me Everything (feat. Ne-Yo, Afrojack & Nayer)",Pitbull,https://open.spotify.com/track/4QNpBfC0zvjKqPJcyqBy9W,0.671,0.939,8,-3.206,1,0.161,0.191,0.0,0.298,0.53,129.024
104,Down On Me,Jeremih,https://open.spotify.com/track/0x3TibRgnSqzkcwrqBd4iX,0.7,0.598,2,-7.783,1,0.114,0.0369,0.0,0.111,0.594,160.041
105,2 On (feat. ScHoolboy Q),Tinashe,https://open.spotify.com/track/3jVtllWS5CFFWLQng8sKsr,0.742,0.595,9,-7.51,1,0.107,0.15,0.0,0.111,0.431,101.013
106,You Know You Like It,DJ Snake,https://open.spotify.com/track/57kR5SniQIbsbVoIjjOUDa,0.407,0.725,5,-5.346,0,0.188,0.0141,2.46e-06,0.306,0.247,196.093
107,Skifahren,The Cratez,https://open.spotify.com/track/384ucc41VlH8NVY6o0HFRa,0.719,0.705,5,-6.891,0,0.252,0.223,1.89e-06,0.152,0.435,133.927
108,Sexy Bitch (feat. Akon),David Guetta,https://open.spotify.com/track/0uXO2GrNiIb1xHT9LUdxZE,0.813,0.627,11,-5.018,0,0.0486,0.0771,0.000616,0.131,0.801,130.011
109,Pon De Replay,Ed Marquis,https://open.spotify.com/track/6G7r3yTCXVl1lXmFSkzEYB,0.529,0.717,6,-7.049,0,0.24,0.123,0.000692,0.0363,0.481,103.993
110,Don't Start Now,Dua Lipa,https://open.spotify.com/track/6WrI0LAC5M1Rw2MnX2ZvEg,0.794,0.793,11,-4.521,0,0.0842,0.0125,0.0,0.0952,0.677,123.941
111,Man Down (feat. AlunaGeorge),Shakka,https://open.spotify.com/track/1keIwLlHg0VZhoQQiTb0Xi,0.726,0.665,5,-5.611,0,0.0722,0.299,0.0,0.179,0.807,104.239
112,Breaking Me,Topic,https://open.spotify.com/track/3H7ihDc1dqLriiWXwsc2po,0.789,0.72,8,-5.652,0,0.218,0.223,0.0,0.129,0.664,122.031
113,GOMF,DVBBS,https://open.spotify.com/track/5D8sJEbM2zIAZkWn9wSDXl,0.749,0.659,9,-6.746,0,0.0343,0.00198,0.000806,0.181,0.407,114.964
114,Let Me Love You,DJ Snake,https://open.spotify.com/track/0lYBSQXN6rCTvUZvg9S0lU,0.649,0.716,8,-5.371,1,0.0349,0.0863,2.63e-05,0.135,0.163,99.988
115,You Make Me Feel... (feat. Sabi),Cobra Starship,https://open.spotify.com/track/16Of7eeW44kt0a1M0nitHM,0.668,0.857,7,-2.944,0,0.0535,0.0191,6.71e-06,0.0385,0.748,131.959
116,Break Your Heart,Taio Cruz,https://open.spotify.com/track/1CdqVF1ywD0ZO1zXtB9yWa,0.666,0.899,8,-4.676,1,0.028,0.00155,0.0,0.0677,0.629,122.05
117,Let It Rock,Kevin Rudolf,https://open.spotify.com/track/6TrNRd98WksT9Kkmx9uj6R,0.607,0.783,7,-4.41,1,0.0397,0.000683,0.0,0.0678,0.434,113.172
118,2AM.,Adrian Marcel,https://open.spotify.com/track/64Jyg9AzWl3AHdnkKPmY4T,0.849,0.534,4,-6.365,1,0.0699,0.0472,0.0,0.25,0.599,102.014
119,Show Me (feat. Chris Brown),Kid Ink,https://open.spotify.com/track/4q6dqyGM25sKFU8nYAGRe4,0.711,0.508,7,-7.299,1,0.0502,0.0355,0.0,0.141,0.663,98.098
120,Paranoid (feat. B.o.B),Ty Dolla $ign,https://open.spotify.com/track/0Yp3wCUpjrG7NWWPDpmQXm,0.858,0.398,1,-11.306,1,0.0598,0.00888,0.0,0.112,0.258,97.476
121,Fire & Desire,Drake,https://open.spotify.com/track/4BhGTc3Cgay2U1QcTS7vQe,0.722,0.252,1,-14.411,0,0.0761,0.0671,0.0,0.0852,0.275,79.923
122,Peaches (feat. Daniel Caesar & Giveon),Justin Bieber,https://open.spotify.com/track/4iJyoBOLtHqaGxP12qzhQI,0.677,0.696,0,-6.181,1,0.119,0.321,0.0,0.42,0.464,90.03
123,Beware,Big Sean,https://open.spotify.com/track/6bxUnsSGZCmoHHU5auwtps,0.7,0.554,1,-5.909,1,0.187,0.219,1.36e-06,0.419,0.0633,97.127
124,it's not u it's me,Bea Miller,https://open.spotify.com/track/7cLm450e9XaPrEZTSTsfwU,0.776,0.568,0,-6.419,0,0.125,0.0204,1.69e-05,0.078,0.749,150.901
125,Do You Remember,Jay Sean,https://open.spotify.com/track/02Ig49nlFRfH9YNVL5HEPR,0.853,0.673,11,-4.921,1,0.0683,0.0214,0.0,0.119,0.818,125.837
126,I Know You Got A Man,Ludacris,https://open.spotify.com/track/1lI4FCVQfNuR0VVEfDyQgR,0.685,0.781,11,-6.24,1,0.115,0.014,0.0,0.0599,0.539,149.807
127,Party Like A Rock Star,SHOP BOYZ,https://open.spotify.com/track/1IYaMVfidzSfvCUZYXhsU1,0.619,0.709,7,-4.633,1,0.0395,0.00541,0.0,0.507,0.68,144.972
128,Temperature,Sean Paul,https://open.spotify.com/track/0k2GOhqsrxDTAbFFSdNJjT,0.951,0.6,0,-4.675,0,0.0685,0.106,0.0,0.0712,0.822,125.04
129,No Lie,Sean Paul,https://open.spotify.com/track/48QmG1dfvMuYLxMPt7KSRA,0.742,0.882,7,-2.862,1,0.117,0.0466,0.0,0.206,0.463,102.04
130,Get Busy,Sean Paul,https://open.spotify.com/track/5qTvkDrSfvwDv6RBjjcfQr,0.735,0.824,10,-4.143,0,0.036,0.615,0.0,0.158,0.726,100.202
131,Up Down (Do This All Day) (feat. B.o.B),T-Pain,https://open.spotify.com/track/6lbhWl34Il0WXm5pX1fM9E,0.778,0.498,5,-6.846,0,0.0562,0.256,0.0,0.295,0.464,96.995
132,Buy U a Drank (Shawty Snappin') (feat. Yung Joc),T-Pain,https://open.spotify.com/track/1tkMs9wDPknQ3ZHcKDw1ES,0.693,0.549,1,-8.141,1,0.119,0.0109,0.0,0.0677,0.605,80.028
