,name,artist,url,danceability,energy,key,loudness,mode,speechiness,acousticness,instrumentalness,liveness,valence,tempo
0,Patek,Future,https://open.spotify.com/track/76MjtLfZoTNc3BDqUVjuRH,0.801,0.596,1,-4.72,1,0.0534,0.00301,0.0,0.162,0.134,120.028
1,Water on Water on Water,Young Dolph,https://open.spotify.com/track/5YGhm6pI5s0uxJ2DwrDYqO,0.919,0.56,8,-5.221,1,0.3,0.0118,0.0,0.0963,0.382,141.001
2,Cool J,Roy Woods,https://open.spotify.com/track/051kgst67vFQFbq2mPaCay,0.803,0.561,6,-7.695,0,0.037,0.00758,0.000144,0.111,0.362,99.994
3,What It Was (feat. Future),Lil Gotit,https://open.spotify.com/track/2q5NtOWy57wzao7RjMvXOM,0.787,0.501,1,-9.132,1,0.25,0.0857,1.21e-05,0.115,0.361,133.994
4,Squidrific,SahBabii,https://open.spotify.com/track/0Z1CgKoZXoQYRiqyXhq9LV,0.746,0.358,0,-8.072,0,0.134,0.355,0.00071,0.0813,0.233,74.023
5,24 (feat. Lil Baby),Money Man,https://open.spotify.com/track/7v96VvFLS0wSYT8kewNLRy,0.868,0.638,2,-7.746,1,0.0736,0.146,0.0565,0.0931,0.459,126.03
6,No Sense (feat. Key Glock),Young Dolph,https://open.spotify.com/track/67K5Ki1bLemeOlN012sip8,0.945,0.662,6,-6.581,1,0.24,0.0326,1.17e-05,0.124,0.782,124.01
7,Laugh Now Cry Later (feat. Lil Durk),Drake,https://open.spotify.com/track/2SAqBLGA283SUiwJ3xOUVI,0.761,0.518,0,-8.871,1,0.134,0.244,3.47e-05,0.107,0.522,133.976
8,Narrow Road (feat. Lil Baby),NLE Choppa,https://open.spotify.com/track/0mCiEhtdRn5YYhefLXcxI7,0.614,0.553,7,-8.225,1,0.169,0.0306,0.0,0.203,0.161,159.999
9,SYLVIA (feat. 2forwOyNE),Jack Harlow,https://open.spotify.com/track/1AVm6MTy8qpaFi0gAa7Hlw,0.837,0.64,4,-7.819,0,0.0464,0.0235,3.62e-05,0.112,0.387,85.0
10,POPSTAR (feat. Drake),DJ Khaled,https://open.spotify.com/track/6EDO9iiTtwNv6waLwa1UUq,0.8,0.56,5,-4.818,0,0.261,0.057,0.0,0.134,0.45,163.071
11,Half & Half,Playboi Carti,https://open.spotify.com/track/2TdZdeKIDMqi1B3139W4Wb,0.899,0.496,7,-4.691,1,0.33,0.136,0.0,0.139,0.145,127.046
12,With Them,Young Thug,https://open.spotify.com/track/0tISnxqgVmxqhVghsTi2Rr,0.926,0.517,9,-6.794,1,0.184,0.00218,0.0,0.091,0.284,132.07
13,Mood (feat. iann dior),24kGoldn,https://open.spotify.com/track/3tjFYV6RSFtuktYl3ZtYcq,0.7,0.722,7,-3.558,0,0.0369,0.221,0.0,0.272,0.756,90.989
14,New Choppa,Playboi Carti,https://open.spotify.com/track/30sc425JEvj3tgmGAKORea,0.773,0.605,0,-4.223,0,0.0579,0.174,0.0,0.329,0.425,128.16
15,7AM,Lil Uzi Vert,https://open.spotify.com/track/4v1P7JCjehbg5TmLQo2mFy,0.638,0.526,7,-8.401,1,0.131,0.275,0.0,0.462,0.301,139.054
16,We Paid (feat. 42 Dugg),Lil Baby,https://open.spotify.com/track/6gxKUmycQX7uyMwJcweFjp,0.926,0.542,1,-5.064,1,0.293,0.135,0.0,0.0877,0.564,135.14
17,The Bigger Picture,Lil Baby,https://open.spotify.com/track/44gRhRi2OhEf7moAUj6MD1,0.59,0.618,1,-5.756,1,0.334,0.0127,0.0,0.244,0.153,96.459
18,Hold Up Hold Up Hold Up,Young Dolph,https://open.spotify.com/track/0Hhn2oi65aQ8OD9MVuJJvV,0.833,0.673,7,-7.119,0,0.134,0.0558,0.0,0.112,0.63,139.972
19,Bands Out Tha Roof,Lil Mosey,https://open.spotify.com/track/4XWi6uj1ZYo5bA7aGxc0g8,0.743,0.604,8,-8.688,0,0.0674,0.415,0.0,0.27,0.602,100.895
20,Convertible Burt - From Road To Fast 9 Mixtape,Tory Lanez,https://open.spotify.com/track/2AUdkFhVlngknqGHu30VJQ,0.848,0.809,7,-3.958,0,0.21,0.0586,0.0,0.128,0.756,133.037
21,She Know (feat. Lil Baby),Lil Keed,https://open.spotify.com/track/5f4TAyNRqDrxAOGzabEaXZ,0.793,0.5,1,-8.331,0,0.367,0.0623,0.0,0.0983,0.496,151.888
22,Ridin,Yoga Flame,https://open.spotify.com/track/16GDjHsVSLLpYdQ41tkkiS,0.718,0.65,0,-7.985,1,0.263,0.083,7.43e-05,0.182,0.487,123.106
23,Heatin Up (feat. Gunna),Lil Baby,https://open.spotify.com/track/7KSSdFCBHCfq4KPzz78ghk,0.788,0.436,1,-9.435,1,0.364,0.0611,0.0,0.0979,0.341,129.847
24,"Lost Me (feat. Lil Mosey, iann dior & Lil Skies)",Internet Money,https://open.spotify.com/track/5ZFgqsRi4sVaHICC2lpsyM,0.694,0.697,8,-7.373,0,0.0379,0.162,0.0,0.0821,0.379,89.966
25,Go Crazy,Chris Brown,https://open.spotify.com/track/1IIKrJVP1C9N7iPtG6eOsK,0.755,0.578,0,-8.932,0,0.145,0.316,0.0,0.25,0.581,94.148
26,The Motto,Drake,https://open.spotify.com/track/49ySwzAyvxcNXOkOP6ZB1L,0.774,0.431,1,-8.407,1,0.346,0.000146,1.99e-05,0.112,0.353,201.843
27,ball w/o you,21 Savage,https://open.spotify.com/track/50a8bKqlwDEqeiEknrzkTO,0.892,0.633,8,-7.471,1,0.0902,0.0467,0.000189,0.139,0.459,137.994
28,Flood My Wrist (feat. Lil Uzi Vert),A Boogie Wit da Hoodie,https://open.spotify.com/track/5Tj4faD9lGyMw8ZatUYR6G,0.904,0.672,1,-6.544,1,0.197,0.00382,3e-06,0.138,0.398,139.984
29,All My Chains,Lil Uzi Vert,https://open.spotify.com/track/2DynJ2cNsW35sTJCaRcb70,0.794,0.715,6,-5.531,0,0.122,0.119,0.0,0.0838,0.327,138.028
30,For Hot 97,Lil Yachty,https://open.spotify.com/track/0qCJuVo2eL3wMBVqL3oTjD,0.819,0.587,1,-5.379,1,0.445,0.0239,0.0,0.476,0.306,130.088
31,Shoot Out The Roof,Lil Yachty,https://open.spotify.com/track/3V6J0liPAQPjqlyDOvDmKY,0.798,0.563,0,-6.356,0,0.47,0.519,0.0,0.101,0.389,142.027
32,DipSet,Lil Yachty,https://open.spotify.com/track/5YWEAI8xeFEFFG7NERiapL,0.772,0.55,1,-6.914,1,0.166,0.459,0.0,0.229,0.148,114.941
33,Jersey,Future,https://open.spotify.com/track/2ACys0pX0SjmpQmQWzp7wt,0.758,0.526,5,-10.81,0,0.255,0.513,0.000457,0.0913,0.312,146.054
34,100it Racks,Future,https://open.spotify.com/track/1XWcdNQvGrX32fH09CwuWI,0.82,0.599,10,-9.796,0,0.141,0.226,0.0489,0.105,0.356,137.022
35,Side,NLE Choppa,https://open.spotify.com/track/6TuyeXrbIyXMLBRhxJ9q8d,0.506,0.593,8,-7.029,1,0.293,0.0182,0.0,0.214,0.414,170.92
36,Bean (Kobe) [feat. Chief Keef],Lil Uzi Vert,https://open.spotify.com/track/0IpnZchq8ek2A6pGEP2Qb1,0.733,0.567,0,-6.718,1,0.319,0.0129,0.0,0.382,0.319,75.491
37,444+222,Lil Uzi Vert,https://open.spotify.com/track/6fWcHP8ce2glR9MEUZE7Cs,0.791,0.513,10,-6.568,0,0.269,0.0235,2.83e-05,0.101,0.481,76.997
38,I Am (Lil Baby & Gunna),Lil Baby,https://open.spotify.com/track/3F57PtOdqRpD6euFYqtKXX,0.822,0.461,1,-6.506,1,0.449,0.328,0.0,0.122,0.268,130.003
39,Oh Okay (feat. Young Thug & Lil Baby),Gunna,https://open.spotify.com/track/38844QuZDlnt44uHPrSA3S,0.889,0.516,8,-8.852,1,0.327,0.372,0.0,0.0926,0.732,140.005
40,"Never Recover (Lil Baby & Gunna, Drake)",Lil Baby,https://open.spotify.com/track/6wWaVoUOzLQJHd3bWAUpdZ,0.753,0.686,1,-5.415,0,0.284,0.0677,0.0,0.193,0.886,132.055
41,Stuntin' On You (feat. DaBaby),Tyla Yaweh,https://open.spotify.com/track/341lTIxmhybbQsgydwJiFx,0.796,0.683,10,-5.165,0,0.277,0.0111,2.58e-06,0.126,0.737,173.852
42,Yes Indeed,Lil Baby,https://open.spotify.com/track/6vN77lE9LK6HP2DewaN6HZ,0.963,0.346,5,-9.309,0,0.53,0.0355,0.0,0.108,0.562,119.957
43,Different Color Molly,Smokepurpp,https://open.spotify.com/track/6gO7SsL92jgKRP8lsDGxYo,0.911,0.332,1,-7.146,1,0.0866,0.0747,1.36e-05,0.105,0.102,136.976
44,Too Blessed,Rich The Kid,https://open.spotify.com/track/79OsVQutiLllWaiDTcKl5M,0.906,0.351,7,-10.18,1,0.239,0.00591,0.0,0.109,0.315,143.891
45,Crazy,Tropico,https://open.spotify.com/track/6y3zkoknb35TRdhOTIGTQQ,0.726,0.577,10,-7.132,0,0.26,0.327,0.0,0.0962,0.754,151.268
46,No Flex Zone,Rae Sremmurd,https://open.spotify.com/track/2L8cFPItBljPNJgPjTnuIf,0.925,0.518,8,-5.831,1,0.106,0.00433,0.0,0.0976,0.241,120.064
47,Kacey Talk,YoungBoy Never Broke Again,https://open.spotify.com/track/1SF8piqsZWn86DajVKih8F,0.877,0.607,10,-7.818,0,0.15,0.535,0.0,0.138,0.773,127.055
48,Over Your Head,Future,https://open.spotify.com/track/0Tcw8w9pvPrZoORgxsNASW,0.773,0.742,5,-5.453,0,0.162,0.00198,0.0,0.558,0.35,148.949
49,Staccato,Tory Lanez,https://open.spotify.com/track/4HVHkQvGnpQ514WPHPE67Q,0.579,0.662,1,-5.744,0,0.182,0.00967,0.0,0.13,0.234,105.208
50,Oprah’s Bank Account (Lil Yachty & DaBaby feat. Drake),Lil Yachty,https://open.spotify.com/track/7wsmIIm0xWmtP7TmACXkJn,0.836,0.617,0,-4.363,1,0.0534,0.17,0.0,0.319,0.866,138.066
51,Fashion (feat. Rich The Kid),Jay Critch,https://open.spotify.com/track/4EDmwV0cTLJ31s9sLQ1x2p,0.726,0.225,4,-19.72,0,0.0588,0.00351,0.0,0.0655,0.17,142.988
52,Wit Yo Bitch (feat. MadeinTYO) - Remix,Famous Dex,https://open.spotify.com/track/7HrfeP6dl2TzPT4GiRHKNY,0.695,0.579,8,-8.022,1,0.379,0.101,0.0,0.148,0.548,155.148
53,3 Headed Goat (feat. Lil Baby & Polo G),Lil Durk,https://open.spotify.com/track/2h4cmbyb6S7e8igDZIITJU,0.837,0.482,8,-8.608,0,0.365,0.268,0.0,0.0991,0.444,143.01
54,Lean 4 Real (feat. Skepta),Playboi Carti,https://open.spotify.com/track/1JgkiUg9mSXSwcb5Gbi4Ur,0.754,0.775,7,-5.077,1,0.066,0.0302,0.0,0.362,0.159,76.01
55,Love Hurts (feat. Travis Scott),Playboi Carti,https://open.spotify.com/track/3K6U7TamNyVSWcFH8pCQHX,0.724,0.45,4,-5.763,0,0.0497,0.0315,1.42e-05,0.111,0.464,140.978
56,Run Shannon Run,BBY GOYARD,https://open.spotify.com/track/0Y5hDJTidQ5DsqJoH3QIHj,0.673,0.558,2,-7.62,1,0.299,0.0158,0.0564,0.298,0.345,87.949
57,Nose,Smokepurpp,https://open.spotify.com/track/2DMLmyzlNGyNl0HZSwSYSO,0.908,0.509,10,-8.013,0,0.12,0.0661,3.46e-05,0.127,0.217,134.016
58,Take Some Time,Austin Skinner,https://open.spotify.com/track/74fkEs7jlhvgczfDg0UDVp,0.682,0.7,7,-6.768,0,0.127,0.0145,0.0,0.0932,0.551,168.074
59,Lets Go!,Austin Skinner,https://open.spotify.com/track/46iplsJ3u5boZVwRZbkBq5,0.791,0.536,6,-5.236,0,0.153,0.0179,0.0,0.0728,0.413,164.98
60,Keep It Hundred,Migos,https://open.spotify.com/track/2guAtk15O7PNI9FBoz93YF,0.695,0.526,8,-7.222,1,0.216,0.0536,0.0,0.377,0.227,146.982
61,"RAF (feat. A$AP Rocky, Playboi Carti, Quavo, Lil Uzi Vert & Frank Ocean)",A$AP Mob,https://open.spotify.com/track/4pdgV8qr9Oytcv6thCdiIZ,0.848,0.663,8,-5.606,0,0.245,0.523,0.0,0.108,0.333,133.993
62,Potential (feat. Lil Uzi Vert & Young Dolph),Gucci Mane,https://open.spotify.com/track/1CiR9MK8zVPKtGrHe4LFPb,0.957,0.46,1,-7.513,1,0.325,0.00418,0.000748,0.0947,0.191,123.951
63,TOP FLOOR (feat. Travis Scott),Gunna,https://open.spotify.com/track/4YhJ3a6kBPGJWX4Ek77sDd,0.823,0.504,8,-8.65,0,0.16,0.206,0.0,0.417,0.481,112.985
64,"Walk On Water (feat. A$AP Twelvyy, A$AP Ant, A$AP Nast, A$AP Ferg & Playboi Carti)",A$AP Mob,https://open.spotify.com/track/0WQcnrsEqrY2e5nexGe3HX,0.9,0.532,0,-5.516,1,0.0744,0.0889,0.0,0.0533,0.592,140.023
65,Off White - Remix,Global Dan,https://open.spotify.com/track/05e9HuKgdR46YGTTXr1YrC,0.725,0.507,1,-7.828,1,0.269,0.349,0.0,0.212,0.355,155.046
