,name,artist,url,danceability,energy,key,loudness,mode,speechiness,acousticness,instrumentalness,liveness,valence,tempo
0,Tornado,Volkoder,https://open.spotify.com/track/2sEZIvBLWMPljdtrWakv9D,0.751,0.903,7,-7.164,1,0.0626,0.00661,0.836,0.107,0.726,125.008
1,Have Fun,Groove Delight,https://open.spotify.com/track/7g2NG8b3ibkIYtGGhfIfTJ,0.776,0.819,6,-4.844,1,0.0334,0.00123,0.297,0.292,0.763,120.013
2,Off My Mind,ManyFew,https://open.spotify.com/track/3IzYy3AdSWMX4uojNyS596,0.607,0.941,6,-6.817,1,0.0769,0.00568,0.0,0.511,0.53,124.058
3,Elevate,Deeper Purpose,https://open.spotify.com/track/0yvPTNzH1e1V2rdbUGrVFp,0.738,0.868,9,-8.902,0,0.0611,0.12,0.863,0.156,0.124,126.994
4,Get Stupid,Cloonee,https://open.spotify.com/track/6EX9l4lJZknixCpQqTKGAF,0.859,0.677,11,-9.916,0,0.0879,0.00216,0.00375,0.0487,0.73,128.001
5,4 The People,Noizu,https://open.spotify.com/track/1pMK3CNjKECeAavfhMi1kn,0.833,0.965,6,-5.215,0,0.0528,0.0687,0.135,0.0927,0.922,123.994
6,Following - Original Mix,Martin Ikin,https://open.spotify.com/track/5uuzx4f6fb1WFJPXFnCSlY,0.81,0.941,10,-6.364,0,0.0531,0.000105,0.783,0.0818,0.459,126.011
7,Heartbeat,Claptone,https://open.spotify.com/track/68Q6c22JNyLUlZYX4dE2tn,0.811,0.647,10,-7.916,0,0.0406,0.0174,0.349,0.0829,0.708,120.01
8,Secrets - HUGEL Remix,Regard,https://open.spotify.com/track/3iLwZIDtKxGC277rHmX4is,0.9,0.526,6,-7.97,0,0.0713,0.0873,0.189,0.17,0.426,124.061
9,All Cried Out (feat. Alex Newell) - Radio Edit,Blonde,https://open.spotify.com/track/6n7rJUcwmQDestMYXoSoZF,0.657,0.757,0,-5.257,0,0.0584,0.428,0.0,0.0728,0.672,122.056
10,Block Me,PEACE MAKER!,https://open.spotify.com/track/1CuRjYueNnhsVMNQiaRuuY,0.813,0.954,0,-2.881,1,0.0747,0.00256,0.364,0.413,0.616,125.046
11,All Cried Out - Don Diablo Remix,Blonde,https://open.spotify.com/track/2nuTdyyU9LKaNutVRvR1TR,0.585,0.964,0,-2.995,0,0.0607,0.00448,0.851,0.121,0.137,126.0
12,Hey Pablo,Anti Up,https://open.spotify.com/track/4gnH8nfdJfN115QAzzUc3E,0.805,0.943,11,-6.503,0,0.0563,0.000749,0.868,0.679,0.856,126.0
13,The Answer (featuring Arthur Baker & Victor Simonelli),Chris Lake,https://open.spotify.com/track/5whiPPRn248jYANBCMzQoB,0.728,0.898,10,-4.652,0,0.125,0.0433,0.0536,0.261,0.502,125.974
14,You Know,Zeds Dead,https://open.spotify.com/track/3EfkSnd1HxnsWFkWjHbyWO,0.733,0.774,4,-6.716,0,0.0472,0.0131,0.162,0.0987,0.622,124.002
15,Thinking About It - Radio Edit,Just Kiddin,https://open.spotify.com/track/4bCLryl82MHYQnp4dT91Fv,0.69,0.836,5,-6.224,0,0.038,0.0237,0.000116,0.112,0.296,119.999
16,Adieu,Tchami,https://open.spotify.com/track/5Dt2XXXx7J5X5mfuA8HldN,0.717,0.746,11,-4.935,0,0.0411,0.0462,0.655,0.077,0.319,125.977
17,Chance,Shiba San,https://open.spotify.com/track/6KteefoBH4bLWYEpyBU52o,0.807,0.889,0,-6.392,0,0.0439,0.0157,0.897,0.1,0.366,125.01
18,Human After All / Together / One More Time / Music Sounds Better with You,Daft Punk,https://open.spotify.com/track/5q2KGgJV5l4MAnnGIrvKSK,0.471,0.848,11,-11.331,0,0.0595,8.19e-05,0.284,0.952,0.117,131.045
19,The Ciggie,Cloonee,https://open.spotify.com/track/1r8ZqfggYqW1R2JjiDGBQV,0.905,0.579,5,-9.104,1,0.0865,0.000218,0.116,0.0867,0.605,123.999
20,Moving Blind - Cloonee Remix,Sonny Fodera,https://open.spotify.com/track/7GMTmF4AKRJ7xHf020K785,0.934,0.557,8,-9.261,1,0.183,0.0575,0.101,0.0926,0.59,127.996
21,Something About Us,Daft Punk,https://open.spotify.com/track/7KnSOsvmbc6xeIWVKUXzLd,0.875,0.475,9,-12.673,0,0.0986,0.44,0.72,0.046,0.384,99.958
22,Robot Rock,Daft Punk,https://open.spotify.com/track/247OK7W7ke06iripfvHDiw,0.59,0.787,7,-5.766,1,0.0512,6.94e-06,0.845,0.0293,0.598,111.926
23,Hold Up,Late Replies,https://open.spotify.com/track/5KGn7C4GflN0EFMNqDmUY9,0.805,0.904,8,-6.717,0,0.0507,0.00785,0.9,0.0396,0.501,126.0
24,Midnight Lullaby,Michael Bibi,https://open.spotify.com/track/39vf62opOHTgnMh0bWSwju,0.803,0.771,11,-6.353,0,0.0499,9.04e-05,0.874,0.244,0.184,129.015
25,Need U (100%) (feat. A*M*E) - Skreamix,Duke Dumont,https://open.spotify.com/track/6Uc6yEJR5Vdy0SB3kc7ise,0.688,0.613,10,-7.471,0,0.0556,0.00322,0.505,0.0234,0.362,123.983
26,Easier (feat. LOWES),CamelPhat,https://open.spotify.com/track/4xiMBaax2U0j1QPUvae5Ma,0.517,0.927,11,-6.532,0,0.0417,0.0219,0.0484,0.0973,0.0755,122.956
27,Dance,Noizu,https://open.spotify.com/track/3Nt13GFJxmmIibwIDV1GDP,0.816,0.854,11,-5.523,1,0.051,0.000442,0.653,0.0608,0.3,124.026
28,Satisfaction,Benny Benassi,https://open.spotify.com/track/213yG5o4EISfGoceayLo6u,0.802,0.721,11,-3.385,1,0.102,0.172,0.104,0.0779,0.356,129.98
29,Higher - Extended Mix,Lewis Tala,https://open.spotify.com/track/5Pmzy2Qu66KXvaXxc9Uajc,0.7,0.939,9,-5.149,0,0.0607,0.00627,0.797,0.0184,0.501,124.985
30,Thin Line - Extended Mix,John Summit,https://open.spotify.com/track/6PsfJzVFOlicsAQXeinkla,0.82,0.862,10,-7.037,0,0.0531,0.00615,0.0669,0.0576,0.6,124.999
31,Gimme Gimme - Club Mix,Lee Cabrera,https://open.spotify.com/track/5ptaFgbEZmXi2ONGq2LwOK,0.715,0.912,2,-4.7,0,0.034,0.00429,0.00106,0.0849,0.52,126.01
32,The Journey - Original Mix,KI Creighton,https://open.spotify.com/track/4RyEXdImx4UFF2fz6j07cm,0.796,0.922,1,-7.263,1,0.0475,0.000798,0.936,0.47,0.689,125.013
33,Haus Style,Piero Pirupa,https://open.spotify.com/track/3cKCgr7F2oP8NFGFrc210g,0.717,0.972,1,-5.455,1,0.0382,0.00173,0.819,0.224,0.342,126.045
34,Get On - Extended Mix,Piero Pirupa,https://open.spotify.com/track/5TbSUaTzP9OWSzaqVJex4M,0.742,0.896,11,-5.568,0,0.0479,0.00694,0.861,0.298,0.541,127.001
35,Need2Freek,Walker & Royce,https://open.spotify.com/track/7MjJASNQf4eqgazMs9uuO6,0.829,0.736,1,-6.351,1,0.0416,0.00825,0.662,0.498,0.526,126.003
36,Alive,PAX,https://open.spotify.com/track/1zRD4eauhsTVfxtcD1n49S,0.733,0.693,11,-8.165,1,0.0326,0.0127,0.066,0.089,0.104,126.006
37,Ultimate Distortion,Alan Fitzpatrick,https://open.spotify.com/track/1pxEuawO62UhiRtGVRLsdm,0.753,0.83,0,-7.252,0,0.0664,0.00166,0.86,0.141,0.239,128.026
38,How Does It Feel - Endor Remix - Extended Mix,Roger That (UK),https://open.spotify.com/track/39F2RKQc7d4TtS4sJwhds9,0.801,0.872,11,-6.363,0,0.0434,0.000975,0.52,0.0543,0.453,126.0
39,Need In Me,Flashmob,https://open.spotify.com/track/380GtExPmcOhbCgyDOYRjx,0.802,0.916,8,-8.274,1,0.0683,0.00961,0.773,0.0476,0.591,120.013
40,My Level,Kyle Watson,https://open.spotify.com/track/3ZKrs57kTeYE8WqURQqMef,0.819,0.851,7,-6.943,0,0.0938,0.0373,0.91,0.054,0.255,124.033
41,Wired (with Ella Eyre),Sonny Fodera,https://open.spotify.com/track/7k3uKOLzMCvYM00E3QZTSq,0.7,0.764,9,-4.836,0,0.0314,0.0247,0.0,0.162,0.424,125.02
42,By My Side,Westend,https://open.spotify.com/track/5Bm2WkWWHjSqlODJmyhTkM,0.835,0.882,7,-4.491,1,0.0681,0.00347,0.507,0.034,0.565,125.0
43,The Slap,Deeper Purpose,https://open.spotify.com/track/79FjWBiYDFqM8StLv8FsFb,0.796,0.947,0,-8.438,1,0.0638,0.00577,0.822,0.0422,0.693,126.02
44,My Level,Kyle Watson,https://open.spotify.com/track/3ZKrs57kTeYE8WqURQqMef,0.819,0.851,7,-6.943,0,0.0938,0.0373,0.91,0.054,0.255,124.033
45,Burning,Gorgon City,https://open.spotify.com/track/1JfXThQMXHvwow5Ws6Uz0b,0.684,0.749,8,-6.527,0,0.048,0.176,0.000627,0.12,0.806,123.994
46,No More Sorrow (Jaded Remix),Yolanda Be Cool,https://open.spotify.com/track/7BBVNO84d6yrmlb2Y6N0rZ,0.741,0.864,8,-5.93,1,0.0584,0.0035,0.301,0.167,0.425,124.979
47,Let's Go!,Dance System,https://open.spotify.com/track/6MomDISbOEnUQARwoiBPgF,0.603,0.971,5,-4.418,0,0.0735,0.000384,0.268,0.314,0.494,130.018
48,Show Me Love - Extended Mix,Robin S,https://open.spotify.com/track/7nmvwosdapB8Bro5uIM7n2,0.794,0.736,5,-8.626,1,0.0635,0.0238,0.00293,0.0767,0.687,120.255
49,Pushing On,Oliver Dollar,https://open.spotify.com/track/68a8DmzDfGL6qZ98vD8cnU,0.737,0.8,6,-4.46,0,0.0404,0.00275,0.00369,0.0991,0.734,121.985
50,Pushing On - Tchami Remix,Oliver Dollar,https://open.spotify.com/track/5VICSxz0OP0wAcAuqvYzrz,0.746,0.793,11,-3.753,0,0.0419,0.000809,0.52,0.346,0.375,124.997
51,Block Party - Extended Mix,Klangkuenstler,https://open.spotify.com/track/2U0DJUZXq5sNF60mQyrGCK,0.718,0.992,8,-6.097,1,0.0509,0.00124,0.465,0.428,0.674,124.014
52,Forget It,Matroda,https://open.spotify.com/track/0Q7O36aLaX6LHfhfBecEXF,0.717,0.903,7,-6.042,0,0.141,0.179,0.00532,0.192,0.344,122.986
53,The Juice,Mr. Fingers,https://open.spotify.com/track/4mQS6mwwwpcjdO8KprC6fN,0.786,0.981,11,-7.855,0,0.0689,0.0503,0.945,0.0679,0.414,118.124
54,All On Me,Tchami,https://open.spotify.com/track/5ad6HGAiatmKHXMI0OSodk,0.797,0.66,5,-6.883,1,0.0816,0.0112,0.00739,0.297,0.317,122.02
55,Fly Life - Todd Terry Remix,Basement Jaxx,https://open.spotify.com/track/7H6Ugccq5TkLK22eONFDpH,0.846,0.78,2,-7.334,1,0.0548,1.13e-05,0.917,0.044,0.451,125.004
56,Techno Cat - Dance Like Your Dad Mix,Tom Wilson,https://open.spotify.com/track/3kIwkCPrOaBv6gekhIrI2C,0.807,0.771,7,-7.916,1,0.0686,0.000625,0.856,0.0317,0.0384,130.464
57,Infinite State,Michael James,https://open.spotify.com/track/1bu0Jb1AqfNG3aYopGOBcl,0.836,0.987,10,-8.696,0,0.127,8.51e-05,0.518,0.0755,0.598,121.984
58,Body In Time,Subb-an,https://open.spotify.com/track/5tJTDBFsjRI1tkK4Mw4xzU,0.844,0.68,7,-9.418,1,0.206,0.0296,0.497,0.105,0.651,131.015
59,Hungry For The Power - Jamie Jones Ridge Street Remix,Azari & III,https://open.spotify.com/track/0fhsLuoWjfqGIg9ucb3Jab,0.867,0.658,9,-7.634,1,0.0676,0.00541,0.0103,0.228,0.717,124.027
60,Sun Goes Down,Cloonee,https://open.spotify.com/track/28cF5QOu0CWdyTt6lYxIeA,0.771,0.939,7,-5.145,1,0.158,0.0339,0.000157,0.149,0.635,126.036
61,Tear It Up,Solardo,https://open.spotify.com/track/5m9AmJ3DLVZaS7VhfoTOAF,0.625,0.876,1,-10.006,1,0.0364,0.000416,0.0149,0.386,0.736,124.999
62,Tear It Up - Oliver Heldens Remix,Solardo,https://open.spotify.com/track/0kZPGDVImkGGOFGg7oAdRv,0.644,0.935,0,-4.416,0,0.035,0.0107,4.25e-05,0.231,0.607,125.019
63,Don't Stop,Redfield,https://open.spotify.com/track/04r1LeHpM3ESFFyZMlFPof,0.73,0.975,5,-4.461,0,0.0435,0.00434,0.137,0.167,0.96,124.013
64,Raise Your Weapon - Wax Motif Remix,deadmau5,https://open.spotify.com/track/2ZBtV2gfiUfSceaWLbr5BQ,0.677,0.774,8,-6.571,0,0.0411,0.00299,0.0665,0.0586,0.674,128.01
65,Be Real (feat. DeJ Loaf) - Wax Motif & Gladiator Remix,Kid Ink,https://open.spotify.com/track/3JW7dR9S9qrbdbfiO5Wxvj,0.852,0.745,9,-5.207,0,0.0713,0.0474,0.0933,0.0705,0.855,120.014
66,i miss u - John Summit Remix,Jax Jones,https://open.spotify.com/track/34rmUwuihxQqiUAn3iHLvR,0.643,0.878,9,-6.638,1,0.0314,0.00716,0.00908,0.13,0.765,126.009
67,Cubanito,Kideko,https://open.spotify.com/track/69IiEbevPrOBIlP2tjnoSn,0.846,0.787,7,-6.703,1,0.256,0.0758,0.49,0.297,0.517,125.965
68,Show Me Love - Wh0 Remix,Steve Angello,https://open.spotify.com/track/2DWlrZWG9RagedNj10C592,0.709,0.876,10,-5.812,1,0.0325,0.0356,5.67e-05,0.416,0.336,125.955
69,From The Start - Sonny Fodera Remix,Biscits,https://open.spotify.com/track/0Qq9xToAu1kssnAqehtOan,0.679,0.854,10,-5.534,1,0.0291,0.0419,0.000248,0.184,0.443,124.973
70,Jumpin',CID,https://open.spotify.com/track/7tqS7Ywfkz6zVy3aWzip0W,0.924,0.69,11,-5.499,0,0.0662,0.00354,0.00435,0.329,0.592,125.959
71,Summer 91 (Looking Back),Noizu,https://open.spotify.com/track/4FEcEwbE2vsqhxbTPtiNTL,0.509,0.953,11,-4.954,0,0.0414,0.0159,3.3e-05,0.28,0.406,125.015
72,Walking On A Dream,Empire of the Sun,https://open.spotify.com/track/6A6qBFJHid4WutQu6HHEZt,0.87,0.699,5,-5.541,0,0.0459,0.245,6.76e-06,0.0588,0.726,126.967
73,Nova,MPH,https://open.spotify.com/track/0qI1sBGz9cVtTzuH27p7kS,0.797,0.602,10,-7.231,0,0.141,0.149,0.845,0.109,0.478,131.998
74,It’s Alright - DEL-30 Remix,Marshall Jefferson,https://open.spotify.com/track/3B2BhlLK5ZDlm5hwbaZhIU,0.661,0.975,9,-5.523,0,0.0481,0.048,0.00927,0.223,0.499,125.919
75,Aerodynamic,Daft Punk,https://open.spotify.com/track/3H3cOQ6LBLSvmcaV7QkZEu,0.624,0.911,7,-7.482,1,0.0524,0.329,0.861,0.0727,0.135,122.902
76,Celebration,TIEKS,https://open.spotify.com/track/0sIWHEb9PH9J5n2ZZEMuGQ,0.66,0.876,11,-4.964,0,0.0555,0.0172,0.000938,0.247,0.672,123.985
77,Big Love - David Penn Remix,Pete Heller's Big Love,https://open.spotify.com/track/0eQ1j5MBA9Ja7zvtB9uggC,0.73,0.917,2,-5.722,1,0.0854,0.00156,0.899,0.137,0.785,123.984
78,Fly With Me,Tim Baresko,https://open.spotify.com/track/0SPTmKIZbTPq8OVD60KYJG,0.777,0.717,11,-9.477,0,0.0546,0.000734,0.24,0.0501,0.305,124.004
79,Inside My Head,Noizu,https://open.spotify.com/track/7x5zEOkuKVqhabPKeQ8ttX,0.728,0.963,9,-6.548,1,0.0428,0.000699,0.895,0.0675,0.967,126.976
80,Searching For Someone,Eli Brown,https://open.spotify.com/track/7h18CD7JUQS34wmDIyyJ7W,0.797,0.94,1,-5.41,1,0.0672,0.000595,0.768,0.585,0.665,127.002
81,You - Dub Mix,Martin Ikin,https://open.spotify.com/track/4Pirx3rWZYeetu9LK12HHL,0.69,0.97,4,-6.66,0,0.0529,0.0128,0.785,0.339,0.595,124.015
82,Set Me Free (feat. MAX) - Martin Ikin Remix,Oliver Heldens,https://open.spotify.com/track/6XUYshCcziLPUlsECcPXn3,0.722,0.843,11,-6.902,0,0.0608,0.00171,0.1,0.332,0.507,126.024
83,Free At Last - Martin Ikin Remix,Wankelmut,https://open.spotify.com/track/29OpAJWfsnqXQY5VAEToTI,0.708,0.921,5,-5.908,0,0.055,0.000329,0.0297,0.0621,0.456,125.004
84,Back In Time,Martin Ikin,https://open.spotify.com/track/5Z1mpxRySqQYig2wYuODyp,0.673,0.964,3,-6.095,1,0.0616,0.00685,0.903,0.104,0.469,126.012
85,Stampede (Of the Elephants),James Pepper,https://open.spotify.com/track/3OXFa0kiOowNGmorj6WKzG,0.708,0.948,9,-9.205,0,0.0558,0.00855,0.874,0.158,0.632,133.99
86,Bullet - Paul Woolford Remix,HYYTS,https://open.spotify.com/track/78lRl5uoRPBvHlxpnBPpjP,0.727,0.858,7,-8.183,0,0.0473,0.0119,0.852,0.106,0.817,122.975
87,"Markgrafendamm 13 - German Brigante ""Dancing In Melbourne Remix",The Journey,https://open.spotify.com/track/3Ffdj4A3FPlBFZ29f1wdSS,0.807,0.692,7,-9.459,1,0.0503,0.000657,0.917,0.152,0.189,122.983
88,Caress Me,Ben Hemsley,https://open.spotify.com/track/6s9vi61N8OhUfj9voLwtWk,0.847,0.987,8,-6.168,1,0.0596,0.00191,0.42,0.0575,0.965,124.992
89,Every Morning,Chris Lorenzo,https://open.spotify.com/track/6It7eAXKK59k0skPxWNwP1,0.795,0.981,6,-4.665,1,0.0517,0.00119,0.91,0.0519,0.666,128.0
90,Music Please,Detlef,https://open.spotify.com/track/6nxvhvk9etkPBXXzsLP6re,0.803,0.697,6,-9.479,1,0.0599,0.00013,0.888,0.356,0.35,126.008
91,Lose Control,Cloonee,https://open.spotify.com/track/3BSuC9Y6MhalaLlhyNbTYZ,0.879,0.882,8,-8.722,1,0.0752,0.00111,0.489,0.0762,0.969,126.008
92,Discopolis 2.0 - MEDUZA Remix,Lifelike,https://open.spotify.com/track/1zu8sQCLjW5jtzf7JVpGop,0.549,0.814,4,-7.334,1,0.0406,0.0101,0.862,0.157,0.205,124.975
93,This Is House,Alberto Segador,https://open.spotify.com/track/7FxoLV3hfv5IWbLD5aiWX9,0.802,0.835,11,-8.37,0,0.0963,0.00434,0.71,0.131,0.795,124.989
94,Soul Sacrifice,Dombresky,https://open.spotify.com/track/4vEHTE0TocuaKZqiSq0UIS,0.847,0.934,9,-5.381,1,0.0442,0.00783,0.492,0.0797,0.862,126.035
95,Mvinline,Boys Noize,https://open.spotify.com/track/6bbx7nYlixYuElKMbYCzMm,0.716,0.817,11,-5.825,0,0.233,0.0154,0.139,0.0767,0.363,125.087
96,NOPUS,Eric Prydz,https://open.spotify.com/track/02dPa4nXABwnFzjZosKxsk,0.494,0.938,3,-4.828,1,0.0402,0.00117,0.952,0.118,0.17,127.004
97,So Hooked On Your Lovin - Gorgon City Remix,Selace,https://open.spotify.com/track/14xLP7Bj28rxOi2dueNyup,0.731,0.704,7,-8.024,1,0.0361,0.0281,0.633,0.142,0.403,124.017
98,Girl - 6am Remix,KC Lights,https://open.spotify.com/track/57YZBZAJK2loYj8qgxiv2t,0.582,0.734,8,-8.565,1,0.0389,0.004,2.06e-05,0.311,0.122,119.989
99,i miss u (with Au/Ra),Jax Jones,https://open.spotify.com/track/7CH8J4ulT49UfZwSDSkSZA,0.668,0.726,9,-7.512,1,0.0468,0.0387,0.0,0.134,0.453,124.075
