,name,artist,url,danceability,energy,key,loudness,mode,speechiness,acousticness,instrumentalness,liveness,valence,tempo
0,Raver,Trilion,https://open.spotify.com/track/2Tudvx6j9ajvdevBOTP8jA,0.757,0.919,1,-9.133,1,0.0711,0.0219,0.00663,0.299,0.794,127.967
1,Renegade - Acid Workout,A.D.O.R.,https://open.spotify.com/track/6OrxB3aWu5uA14b0lCa5Lq,0.743,0.927,4,-6.474,0,0.0606,0.00632,0.0817,0.0512,0.54,129.998
2,Here I Am Baby - Original Mix,Gene Farris,https://open.spotify.com/track/5FHzKbbkJge7rVRKUcJP49,0.657,0.819,6,-10.035,0,0.0983,0.00317,0.916,0.103,0.448,124.036
3,Indigo,Detlef,https://open.spotify.com/track/6oC0vhbMuHIbU65B5sBWvG,0.773,0.863,4,-7.434,1,0.0653,0.00805,0.747,0.0702,0.779,131.014
4,Be Real,Kolter,https://open.spotify.com/track/0SDs5XBjTMNAbFz5VAUcaJ,0.913,0.905,8,-7.608,1,0.138,0.000361,0.666,0.517,0.743,124.992
5,Thrill Me - Original Version by Junior Jack,Junior Jack,https://open.spotify.com/track/23PTFxhy19oWVioUZg1Vfr,0.642,0.979,2,-9.048,0,0.0837,0.000971,0.9,0.341,0.133,124.974
6,Thrill Me: Such a Thrill - Junior Jack Radio Mix,Junior Jack,https://open.spotify.com/track/1uI7WO5BilFWuacBEusBYw,0.625,0.919,2,-8.33,1,0.0717,0.000208,0.927,0.225,0.546,125.047
7,Thrill Me: Such a Thrill - Junior Jack Club Mix,Junior Jack,https://open.spotify.com/track/4KDheYHCRnfG9FJI7KyRBc,0.628,0.933,2,-7.941,1,0.0684,0.000622,0.903,0.688,0.431,125.01
8,Observer Effect - DJ-Kicks,Disclosure,https://open.spotify.com/track/4JcDgDCp1QNkZRuAJ619Ua,0.796,0.735,8,-8.001,1,0.0735,4.63e-05,0.91,0.0944,0.323,128.999
9,Push To Start (feat. No/Me),Noizu,https://open.spotify.com/track/6t4VHEcJ7Kek9pgGHlDp6R,0.852,0.988,1,-6.007,0,0.0588,0.00951,0.302,0.0629,0.67,128.013
10,Heal Me - Biscits Remix,FARR,https://open.spotify.com/track/1ld3ibWlGwo4oBFPb6pmKk,0.809,0.807,4,-6.491,0,0.115,0.0462,0.155,0.676,0.635,126.031
11,My City's On Fire - Anyma & Cassian Remix,Jimi Jules,https://open.spotify.com/track/5ncvfF5zykGdBMsfOKGkhi,0.611,0.777,0,-6.599,1,0.043,0.00196,0.221,0.202,0.31,126.006
12,Freak Like Me - DJ Deeon vs. Lee Walker Remix,Lee Walker,https://open.spotify.com/track/3OYp8Wyte6nq2OpFwPxqhL,0.89,0.821,9,-8.802,1,0.181,0.00543,0.0504,0.0546,0.571,123.002
13,Dummy – Chris Lake Remix,Portugal. The Man,https://open.spotify.com/track/0SmyaVrzL7j3R9k3pkJgUh,0.789,0.867,6,-6.925,1,0.0539,0.000608,0.691,0.0733,0.699,127.016
14,Beggin',Chris Lake,https://open.spotify.com/track/74nEGIzIefJhJ5qX7NeIAz,0.817,0.67,8,-6.315,0,0.0545,0.156,0.168,0.111,0.712,125.972
15,Bless the Rain,Piero Pirupa,https://open.spotify.com/track/65hYIBtWaUNEX0nGlbHPnS,0.688,0.75,9,-8.16,1,0.0339,0.00323,0.915,0.0573,0.0881,124.001
16,No War - Rampa Remix,Âme,https://open.spotify.com/track/7DkabQv05RGD0Pj9zFhKKG,0.675,0.681,1,-9.683,0,0.0377,0.000119,0.822,0.116,0.234,122.998
17,The Rapture Pt.II,&ME,https://open.spotify.com/track/126B1mu0tb4gEqyjufUjms,0.802,0.886,10,-7.676,0,0.0393,3e-05,0.902,0.0986,0.0774,120.018
18,Moment - Adam Port Remix,Damian Lazarus,https://open.spotify.com/track/6rUlLI4OCuU9ChysoftEnu,0.75,0.626,7,-8.962,1,0.0392,0.000483,0.31,0.0726,0.323,121.004
19,Deep in the Bottom - of Africa,Monique Bingham,https://open.spotify.com/track/4okxc2Ues75eVebvEzs1ff,0.811,0.684,1,-9.435,1,0.0567,0.0109,0.491,0.0705,0.536,128.019
20,Call on Me,Eric Prydz,https://open.spotify.com/track/1As4KC3YYpu89aBt7EqL2m,0.643,0.793,8,-8.944,0,0.326,0.00212,0.103,0.458,0.198,126.32
21,Call on Me - JJ Stockholm Club Remix,Eric Prydz,https://open.spotify.com/track/2p2BbhXXh14DZorDXchVCA,0.739,0.614,10,-9.649,1,0.0418,0.000562,0.526,0.0293,0.68,128.028
22,Holding You,Daniel Bortz,https://open.spotify.com/track/3EDM7KO0QY9np171q2RhHx,0.766,0.669,4,-10.643,0,0.0634,0.00545,0.724,0.11,0.11,125.019
23,Do You Remember,Dombresky,https://open.spotify.com/track/46aUBZyubRr3wvwDIwaQs8,0.619,0.961,1,-4.828,0,0.0369,0.0315,0.814,0.285,0.914,123.993
24,I Shall Not Be Moved - DJ Meme Classic Vocal Mix,Underground Ministries,https://open.spotify.com/track/4mWMbsZiMyKD7tYkM9eD37,0.678,0.918,8,-7.563,1,0.0659,0.0105,0.0515,0.291,0.767,126.0
25,Geekin - Extended,Dateless,https://open.spotify.com/track/321j09kQSFpbzuzTTdmqZh,0.813,0.688,2,-10.086,1,0.0737,0.000625,0.725,0.0835,0.798,128.006
26,It's Not Right,Gianni Romano,https://open.spotify.com/track/5EqWSdAZcpjZ29uKViQIGU,0.778,0.722,1,-9.305,1,0.0465,0.00533,0.59,0.0803,0.229,123.001
27,Let's Go People - Extended Mix,Vinny Terranova,https://open.spotify.com/track/4QU96EW54iB78JZNtHYsD4,0.818,0.951,9,-4.435,0,0.153,0.00165,0.708,0.582,0.931,126.024
28,Tired Of Loving (Extended),Jay de Lys,https://open.spotify.com/track/0XlZEgcN5T9D8Kgkwem378,0.805,0.963,9,-7.873,1,0.0567,0.000691,0.912,0.0728,0.963,128.003
29,Pump Up The Jam - Club Mix,Eitan Reiter,https://open.spotify.com/track/5SDpL26KKZ0ZxSsQkku8kd,0.69,0.918,10,-8.013,0,0.0763,0.00397,0.663,0.0327,0.911,124.571
30,Wan Sugar Lady,Kidoo,https://open.spotify.com/track/5zDu2WY1XEZZph1XP5HBT4,0.813,0.81,1,-8.958,1,0.0725,7.68e-05,0.807,0.0706,0.438,124.998
31,Love Shy - Subjoi's Tuff Jam Rework,Subjoi,https://open.spotify.com/track/13T8SvWHczyBPzOemKtEe7,0.823,0.731,5,-8.544,0,0.269,0.537,0.00308,0.154,0.533,121.028
32,Nothing More to Say - Dub,SOPHIE,https://open.spotify.com/track/7rGmOXB4xH2A5jEK0gKD3N,0.82,0.493,1,-8.087,1,0.0458,0.000612,0.873,0.0912,0.435,127.029
33,Baby again..,Fred again..,https://open.spotify.com/track/6dVgCHMZrWG0tQ4HPeu4aw,0.847,0.724,2,-7.668,1,0.047,0.00355,0.00339,0.0731,0.326,126.983
34,Rumble,Skrillex,https://open.spotify.com/track/6bpYN8b09eozPWjBpvvPCd,0.81,0.836,1,-7.721,0,0.0645,0.0515,0.229,0.0598,0.0585,139.979
35,Bells Of N.Y. - Xen Mantra's Beefy Bells Mix,Slo Moshun,https://open.spotify.com/track/4VMKWCiARcxpcM7ixCICPC,0.605,0.668,6,-10.675,0,0.103,0.00219,0.648,0.0987,0.485,127.853
36,My My My - Stonebridge Remix Radio Edit,Armand Van Helden,https://open.spotify.com/track/2QQUqwvUVFdMhsQo2v5wyt,0.616,0.902,4,-5.996,0,0.0364,6.66e-05,0.564,0.252,0.815,127.488
37,Attention !,Deeper Purpose,https://open.spotify.com/track/5R4B4dtcArCXGAz3Ru7sY6,0.802,0.947,1,-10.772,0,0.0526,0.000895,0.729,0.0587,0.62,127.013
38,Be The One,Eli Brown,https://open.spotify.com/track/1cQld05IcUDw3RCFt7uymW,0.659,0.93,0,-5.084,1,0.043,0.00634,0.177,0.104,0.546,135.977
39,All Over My Body,Ben Sterling,https://open.spotify.com/track/7kiZHLV2belvM6uPhf6zn0,0.81,0.694,9,-11.873,1,0.0613,0.000306,0.875,0.112,0.259,126.018
40,Bring It On Down,Ramon Tapia,https://open.spotify.com/track/42BajmF7S541Gl8eUELqKl,0.783,0.988,6,-3.556,0,0.0718,0.000581,0.793,0.1,0.277,133.988
41,Impossible - &ME Remix,Röyksopp,https://open.spotify.com/track/09AT2nLfUrq96f4rTx8BQr,0.729,0.844,1,-9.153,1,0.043,0.115,0.936,0.0914,0.0688,121.023
42,Your Mind Is Dirty,Mau P,https://open.spotify.com/track/0Ykdq9BLJqxLmEGobCkaix,0.652,0.976,6,-5.009,0,0.0604,0.453,0.888,0.403,0.554,128.012
43,Gimme That Bounce,Mau P,https://open.spotify.com/track/7jURkEKDVEm9sHueqUX0ko,0.801,0.96,8,-5.534,1,0.264,0.0284,0.877,0.0985,0.101,126.045
44,Miracle (with Ellie Goulding),Calvin Harris,https://open.spotify.com/track/5eTaQYBE1yrActixMAeLcZ,0.636,0.869,9,-5.289,1,0.0412,0.0378,0.0446,0.0808,0.306,143.011
45,This Is What You Came For,Calvin Harris,https://open.spotify.com/track/0azC730Exh71aQlOt9Zj3y,0.631,0.927,9,-2.787,0,0.0332,0.199,0.119,0.148,0.465,123.962
46,All Night Long,Chris Stussy,https://open.spotify.com/track/7b4twDZXjQf8gyQGSvySZd,0.791,0.704,5,-9.879,0,0.0461,0.00877,0.301,0.0988,0.773,133.006
47,Closer (The Martinez Brothers & Jesse Calosso Remix),Jaden Thompson,https://open.spotify.com/track/4hwLPsjnaqTvLAz7cEbFhA,0.743,0.767,6,-7.665,1,0.0546,0.00085,0.812,0.173,0.649,127.987
48,Hey Hey - Riva Starr Paradise Garage Remix,Dennis Ferrer,https://open.spotify.com/track/2ZCwdyxyiIDrrhawe3GIZl,0.667,0.944,11,-5.377,0,0.0432,0.000755,0.552,0.103,0.845,126.025
49,SOS (feat. Polina) - Skylark Remix - Nic Fanciulli Edit,A'Studio,https://open.spotify.com/track/2kX1q43CjN75TjgB5uKHkk,0.772,0.891,10,-6.872,0,0.0454,0.000576,0.846,0.118,0.773,124.992
50,Finally (feat. Julie McKnight) - Extended Mix,Kings Of Tomorrow,https://open.spotify.com/track/3tHxSHgsAHP2I7wz2I9ojA,0.895,0.539,7,-8.702,1,0.0555,0.00468,0.000338,0.111,0.751,125.016
51,Muleña,Hammer,https://open.spotify.com/track/0CX38p74AdaKxQ9IDM7qQe,0.79,0.57,7,-11.75,1,0.0518,0.00683,0.626,0.044,0.378,127.006
52,Make Luv,Room 5,https://open.spotify.com/track/6xXEw4y39shgIp6pacKQFH,0.883,0.887,1,-4.92,1,0.116,0.0111,0.63,0.0367,0.648,124.814
53,Bad Behaviour,Dennis Cruz,https://open.spotify.com/track/3VLBjYS5Dhbw2vUd4ku4PU,0.867,0.539,9,-9.279,1,0.0835,0.000128,0.0962,0.0955,0.62,123.004
54,I'm Not Alone - 2019 Edit,Calvin Harris,https://open.spotify.com/track/5v98VA4TXznJNrw0XRphIb,0.6,0.982,11,-3.921,1,0.0337,0.00349,0.48,0.124,0.212,127.994
55,Voicemail,Green Velvet,https://open.spotify.com/track/6Ejp79MYjNaHVSysfOrWhN,0.899,0.852,11,-7.647,1,0.0961,0.0159,0.0501,0.12,0.88,123.999
56,My Own Way - Extended,A-Trak,https://open.spotify.com/track/5x0e4uMMRFnRMxcsEYaSgC,0.849,0.704,2,-6.866,1,0.0603,0.00929,0.145,0.0597,0.369,124.997
57,In Your Eyes,AWEN,https://open.spotify.com/track/6rxK23o0MDMYUXo4jZ8W9S,0.799,0.53,11,-9.388,1,0.0879,0.000123,0.879,0.0632,0.679,121.997
58,Because You Move Me,Tinlicker,https://open.spotify.com/track/05GvwwTLLID738BbKN1ze0,0.789,0.435,2,-9.506,0,0.149,0.691,0.0418,0.107,0.166,122.995
59,what we had was real,Rommii,https://open.spotify.com/track/7lPVC3ppoIixU2PH2KcvTK,0.755,0.764,10,-7.423,0,0.0967,0.132,0.0102,0.154,0.363,127.041
60,Ruh - Taiki Nulight Afterhours Mix,Taiki Nulight,https://open.spotify.com/track/4okkgNWjn8cX3ZzDDsmvjE,0.791,0.818,9,-7.726,1,0.0815,0.00277,0.907,0.0877,0.45,125.019
61,Do What You Wanna Do (Live It Cool),Franky Rizardo,https://open.spotify.com/track/25xngz98icEi4W3O6682KD,0.73,0.943,10,-6.57,0,0.095,0.0513,0.679,0.128,0.742,130.025
62,Out The Fire (At The Hotel) - Original Mix,Franky Rizardo,https://open.spotify.com/track/5msQVXZyyV9CIZYaTjk7KG,0.87,0.823,11,-7.358,0,0.114,0.0218,0.0056,0.156,0.635,128.011
63,Eat Your Man (with Nelly Furtado),Dom Dolla,https://open.spotify.com/track/6Ea2oEzysv4UECGNxL1IEW,0.738,0.883,8,-7.989,1,0.0818,0.053,0.193,0.102,0.651,125.04
64,In My Heart,Moby,https://open.spotify.com/track/1ri0jogXgL9CSgFGucTNvR,0.564,0.789,4,-10.064,1,0.0308,0.00101,0.0457,0.21,0.177,114.021
65,I Should Go (feat. Kenny Beats) - Nic Fanciulli Remix,James Vincent McMorrow,https://open.spotify.com/track/2bYfke1FMBPjcrozjz4wBq,0.893,0.751,9,-5.906,0,0.0371,0.00507,0.534,0.085,0.975,128.003
66,I Want You - Extended Mix,Butch,https://open.spotify.com/track/0JfPrwsBWNIJDoBwYshnId,0.778,0.795,1,-6.744,0,0.0632,0.0029,0.326,0.136,0.774,125.017
67,Dynamite - GUZ Remix,ATFC,https://open.spotify.com/track/5v0VQjGyEyw4LAKI8GHydb,0.793,0.995,5,-3.349,0,0.134,0.00583,0.734,0.2,0.313,124.049
68,Suki,Black Loops,https://open.spotify.com/track/0w3cj3N9VdyVdTtdTHdSTm,0.849,0.463,1,-10.182,1,0.0618,0.0212,0.142,0.106,0.483,120.993
69,Take It Off,FISHER,https://open.spotify.com/track/0OUGLr0XvMg1uynU1tn6pq,0.883,0.706,1,-6.609,1,0.201,0.000509,0.265,0.363,0.595,127.015
70,The Rapture Pt.III,&ME,https://open.spotify.com/track/200DiJQhDi69nkGXOrrJgn,0.72,0.534,4,-11.949,0,0.0375,0.0223,0.86,0.11,0.0393,120.009
71,Fab Freddy Said - Peter Horrevorts Remix,Jay C,https://open.spotify.com/track/2Oode73DVs85oztEO59ETI,0.81,0.561,10,-8.669,0,0.169,0.00805,0.649,0.536,0.454,119.018
72,PUSH THE FEELING ON,Sia Beigi,https://open.spotify.com/track/1yfEZNfUuAlx9vJorpEhAf,0.674,0.859,11,-10.162,0,0.0393,0.17,0.91,0.109,0.785,119.997
73,Gipsy - Edit,Plaster Hands,https://open.spotify.com/track/5htN2F6EMOYuV0BIbRVlva,0.73,0.941,11,-5.802,0,0.0436,0.00287,0.955,0.0626,0.134,123.996
74,Cage - Ad Brown Dub Mix,Ad Brown,https://open.spotify.com/track/2VYnT9uTZimaCXwswI8y3v,0.761,0.935,0,-9.351,1,0.0642,0.0202,0.825,0.166,0.738,128.005
75,Star - Dub,Nic Fanciulli,https://open.spotify.com/track/2Npw82li2CQdlMyTt5SNWd,0.808,0.948,1,-6.465,1,0.0538,0.0126,0.937,0.149,0.437,124.991
76,Wear It Out,Stargard,https://open.spotify.com/track/0OmXNiWR8VZCsx2GfwpvCO,0.755,0.709,6,-12.393,0,0.0336,0.0209,0.105,0.0339,0.969,124.062
77,In The Yuma (feat. Aatig) [Four Tet Remix],Chris Lake,https://open.spotify.com/track/4jzi9TxkTRR95CVnLQYQx6,0.817,0.784,6,-5.011,1,0.102,0.00391,0.922,0.0885,0.359,127.052
78,Ain't No Other Man - Rework,Murphy's Law (UK),https://open.spotify.com/track/2arAYoniFUo3ojtcDEIhdl,0.891,0.741,6,-6.458,1,0.0645,0.00111,0.0127,0.0723,0.454,127.979
79,Waiting (feat. Special Request) - Paul Woolford x Special Request Rework,The Maghreban,https://open.spotify.com/track/76HQQfTyjUEkNmKmGi18oX,0.764,0.895,11,-8.497,1,0.0468,0.000434,0.516,0.0684,0.381,123.973
80,Ad Astra,Ben Rau,https://open.spotify.com/track/71nb8u0DJdkJD6NHyokAnJ,0.805,0.772,11,-7.834,0,0.0921,0.00143,0.873,0.116,0.453,126.015
81,To Be Real,Wuki,https://open.spotify.com/track/7GpiRvevDAkR3lDH5AxNwT,0.685,0.95,2,-4.547,1,0.0722,0.0013,0.598,0.037,0.683,129.99
82,Does It Matter - Ajna (BE) Remix,Samm (BE),https://open.spotify.com/track/6yD4nL8def39R3QplxYGo5,0.718,0.885,8,-8.637,1,0.0426,0.0185,0.824,0.106,0.411,120.003
83,(It Goes Like) Nanana - Edit,Peggy Gou,https://open.spotify.com/track/23RoR84KodL5HWvUTneQ1w,0.671,0.876,7,-5.681,0,0.0352,0.12,0.188,0.0823,0.964,129.998
84,Miracles,Joshwa,https://open.spotify.com/track/390gklCmVREtgzEVf3L3CU,0.793,0.931,2,-8.169,0,0.0612,0.00139,0.607,0.135,0.374,128.002
85,My Humps - Detlef Remix,Joshwa,https://open.spotify.com/track/52PZzCdRJSuV6UZjpKhQvQ,0.795,0.744,4,-6.529,1,0.0988,0.00413,0.633,0.0806,0.423,128.997
86,Lovelee Dae - Bicep Remix,Blaze,https://open.spotify.com/track/1xy8LCvNIee47jb0we0Z61,0.703,0.945,2,-6.535,0,0.0564,0.000883,0.754,0.188,0.427,124.001
87,Bless Me (with Discrete),Dombresky,https://open.spotify.com/track/4fntxnmBljT1Ve03u0njYg,0.693,0.878,6,-6.264,1,0.0386,0.0122,0.462,0.119,0.384,129.998
88,Sunsleeper,Barry Can't Swim,https://open.spotify.com/track/7yWd93ZTbCuhaH2QCsTHKc,0.635,0.877,2,-6.932,0,0.0379,0.00943,0.929,0.102,0.655,124.014
89,Never Enough - Dylan C. Greene Remix,Disclosure,https://open.spotify.com/track/39dXUV9SNass0Rpmz1HQwI,0.833,0.955,3,-6.685,0,0.0963,0.189,0.652,0.0893,0.593,128.018
90,You Know What I Got - Edit,Maceo Plex,https://open.spotify.com/track/0wIvuXIoTyPvByoztyGFaW,0.717,0.842,2,-6.348,1,0.0403,0.103,0.445,0.0972,0.678,129.232
91,Just To Hear You Say - Joseph Ray Remix,Tinlicker,https://open.spotify.com/track/09wkyp6dMAo5JakEj49R0M,0.692,0.785,8,-7.867,0,0.0549,0.00114,0.231,0.14,0.292,124.016
92,Flight's Booked,Drake,https://open.spotify.com/track/6Yj7Zhxt73uvwFFvzQXdxO,0.593,0.41,3,-13.097,0,0.0531,0.886,0.0993,0.115,0.201,122.584
93,Le Freak - Dimitri from Paris Remix; 2018 Remaster,CHIC,https://open.spotify.com/track/2wHQkY1BWrBxFeBSUgHK7X,0.886,0.83,7,-7.575,1,0.117,0.0656,1e-05,0.198,0.707,123.019
94,Fool For Love - Chris Lake Edit,Harry Romero,https://open.spotify.com/track/0oNyJ1uKqzEJuse2I1eaSu,0.653,0.943,8,-4.578,1,0.0494,0.00098,0.0849,0.317,0.605,126.986
95,Express Yourself - Mochakk Remix,Diplo,https://open.spotify.com/track/2WNj9pcYFpYuG4jxQ5vrwT,0.902,0.541,1,-7.522,1,0.119,0.00233,0.945,0.0642,0.683,128.026
96,Live Stream - Noizu Extended Mix,Mark Knight,https://open.spotify.com/track/7bMc0dUNNOQunWgZgdITNR,0.75,0.891,7,-5.382,1,0.124,0.000898,0.176,0.0232,0.314,127.012
97,Baby Don't Hurt Me (feat. Anne-Marie & Coi Leray) - Sofi Tukker Remix,David Guetta,https://open.spotify.com/track/5js0S06HeHofz7ZtlXV7In,0.747,0.712,9,-7.044,0,0.045,0.0753,0.799,0.145,0.38,127.993
98,Love Story (vs Finally) - Paul Woolford 2023 Remix,Layo & Bushwacka!,https://open.spotify.com/track/6XKNucvmF71E07feYtVLji,0.608,0.905,9,-5.147,0,0.0491,0.0164,0.0041,0.281,0.328,132.274
99,Meteorite,Emmit Fenn,https://open.spotify.com/track/0mdfnlU1bW5bRfjIJQiM4K,0.535,0.743,8,-7.278,1,0.0783,0.0481,0.00122,0.0773,0.0929,127.833
