,name,artist,url,danceability,energy,key,loudness,mode,speechiness,acousticness,instrumentalness,liveness,valence,tempo
0,Does It Make You Feel Good?,Confidence Man,https://open.spotify.com/track/4IPl353WeoDBDI4lDL5JKs,0.758,0.653,11,-7.591,0,0.036,0.000893,0.000238,0.131,0.848,124.984
1,The Hypnotic,IAMNOBODI,https://open.spotify.com/track/4DaBrPk4guPoQ2N8E6sxGm,0.949,0.549,9,-9.048,0,0.387,0.353,0.904,0.0925,0.786,118.016
2,Confusion,&ME,https://open.spotify.com/track/1aBvWiDl37PlNsNAr2pWpc,0.756,0.527,8,-11.861,1,0.0428,0.00201,0.509,0.112,0.248,119.996
3,Shined On Me - Les Bisous Remix,Praise Cats,https://open.spotify.com/track/6Va4KIGIT1BPaLv2Kb2kmH,0.809,0.714,8,-5.823,0,0.0364,0.0979,0.00311,0.311,0.752,124.989
4,Walls To Build - Mall Grab Remix,Kllo,https://open.spotify.com/track/5gzYmAhQ8XplVsMSThvCYn,0.83,0.403,10,-11.361,0,0.0451,0.136,0.816,0.109,0.4,124.001
5,Ya Just Need 2 Believe in Yaself,Folamour,https://open.spotify.com/track/5PvpHmQ596TTqm5Lysejjh,0.873,0.604,8,-10.672,1,0.0756,0.216,0.578,0.109,0.335,125.001
6,Another Chance,Roger Sanchez,https://open.spotify.com/track/2IMCERJRDnG0z7nvBXuBEp,0.616,0.757,3,-8.509,1,0.0327,0.000403,0.0809,0.27,0.398,128.033
7,Because You Move Me,Tinlicker,https://open.spotify.com/track/6ngjb2Je6gEjjVOOQpWSWG,0.789,0.435,2,-9.506,0,0.149,0.691,0.0395,0.107,0.166,122.997
8,In My Heart,Moby,https://open.spotify.com/track/0mDyxxsVAlm6uzrfGLfdMV,0.564,0.789,4,-10.064,1,0.0308,0.00101,0.0456,0.21,0.177,114.016
9,Sveva,Malandra Jr.,https://open.spotify.com/track/4P3f1NsDOD7lBAlIBmUZwQ,0.872,0.459,4,-11.909,1,0.0513,0.00134,0.724,0.0918,0.521,122.001
10,On Off,Cirez D,https://open.spotify.com/track/4scUsV40AYlpiXCb4s7UnN,0.797,0.713,4,-10.521,1,0.0533,0.00025,0.877,0.109,0.139,127.981
11,Phreaky MF - Mike Dunn's Phreak MixX,Mike Dunn,https://open.spotify.com/track/0vnuQ0PHWgxgrjqvIEQkqF,0.927,0.809,10,-6.266,0,0.0802,0.000378,0.0158,0.068,0.501,117.531
12,Be The One (feat. Yung Bae),Disco Dom,https://open.spotify.com/track/4mpyalWKRgGgghWqr0DGRr,0.766,0.815,4,-5.767,0,0.0408,0.0083,0.121,0.0381,0.924,123.99
13,Control,Disco Dom,https://open.spotify.com/track/20bxwqf1CQbZxKmq50q8gn,0.693,0.945,0,-6.052,1,0.0402,0.00669,0.789,0.197,0.961,127.971
14,IBIZA,Ben Hemsley,https://open.spotify.com/track/3BECggHZ9eJzo3DMSYk2Nd,0.709,0.947,9,-4.922,0,0.0361,0.0326,0.133,0.329,0.519,137.021
15,Pass The Blunt,Rossi.,https://open.spotify.com/track/3zrcLgQEXyoMinjvpGz2Ni,0.805,0.955,9,-9.523,1,0.0583,0.0161,0.858,0.0292,0.776,129.013
16,Mode,Rossi.,https://open.spotify.com/track/3Wyu59X1xqeiwdtgQ22Zl4,0.799,0.853,1,-7.508,1,0.063,0.000276,0.915,0.228,0.534,130.01
17,I Wanna Dance,Rossi.,https://open.spotify.com/track/4LChIXM2x3TPkg6ROtXFqc,0.801,0.912,8,-8.407,0,0.0462,0.00596,0.919,0.0585,0.913,130.017
18,Impressed,Max Dean,https://open.spotify.com/track/1zvhCwOIUz76SdL1uep1XA,0.778,0.764,11,-8.296,0,0.0584,0.000415,0.597,0.117,0.396,129.994
19,Back To You,Murphy's Law (UK),https://open.spotify.com/track/2LJWci4nncdIgKpb99qiV7,0.82,0.821,2,-7.203,1,0.0643,0.00246,0.612,0.109,0.756,127.007
20,El Perdón,Aitor Astiz,https://open.spotify.com/track/3gbZFweud4spUAyS5OTcho,0.782,0.95,11,-7.932,0,0.0592,0.00943,0.823,0.0768,0.736,128.018
21,Tsunami,DVBBS,https://open.spotify.com/track/6Fov34aYnGxPfcAOYEnv8j,0.699,0.839,4,-5.353,0,0.0481,0.0483,0.655,0.0897,0.264,128.026
22,Like A G6,Far East Movement,https://open.spotify.com/track/2s5YN9O8Qv25BjQobPHWVZ,0.431,0.862,7,-7.005,0,0.428,0.00618,0.0,0.322,0.696,124.93
23,Cry (Just A Little) (Olav Basoski Remix Edit),Bingo Players,https://open.spotify.com/track/4GQnTlJWXtO43dlkIx2WqN,0.662,0.719,11,-4.653,0,0.0436,0.00059,0.769,0.0817,0.146,126.998
24,Call On Me - Eric Prydz vs. Retarded Funk Mix,Eric Prydz,https://open.spotify.com/track/60zobkEUOnizJ1zwZzBF8P,0.646,0.808,3,-8.35,0,0.3,0.00208,0.084,0.722,0.192,126.286
25,Fake ID,Riton,https://open.spotify.com/track/5mr06ofu0NYuw3XpiokMct,0.746,0.862,8,-6.11,1,0.0776,0.21,0.0363,0.225,0.604,122.011
26,Star Allies (ABGT327),Spencer Brown,https://open.spotify.com/track/6JABFiHTaLNBNRRWn2GEEK,0.739,0.951,1,-8.391,1,0.0534,0.000106,0.599,0.0562,0.0529,125.997
27,Feel My Needs,WEISS,https://open.spotify.com/track/7nionv2ijjqUlg9m5iWPTc,0.789,0.692,3,-5.966,0,0.0475,0.001,0.861,0.0505,0.774,121.998
28,Take It - Sonny Fodera Remix,Dom Dolla,https://open.spotify.com/track/03GvYCnab8LBPmP9GaFT2v,0.911,0.971,5,-5.978,1,0.0694,0.0234,0.0701,0.164,0.686,123.003
29,MADDEN,JOYRYDE,https://open.spotify.com/track/23ro6yWOHfHq698h293P1J,0.743,0.943,2,-1.966,1,0.296,0.0254,0.0703,0.402,0.177,127.978
30,Cola - Club Mix,CamelPhat,https://open.spotify.com/track/0ReCEc0B5vFdvMMpc18xYf,0.733,0.688,6,-9.025,1,0.0518,0.00897,0.624,0.325,0.342,121.998
31,Lose My Mind,Chris Lake,https://open.spotify.com/track/3y8YnAt72vXi4qKaUygr7O,0.711,0.983,1,-8.243,0,0.106,0.142,0.673,0.34,0.108,125.016
32,California,SNBRN,https://open.spotify.com/track/7jHtbhBaRMdIK01IL1dGac,0.726,0.759,6,-4.847,1,0.0673,0.0303,0.0665,0.411,0.278,120.126
33,Freaks,FISHER,https://open.spotify.com/track/6IeoH7ScG8Hc9YaVjhIto1,0.806,0.868,1,-4.344,1,0.0548,0.00222,0.79,0.122,0.787,124.006
34,No Place,RÜFÜS DU SOL,https://open.spotify.com/track/70AXlGFwEVWdHBVothRVLf,0.612,0.876,4,-6.247,0,0.0315,0.0167,0.175,0.189,0.187,120.022
35,One Fine Day (feat. Tiggs Da Author),Idris Elba,https://open.spotify.com/track/6vrNVegNRUvBEc5ohUXvay,0.697,0.915,7,-5.266,1,0.14,0.0193,9.3e-06,0.151,0.665,126.948
36,World To Me (feat. Luke James),Tchami,https://open.spotify.com/track/4GpMZXQLu9JsA9aNkupp2u,0.719,0.721,11,-4.8,1,0.049,0.00277,0.00726,0.0963,0.63,122.006
37,Heal Me - Born Dirty Remix,FARR,https://open.spotify.com/track/1fFv4iabRfwMeWBtQuzi9k,0.759,0.806,2,-6.113,1,0.0484,0.00776,0.0291,0.34,0.208,126.005
38,House Every Weekend - Radio Edit,David Zowie,https://open.spotify.com/track/7u9zFAWUAZy2vdVwAIAv5s,0.791,0.574,0,-7.061,0,0.0673,0.324,0.0,0.102,0.406,122.053
39,Every Color (with Foster The People),Louis The Child,https://open.spotify.com/track/389q6DaKv3sMEHxnaEFYdB,0.768,0.751,5,-4.865,1,0.0635,0.0177,0.00299,0.343,0.326,124.976
40,Missing You (feat. AC Slater & Kaleem Taylor),Tchami,https://open.spotify.com/track/14xFPrrUVs2ijhfGfydH0g,0.764,0.894,8,-3.996,1,0.0564,0.00273,0.00899,0.0525,0.679,126.996
41,House Arrest,Sofi Tukker,https://open.spotify.com/track/2uO8edZ5OjDV5EiY9AdWqY,0.658,0.829,0,-6.19,0,0.033,0.0205,0.078,0.0759,0.496,123.986
42,Step It Up (feat. Sharlene Hector),Armand Van Helden,https://open.spotify.com/track/7jorOCfCLGKRdp2F1zKLP4,0.758,0.935,1,-2.834,0,0.0654,0.0516,7.28e-05,0.823,0.691,122.983
43,You Know - Original Mix,Zeds Dead,https://open.spotify.com/track/1q5PQgh4NlyMeyaDQGH27E,0.733,0.774,4,-6.716,0,0.0472,0.0131,0.162,0.0987,0.622,124.002
44,Need U (100%) - Skreamix,A*M*E,https://open.spotify.com/track/4LfKKYspViOQkzMOhIhvE1,0.688,0.613,10,-7.471,0,0.0556,0.0032,0.498,0.0234,0.363,123.986
45,Satisfaction - Uk Radio Edit,Benny Benassi,https://open.spotify.com/track/2mRNUz2RbAFf0AkPeQWelt,0.818,0.732,9,-4.253,1,0.209,0.0997,0.0389,0.074,0.37,130.063
46,i miss u,Jax Jones,https://open.spotify.com/track/5XeXBExJWr7KDY63AnB1fO,0.668,0.726,9,-7.512,1,0.0468,0.0387,0.0,0.134,0.453,124.075
47,Promises - Sonny Fodera Remix,Calvin Harris,https://open.spotify.com/track/2vX9CCDImtyL6c4163Cg9y,0.772,0.849,3,-7.301,0,0.0478,0.0197,0.0324,0.0817,0.581,122.996
48,Ready For Your Love,Gorgon City,https://open.spotify.com/track/34yIP8okXeNBQJzapNyzjf,0.664,0.768,5,-6.624,1,0.1,0.128,0.000705,0.344,0.448,121.914
49,Don't Give Up (On Love) - Radio Edit,Blinkie,https://open.spotify.com/track/6PbmSCgNCDAGJfYJucqUEh,0.555,0.91,11,-4.285,1,0.045,0.0424,0.223,0.142,0.466,122.993
50,Constellations - Radio Edit,CamelPhat,https://open.spotify.com/track/4ivK3DieygpRKu7ezYPSMQ,0.718,0.939,0,-7.399,1,0.0534,0.00573,0.914,0.225,0.564,121.969
51,The Rain Break - Original Mix,Claude VonStroke,https://open.spotify.com/track/5fJDKpfkzvMLqOONV7tHzc,0.808,0.958,9,-7.546,0,0.0513,0.00013,0.81,0.0507,0.47,120.017
52,Rasputin,Majestic,https://open.spotify.com/track/4FUo1cm687AOjc7tIANzH3,0.758,0.913,6,-2.926,0,0.113,0.00364,6.92e-05,0.193,0.658,128.04
53,Dopamine (feat. Eyelar),Purple Disco Machine,https://open.spotify.com/track/0KzCNeuMVGXbnMbjX6ilCU,0.689,0.797,11,-5.604,0,0.128,0.0537,0.0,0.212,0.855,117.982
54,In Da Getto,J Balvin,https://open.spotify.com/track/1LAHaQFaSeFiqBuNX1XuXu,0.924,0.723,8,-3.142,1,0.0466,0.0177,2.61e-05,0.113,0.643,126.998
55,NRG,Duck Sauce,https://open.spotify.com/track/1kU6CHxvOFoMLPzRwzVLUl,0.691,0.909,8,-4.407,1,0.395,0.0532,1.43e-05,0.38,0.751,127.848
56,Massive,Drake,https://open.spotify.com/track/0oiv4E896TUTTeQU0cmIui,0.499,0.671,4,-6.774,0,0.0561,0.114,0.0169,0.148,0.0557,124.994
57,La La La,CID,https://open.spotify.com/track/1EmhWg1fKL7uNZNPXKPvFI,0.815,0.878,11,-3.45,0,0.043,0.00414,0.639,0.0567,0.791,126.015
58,Better (feat. Teddy Swims),MK,https://open.spotify.com/track/0LpPQEqW0WNBNvQguXpkRR,0.624,0.966,6,-3.155,0,0.041,0.0729,4.84e-06,0.181,0.758,124.984
59,Where's Your Head At,Basement Jaxx,https://open.spotify.com/track/25ys1lEf3z6lvkDEE5mG0R,0.604,0.924,0,-4.848,1,0.0303,7.53e-05,0.119,0.332,0.411,127.862
60,Don't Call Me Baby - Tommie Sunshine & Disco Fries Remix,Madison Avenue,https://open.spotify.com/track/73FAdbZmCN8nutOncozjDF,0.895,0.705,5,-5.364,1,0.0846,0.00105,0.204,0.373,0.344,128.018
61,Delilah (pull me out of this),Fred again..,https://open.spotify.com/track/0Ftrkz2waaHcjKb4qYvLmz,0.685,0.827,10,-7.745,1,0.224,0.138,0.00207,0.374,0.586,133.93
62,Steal My Attention,TOKiMONSTA,https://open.spotify.com/track/4CzXwuzqEdmZp0N9RmZvqE,0.588,0.702,7,-9.029,1,0.258,0.0696,0.0447,0.114,0.329,104.95
63,Dancing in the Night - Lucky Shot Mix,CIOZ,https://open.spotify.com/track/35DBcYxRBv9HE3vgZvHnvF,0.814,0.638,10,-9.793,1,0.0723,0.0218,0.7,0.515,0.734,122.001
64,MAKE MY DAY,TREASURE SERIES,https://open.spotify.com/track/6elkotHAyAcBO93QXYPx2J,0.788,0.961,6,-12.056,0,0.0956,0.0583,0.87,0.0893,0.774,133.012
65,DANCING ELEPHANTS,Rochelle Jordan,https://open.spotify.com/track/7iMvfX5hAfh2ZeYshXyzaJ,0.753,0.618,2,-8.024,1,0.054,0.0513,0.165,0.0983,0.177,120.008
66,Don't Call Me Baby,Madison Avenue,https://open.spotify.com/track/4127THJlKpoX03FWpVeYT8,0.777,0.938,10,-5.675,0,0.0484,0.0131,0.00292,0.278,0.955,124.495
67,You're in My System - Dennis Quin Club Mix,Kerri Chandler,https://open.spotify.com/track/2H9gxsO0ezkDjK9j61GRIV,0.845,0.881,8,-4.661,0,0.0426,0.00135,0.853,0.116,0.592,122.99
68,Crave You,Flight Facilities,https://open.spotify.com/track/1Piw4itpOFGAK8XnDw4qJ9,0.922,0.487,1,-9.063,0,0.0882,0.136,0.0,0.0753,0.33,120.013
69,Peach,salute,https://open.spotify.com/track/5cGZN0P1QnSfhCFBCHtp2N,0.866,0.668,1,-7.472,1,0.0969,0.0115,0.889,0.238,0.657,135.009
70,Mokba,Cirez D,https://open.spotify.com/track/1mHLGNaucq2xdMORTx0vHV,0.733,0.951,8,-8.644,1,0.0711,0.000491,0.827,0.0563,0.929,126.016
71,On Off,Cirez D,https://open.spotify.com/track/3SWIXEt5oaKGlvRXAzqnd1,0.743,0.924,9,-8.845,1,0.0387,5.48e-05,0.822,0.159,0.151,125.999
72,Dope Dance,Tripolism,https://open.spotify.com/track/3wLOypLdLw1SGdbEUmivEj,0.915,0.708,9,-7.518,1,0.141,0.0504,0.351,0.103,0.383,119.955
73,The Dream (feat. Martina Camargo) - Extended Mix,Adam Port,https://open.spotify.com/track/13NYGRCa5AIWUnRbwvnYtk,0.576,0.763,11,-7.855,0,0.0941,0.0271,0.296,0.0724,0.565,119.024
74,I Wanna Be Your Lover - Extended Mix,Mark Knight,https://open.spotify.com/track/02l1AJY5e1uF3EZZYBGGrb,0.805,0.932,11,-3.667,1,0.0401,0.00924,0.378,0.0322,0.966,121.99
75,Who Dares To Believe In Me?,The Believers,https://open.spotify.com/track/7sMqv8Xd8sR582pTT9rLvq,0.569,0.876,2,-3.709,1,0.0923,0.00145,0.515,0.271,0.501,120.973
76,Lose My Mind - LF System Remix,Jamie Jones,https://open.spotify.com/track/6fjUv9Hv9r6I8fSJWcb7Nh,0.569,0.897,7,-4.495,0,0.0378,0.0207,0.0613,0.0592,0.659,127.965
77,Makeba,Jain,https://open.spotify.com/track/4TNFLwe6DhtR3Wn1JKMqMJ,0.825,0.663,2,-9.414,1,0.0687,0.423,0.415,0.286,0.417,116.051
78,Penguin Hit Squad - Claude VonStroke Remix,Mike Kerrigan,https://open.spotify.com/track/6OfgBGFF8L8SRfUjP1CIG7,0.812,0.564,10,-5.901,0,0.044,0.000943,0.879,0.0997,0.277,126.022
79,Peanut Butter Jelly,Galantis,https://open.spotify.com/track/2WlEuHXJjUJeMGUdK3f6Ny,0.708,0.945,5,-3.247,0,0.234,0.00104,0.0803,0.227,0.545,127.96
80,Call On Me - Radio Edit,Eric Prydz,https://open.spotify.com/track/65Wn0KpbPXTVLNQNEMtK1j,0.597,0.837,10,-6.518,1,0.375,0.00427,0.00114,0.839,0.447,126.342
81,Body - Dzeko Remix,Loud Luxury,https://open.spotify.com/track/3ATwxbyPDsZWvlBdnyKNPQ,0.654,0.947,5,-3.755,0,0.0553,0.00819,0.000164,0.126,0.653,125.978
82,Reconcile (feat. Liz),Gent & Jawns,https://open.spotify.com/track/6vTXljG7vkFi4uXPUsZbGB,0.478,0.73,1,-6.389,1,0.0397,0.00315,0.0352,0.111,0.303,153.993
83,"Thotiana (feat. Cardi B, YG) [Remix]",Blueface,https://open.spotify.com/track/1JkrD47SDpAbyvqKtolcea,0.911,0.721,10,-4.833,0,0.28,0.0364,0.0,0.111,0.69,104.11
84,Calabria - Firebeatz Remix,Rune RK,https://open.spotify.com/track/21UjDoYP6WJrhIeWjie8Iv,0.636,0.879,10,-2.862,1,0.0702,0.000732,0.446,0.324,0.395,128.004
85,Promesses - Radio Edit,Tchami,https://open.spotify.com/track/755g0lsZaUYVB5dMzpcc6t,0.707,0.779,0,-6.775,0,0.0544,0.00759,0.00473,0.101,0.513,124.09
86,This Is Real,Jax Jones,https://open.spotify.com/track/7dBvnkMTdoM8piBlPb3P8w,0.685,0.82,6,-5.072,1,0.0412,0.0251,0.0724,0.096,0.612,122.008
87,Burning,Gorgon City,https://open.spotify.com/track/5Dn5lTiGOQvjL5dPKslsEp,0.684,0.749,8,-6.527,0,0.048,0.176,0.000627,0.12,0.806,123.994
88,Raise Your Weapon - Wax Motif Remix,deadmau5,https://open.spotify.com/track/2EJWV1CrciJRqFfGHng8fg,0.677,0.773,8,-6.569,0,0.0412,0.00294,0.0588,0.0587,0.677,128.01
89,i miss u,Jax Jones,https://open.spotify.com/track/5VHyPFTr0FYcfn0f64CRT3,0.668,0.726,9,-7.512,1,0.0468,0.0387,0.0,0.134,0.453,124.075
90,Tondo,Disclosure,https://open.spotify.com/track/23PIMIlFx1FeiCmmIf1RgZ,0.675,0.92,0,-7.153,0,0.054,0.0123,0.114,0.329,0.841,132.0
91,Real Love,Clean Bandit,https://open.spotify.com/track/1tSOf7kzZ1rdYXEuk25kQW,0.63,0.848,0,-4.592,1,0.0428,0.0834,4.34e-06,0.205,0.551,124.987
92,Before U,Sonny Fodera,https://open.spotify.com/track/1YK1uWCZLaljd7kgjaC7bH,0.641,0.825,6,-6.631,0,0.0344,0.127,0.00331,0.336,0.627,125.003
93,Aurra,Tchami,https://open.spotify.com/track/5CDxQYrp6BRQxbdI1PBJnc,0.728,0.814,6,-6.535,1,0.0862,0.0105,0.803,0.0476,0.72,124.985
94,No Introduction,Dr. Fresch,https://open.spotify.com/track/61ZsKVgKAdTusaK7maNsU6,0.614,0.832,8,-6.77,1,0.0417,0.0531,0.356,0.328,0.279,105.002
95,Make Love,Joe Stone,https://open.spotify.com/track/3h3zELZYX9dwocUGaW1JiW,0.767,0.873,8,-3.798,1,0.103,0.171,3.58e-05,0.808,0.796,123.928
96,Lose It,Golf Clap,https://open.spotify.com/track/3pqABPhvFTcNc8qEOS9ZD5,0.795,0.783,9,-4.904,1,0.0617,0.00987,0.806,0.0423,0.0685,125.993
97,Mi Amor,Cloonee,https://open.spotify.com/track/2Suk7DzVMim77YswOSMvJL,0.824,0.511,8,-9.049,0,0.151,0.0187,0.834,0.309,0.0858,127.959
98,I Feel For You,Bob Sinclar,https://open.spotify.com/track/7HFk2cVbU78fBMMvJYlifV,0.632,0.9,8,-4.351,0,0.039,0.000129,0.0162,0.118,0.636,129.923
99,"World, Hold On - FISHER Rework",Bob Sinclar,https://open.spotify.com/track/6ryWXzeSbDX5cebOrgjMKL,0.771,0.883,1,-5.242,0,0.06,0.006,0.00601,0.135,0.892,127.006
