,name,artist,url,danceability,energy,key,loudness,mode,speechiness,acousticness,instrumentalness,liveness,valence,tempo
0,False Need,Mochakk,https://open.spotify.com/track/2fSNDaBmTg8VucedIUA3IA,0.794,0.651,6,-8.434,1,0.0479,0.00985,0.764,0.0778,0.144,127.013
1,Broken,Austin Skinner,https://open.spotify.com/track/5K7PN2JnOiI3GWfFtj7kpu,0.86,0.706,8,-2.364,0,0.187,0.091,0.0,0.0698,0.7,130.951
2,Complete Me ## Patterns,Austin Skinner,https://open.spotify.com/track/1LbDC8R8OWPG1ex69eFfem,0.604,0.563,4,-7.902,0,0.0354,0.119,0.0,0.109,0.554,153.057
3,Hope You Know,Austin Skinner,https://open.spotify.com/track/07bTQ4wl9deOOgA4W9nx6K,0.772,0.711,5,-6.058,0,0.156,0.0473,0.0,0.112,0.244,93.014
4,when u need,Austin Skinner,https://open.spotify.com/track/4I00btyG8toCeBpgQWsfpw,0.694,0.665,11,-5.768,0,0.0344,0.00706,0.0,0.121,0.336,142.008
5,the 1,Austin Skinner,https://open.spotify.com/track/6e4yhf0O6wCyLiogiG8HFI,0.673,0.644,1,-8.812,1,0.163,0.00132,0.0,0.11,0.306,133.976
6,time 2 breathe,Austin Skinner,https://open.spotify.com/track/60zcbfje9EQOzWcN4kTmdk,0.694,0.51,1,-9.936,0,0.183,0.0929,0.0,0.0647,0.762,135.052
7,back away,Austin Skinner,https://open.spotify.com/track/1GkLzJGacSCH0IlaJ1G2e0,0.399,0.607,6,-8.619,0,0.0392,0.000134,0.0,0.0809,0.138,96.873
8,yellow hearts,Austin Skinner,https://open.spotify.com/track/4G8pV0eiq6XJ76Zb8T1FVx,0.38,0.498,7,-10.59,1,0.087,0.0032,0.0,0.14,0.123,138.052
9,you might be right,Koi,https://open.spotify.com/track/3T5RzoUtAEYNeOnYgRcYfv,0.796,0.394,6,-10.577,0,0.0648,0.116,0.0,0.169,0.602,113.966
10,Leaving LA,Benji Blue Bills,https://open.spotify.com/track/23TE9A8oIqj4Oi6Sx1zo7a,0.793,0.531,7,-10.068,1,0.0967,0.201,0.0,0.202,0.433,133.987
11,Made in Korea,Surf,https://open.spotify.com/track/7E3ohElpNJ8OXQxECCTUJn,0.837,0.415,4,-10.644,0,0.27,0.235,0.0,0.0952,0.697,146.002
12,done for,Austin Skinner,https://open.spotify.com/track/23mt7lsJ1JD3xN8TgZPHK3,0.688,0.828,4,-4.076,0,0.134,0.165,0.0,0.167,0.658,75.0
13,Hombres y Mujeres,Gordo,https://open.spotify.com/track/71L9EZo8OEaZINg75dBUSW,0.85,0.81,1,-5.015,1,0.0688,0.000445,0.00165,0.0541,0.818,130.024
