,name,artist,url,danceability,energy,key,loudness,mode,speechiness,acousticness,instrumentalness,liveness,valence,tempo
0,Anything,Austin Skinner,https://open.spotify.com/track/1ooq3nlROfxMGr1uxWLhA1,0.727,0.407,9,-11.384,0,0.059,0.263,8.68e-05,0.117,0.0667,130.024
1,Lets Go!,Austin Skinner,https://open.spotify.com/track/46iplsJ3u5boZVwRZbkBq5,0.791,0.536,6,-5.236,0,0.153,0.0179,0.0,0.0728,0.413,164.98
2,Wish You Well,Austin Skinner,https://open.spotify.com/track/33MjJUU24w4dRxZbhOwP0b,0.737,0.616,2,-6.918,0,0.234,0.0225,0.0,0.105,0.573,154.086
3,U Make Me Feel Better Than the Drugs Do,Austin Skinner,https://open.spotify.com/track/3TTWgVNtFUYIm1AltYZtP9,0.711,0.576,0,-6.244,1,0.0544,0.165,0.0,0.197,0.683,140.093
4,when u need,Austin Skinner,https://open.spotify.com/track/4I00btyG8toCeBpgQWsfpw,0.694,0.665,11,-5.768,0,0.0344,0.00706,0.0,0.121,0.336,142.008
5,link halfway,Austin Skinner,https://open.spotify.com/track/0T6ncRXzwmrHEciEcZi471,0.6,0.575,11,-6.27,0,0.0472,0.132,0.0,0.126,0.384,134.947
6,nervous,Austin Skinner,https://open.spotify.com/track/2HkWa9PJ4xOM0mswVXMLC6,0.572,0.676,0,-6.813,1,0.133,0.14,0.0,0.175,0.44,135.151
7,Elegant,Austin Skinner,https://open.spotify.com/track/0MxoCeRZxNWAK9vTIV9PH6,0.532,0.587,10,-5.528,0,0.0328,0.0576,0.0,0.192,0.231,139.878
8,Complete Me ## Patterns,Austin Skinner,https://open.spotify.com/track/1LbDC8R8OWPG1ex69eFfem,0.604,0.563,4,-7.902,0,0.0354,0.119,0.0,0.109,0.554,153.057
9,moonlight,Austin Skinner,https://open.spotify.com/track/1SkIk3yIhh6fe9CLYLEBjd,0.59,0.612,6,-8.182,1,0.091,0.00319,0.0,0.111,0.306,83.993
10,half time *FOREVER WORLD*,Austin Skinner,https://open.spotify.com/track/1genfuWIRK66xe3ye2hYb4,0.734,0.545,5,-8.862,0,0.161,0.119,2.11e-06,0.111,0.364,148.014
11,way back,Austin Skinner,https://open.spotify.com/track/5yaX6Zqgu0kPoWcGXMmZ4Y,0.619,0.492,9,-8.915,0,0.0618,0.0279,0.0,0.161,0.527,157.091
12,find me,Austin Skinner,https://open.spotify.com/track/0Aipr2EY2GriWug0KpO27M,0.715,0.481,4,-9.607,0,0.0896,0.228,0.0,0.0625,0.176,143.964
13,MENTIONS *FOREVER WORLD*,Austin Skinner,https://open.spotify.com/track/61kYYWwnUHg1e2IKevBEco,0.733,0.43,5,-9.729,0,0.189,0.231,0.0,0.1,0.301,152.002
14,behind,Austin Skinner,https://open.spotify.com/track/6XN5ybPCDpcjtVxz1arQHU,0.584,0.558,1,-10.058,1,0.069,0.0146,0.0,0.11,0.246,159.868
15,try,Austin Skinner,https://open.spotify.com/track/7xDF1ayxsd0s26FLvKnjE7,0.622,0.657,1,-6.262,0,0.229,0.0931,0.0,0.104,0.481,158.951
16,cartier interface,Austin Skinner,https://open.spotify.com/track/053jP6gYqtZ127DpeSNMtO,0.684,0.778,2,-6.597,0,0.126,0.304,0.0,0.223,0.281,149.986
