,name,artist,url,danceability,energy,key,loudness,mode,speechiness,acousticness,instrumentalness,liveness,valence,tempo
0,Back in the Days,Coeo,https://open.spotify.com/track/35YlBwwMnQD22QgYDoYm75,0.946,0.566,8,-11.269,0,0.102,0.000788,0.722,0.103,0.402,124.989
1,Go Back To Disko - Original Mix,Disko Junkie,https://open.spotify.com/track/2tjLHa4kxR3regxO5KSJaJ,0.866,0.975,6,-6.154,1,0.108,0.0189,0.851,0.0559,0.702,124.005
2,50//50,Vantage,https://open.spotify.com/track/4bUf51rlhCEh5ScgYOkMhL,0.838,0.699,7,-7.216,1,0.0521,0.0608,0.87,0.0926,0.386,124.137
3,Another Chance,Roger Sanchez,https://open.spotify.com/track/2wkX7Ix0ZqvnNwDKOBp2We,0.626,0.805,3,-9.314,1,0.0308,0.000473,0.142,0.176,0.361,128.002
4,Madan Exotic Disco,Salif Keita,https://open.spotify.com/track/1eMiQaPp4WytWap6KL6e0T,0.774,0.845,7,-5.335,0,0.036,0.00993,0.775,0.0444,0.955,127.993
5,L.O.V.E.,Purple Disco Machine,https://open.spotify.com/track/4jFt8ztVSyGt2NFGQdd5pQ,0.811,0.572,6,-9.439,0,0.0434,0.00309,0.606,0.0494,0.72,118.0
6,Do You Remember,Dombresky,https://open.spotify.com/track/4l8YHDorwOW8xeczmSfn0a,0.619,0.961,1,-4.828,0,0.0369,0.0315,0.814,0.285,0.914,123.993
7,Make Luv,Room 5,https://open.spotify.com/track/5HFPfp2p6V4pycGKaIMlIH,0.882,0.887,1,-4.91,1,0.116,0.0112,0.635,0.0345,0.657,124.81
8,Voicemail - Original Mix,Green Velvet,https://open.spotify.com/track/2IhRmHI7pDzhpF9c8iCT6x,0.901,0.858,11,-7.348,1,0.0918,0.0171,0.0839,0.128,0.875,123.995
9,NOW JAZZ - MIDNIGHT MIX,GOLFOS,https://open.spotify.com/track/0fJm8fquozJRImFiiLsBZU,0.866,0.407,11,-12.174,0,0.0771,0.0127,0.895,0.059,0.783,127.996
10,Crush On Me,Maetrik,https://open.spotify.com/track/6seZIKzKdm2nSsF1HBrOOZ,0.828,0.56,7,-11.494,1,0.0588,0.000546,0.814,0.106,0.426,124.003
11,Mokba,Cirez D,https://open.spotify.com/track/70ziWTt9TOXGyhP7FGEYIn,0.738,0.954,8,-8.65,1,0.073,0.000489,0.847,0.051,0.917,126.01
12,Don't Stop,Biscits,https://open.spotify.com/track/73Aj6vBOimEVHMMm67YmcU,0.824,0.608,1,-8.51,1,0.0541,0.0541,0.241,0.0747,0.48,127.028
13,SaintLaurentYSL - The Martinez Brothers Re-Edit,Lil Yachty,https://open.spotify.com/track/4Yhq45AkxUJzKPucSfGN9Y,0.896,0.721,11,-5.891,0,0.204,0.000632,0.131,0.0725,0.648,131.992
14,So Much Love To Give - Milk & Sugar Remix,Freeloaders,https://open.spotify.com/track/2wFiokXWYOfBzFcfkEWqB3,0.788,0.689,11,-6.312,0,0.0597,0.000641,0.0964,0.203,0.317,127.006
15,Into Your Eyes,Armand Van Helden,https://open.spotify.com/track/6GV68kj5SKDnbT5yHTHvBV,0.668,0.883,9,-8.432,1,0.0345,0.00067,0.0,0.767,0.809,129.013
16,Tsunami,DVBBS,https://open.spotify.com/track/6ncY8ZU9DIHNP53X3oR7Qk,0.699,0.839,4,-5.351,0,0.0474,0.0494,0.66,0.0942,0.271,128.024
17,Heads Will Roll - A-Trak Remix,Yeah Yeah Yeahs,https://open.spotify.com/track/64zjna5dIuO7s9FCDXQMmI,0.738,0.607,8,-3.933,0,0.0845,0.00743,0.315,0.0701,0.779,131.983
18,Dawnbreaker,Tiësto,https://open.spotify.com/track/05jD96Nz4dxIQ6ov01oBZa,0.315,0.891,9,-3.487,0,0.0568,0.000641,1.25e-06,0.41,0.119,126.022
19,Intoxicated - Original Mix,Martin Solveig,https://open.spotify.com/track/6qtnxqRpdWnUruwQAgYklV,0.804,0.877,0,-3.722,1,0.0609,0.00178,0.141,0.334,0.635,124.992
20,The Hum,Dimitri Vegas & Like Mike,https://open.spotify.com/track/0Gc1AVYqYOR522Nvz68dsT,0.728,0.947,11,-3.103,0,0.0458,0.208,0.815,0.367,0.209,130.007
21,WOW,Tiësto,https://open.spotify.com/track/4gxukDJiwApNEgVIh4pHgT,0.601,0.99,6,-3.016,1,0.337,0.00116,0.52,0.124,0.192,127.958
22,I Can't Understand,Chocolate Puma,https://open.spotify.com/track/2Natup55yLMpYXRSccIT0V,0.647,0.958,7,-3.313,0,0.0445,0.000537,0.0348,0.0655,0.516,125.036
23,Le Freak - Oliver Heldens Remix,CHIC,https://open.spotify.com/track/6pytDoBX1HFvOfhOL5H5hk,0.859,0.757,7,-6.005,1,0.0736,0.00942,0.0377,0.105,0.563,124.986
24,Viol,Gesaffelstein,https://open.spotify.com/track/07aqlD34P6qYrWjRNBt1eW,0.597,0.839,7,-6.964,1,0.0377,7.59e-05,0.825,0.55,0.202,108.993
25,Strings Of Life,Derrick May,https://open.spotify.com/track/7DXfJX286N3ZBURaq8D9mc,0.714,0.873,2,-6.223,1,0.0658,0.152,0.868,0.0848,0.516,128.103
26,Fly Kicks - Wax Motif Remix,AC Slater,https://open.spotify.com/track/6T7jst1TqcLBJathAlIiIO,0.897,0.692,11,-4.985,0,0.0492,0.0187,0.725,0.0603,0.607,125.023
27,Sorry - James Hype Remix,Joel Corry,https://open.spotify.com/track/6MUXdUszti957UPL7TcMU0,0.726,0.826,11,-7.474,1,0.0707,0.00706,0.0208,0.068,0.535,125.009
28,Final Fantasy,AC Slater,https://open.spotify.com/track/5wHWsLwaRzRgcHayup1STj,0.799,0.79,11,-6.472,0,0.0598,0.00376,0.549,0.155,0.582,127.992
29,Dangerous - Oliver Remix,Big Data,https://open.spotify.com/track/2BWtYgxamGttE2d0xRVAIC,0.853,0.821,5,-3.954,1,0.0558,0.0433,0.0883,0.1,0.139,110.003
30,House Every Weekend - Radio Edit,David Zowie,https://open.spotify.com/track/2rWisQk9hxSap9ZtTx45sv,0.791,0.574,0,-7.061,0,0.0673,0.324,0.0,0.102,0.406,122.053
31,Move Your Feet,Junior Senior,https://open.spotify.com/track/4jacsL77ZYnpInmTtUBaJW,0.755,0.895,9,-2.619,1,0.0883,0.0507,0.0737,0.222,0.844,118.871
32,Gimme Gimme (feat. Bleech) - Club Mix,Kevin McKay,https://open.spotify.com/track/7tEk4u3FNehtqeHRZAsswU,0.716,0.912,2,-4.7,0,0.034,0.00426,0.00112,0.0848,0.52,126.008
33,Pushing On,Oliver Dollar,https://open.spotify.com/track/00lopN8UjPU58scvfgjSPK,0.741,0.822,6,-4.475,0,0.0428,0.00297,0.00215,0.232,0.717,122.006
34,Nova,MPH,https://open.spotify.com/track/4n6t4Vfm7d0Juz9hlsep9P,0.797,0.602,10,-7.231,0,0.141,0.149,0.845,0.109,0.478,131.998
35,Pump It Up - Jax Jones Midnight Snacks Remix,Endor,https://open.spotify.com/track/0DwycsushXa3O33U73v6jb,0.792,0.848,7,-9.335,1,0.0522,0.0206,0.806,0.0956,0.578,125.0
36,Control,Shannon Saunders,https://open.spotify.com/track/56fiWsP9amGkiS8XOPJIQl,0.672,0.626,5,-8.629,0,0.0269,0.133,2.11e-05,0.0892,0.714,123.981
37,Murky Manor,Taiki Nulight,https://open.spotify.com/track/0lEstW8E49yNeDIw14roKk,0.549,0.632,2,-8.196,1,0.107,0.0392,0.88,0.103,0.546,126.987
38,Wish You Were Mine - Radio Edit,Philip George,https://open.spotify.com/track/6IFbHdnk1P6qcseC0cSjL6,0.653,0.832,7,-4.164,0,0.0293,0.0124,0.0901,0.102,0.407,123.002
39,Pumped Up,Klingande,https://open.spotify.com/track/6lFbdi743kgerMZDjSqbuA,0.732,0.734,0,-6.423,1,0.107,0.00719,1.49e-05,0.34,0.643,123.033
40,Middle,Noizu,https://open.spotify.com/track/6V0EZDzaIOBLDgahOq3Bcb,0.737,0.976,11,-5.958,0,0.0561,0.0112,0.43,0.298,0.692,127.009
41,Dopamine (feat. Eyelar),Purple Disco Machine,https://open.spotify.com/track/62102D1yfhWdzW39Vj06FR,0.691,0.806,11,-5.392,0,0.123,0.0518,0.0,0.192,0.873,117.971
42,Baby I'm Yours,Breakbot,https://open.spotify.com/track/5jr6pG3khBcBXZRm8NogSe,0.831,0.794,2,-3.701,0,0.0752,0.705,3.4e-05,0.0978,0.735,118.075
43,I Want Your Soul,Armand Van Helden,https://open.spotify.com/track/5WEYk2b7fdg0hl42Ts3f4I,0.754,0.876,10,-5.427,0,0.0696,0.00451,0.0988,0.155,0.671,127.967
44,All Of The Time - DJ Streaks Remix,Jungle,https://open.spotify.com/track/0ouFThIkQRyW52ELPVjtdQ,0.83,0.674,11,-7.886,0,0.0694,0.00199,0.9,0.122,0.748,123.992
45,My Head Is a Jungle - (Radio Edit) [Live],Wankelmut,https://open.spotify.com/track/5479RIes0OUXZkCDsWg7Mc,0.729,0.72,7,-5.2,0,0.0484,0.391,0.000197,0.116,0.736,123.992
46,Don't Forget My Love - BURNS Remix,Diplo,https://open.spotify.com/track/6zPNZ31h9uADyyM87yzDc1,0.543,0.929,11,-6.026,0,0.0388,0.0274,0.0247,0.33,0.7,124.937
47,"World, Hold On - FISHER Rework",Bob Sinclar,https://open.spotify.com/track/6quGF3Kvzd5WYEEuCmvCe1,0.781,0.889,1,-5.298,0,0.0573,0.00664,0.00571,0.098,0.859,127.01
48,How Will I Know,Tensnake,https://open.spotify.com/track/50qJEqZftR4y2A7rmojuGx,0.644,0.953,2,-3.378,1,0.0397,0.000147,0.206,0.0642,0.609,125.985
49,Steal My Attention,TOKiMONSTA,https://open.spotify.com/track/3F2Vq9ZHzNZmHMBuaf4LcP,0.63,0.702,11,-9.026,0,0.163,0.0652,0.0522,0.112,0.329,104.985
50,Walls to Build - Mall Grab Remix,Kllo,https://open.spotify.com/track/6MogXqMw92ZO5r1eup0Cwb,0.83,0.403,10,-11.361,0,0.0451,0.136,0.816,0.109,0.4,124.001
51,Intro,Alan Braxe,https://open.spotify.com/track/60hb5H9yL4P4SPz7lrTvUw,0.859,0.847,1,-5.842,1,0.218,0.0294,0.00145,0.304,0.629,123.937
52,Baby Don't Hurt Me (feat. Anne-Marie & Coi Leray) - Joel Corry Remix Extended,David Guetta,https://open.spotify.com/track/3HFc12poV74FvQ8B82suFU,0.702,0.808,7,-4.652,1,0.0385,9.89e-05,0.628,0.073,0.533,132.023
53,Caroline,CID,https://open.spotify.com/track/4stpA04LZHBCx3YejNdodF,0.783,0.911,11,-6.111,0,0.048,0.00266,0.885,0.0862,0.309,126.003
54,The Boy Is Mine,James Mac,https://open.spotify.com/track/1aRd5tMVhiRyMJLmSOg2IF,0.741,0.879,1,-6.132,0,0.0425,0.0841,0.0433,0.126,0.362,123.004
55,Tra Tra,HUGEL,https://open.spotify.com/track/0UFJLWij7K8AXM5sVDFCLj,0.797,0.942,1,-6.194,1,0.0656,0.00373,0.563,0.425,0.178,124.014
56,All That She Wants,Skylin3,https://open.spotify.com/track/4hsC1nG6N7syCBm54R4pNC,0.803,0.839,11,-6.988,1,0.0502,0.00305,0.451,0.035,0.855,127.017
57,Escaping It (feat. Tania Foster),Kyle Watson,https://open.spotify.com/track/0mpZguOykEX2E3ROET1JOa,0.778,0.886,6,-6.697,0,0.0726,0.00937,0.365,0.0873,0.578,128.002
58,Someday - salute Remix,DJ Seinfeld,https://open.spotify.com/track/0cVdMdtrHdCuHQBWjzvQed,0.628,0.893,8,-8.908,0,0.121,0.0474,0.449,0.136,0.693,135.982
59,Sveva,Malandra Jr.,https://open.spotify.com/track/5eFE3pKNlfwG717FEOT9j8,0.872,0.459,4,-11.909,1,0.0513,0.00134,0.724,0.0918,0.521,122.001
60,"Freed From Desire - prod. Molella, Phil Jay",Gala,https://open.spotify.com/track/3u5N55tHf7hXATSQrjBh2q,0.704,0.861,2,-4.221,0,0.0493,0.587,0.0615,0.0992,0.636,128.99
61,Bappi,Jamie Jones,https://open.spotify.com/track/4jHiBP6xFggG8uUuc7u0WE,0.787,0.842,1,-7.295,1,0.0473,1.66e-05,0.86,0.0729,0.127,127.992
62,Miss You,southstar,https://open.spotify.com/track/4tRhRLBxIZ34Iw0eCuiC03,0.663,0.559,6,-12.876,0,0.0391,0.136,0.0894,0.108,0.296,145.007
63,Get On The Floor,Rossi.,https://open.spotify.com/track/45JOJ1S8OK78Ce0zX6krvu,0.795,0.984,1,-6.817,1,0.0542,0.0131,0.873,0.0413,0.252,129.021
64,Heads Will Roll - A-Trak Remix Radio Edit,Yeah Yeah Yeahs,https://open.spotify.com/track/5qGIfWDRdyO67LCTqA2sEn,0.68,0.805,8,-3.232,0,0.0801,0.0134,0.0558,0.237,0.865,132.005
65,Mo Bamba,Sheck Wes,https://open.spotify.com/track/0X0ccMPuyD52m5ux9qyKTq,0.729,0.625,4,-5.266,1,0.0315,0.194,0.00986,0.248,0.261,146.034
66,September,"Earth, Wind & Fire",https://open.spotify.com/track/748uyF14KEMCplV2CPAua7,0.694,0.73,9,-10.439,1,0.0309,0.121,0.000555,0.146,0.98,125.962
67,Horizon,Andrew Rayel,https://open.spotify.com/track/0K1S1Y6MIglJ2RDdBqZruw,0.546,0.916,5,-2.688,1,0.0461,0.0053,0.0,0.679,0.296,132.052
68,Meteorite,Emmit Fenn,https://open.spotify.com/track/0k8H6I5yxqJeSnqBzVCNJM,0.51,0.745,8,-7.277,1,0.0845,0.0468,0.0011,0.0773,0.0988,127.426
69,Lie To Me (feat. Ina Wroldsen) - Nicky Romero Remix,Steve Aoki,https://open.spotify.com/track/3cULFMeNcGIK3GRoxWcAYo,0.603,0.676,3,-3.697,0,0.0395,0.0787,0.0,0.0466,0.324,125.064
70,Lovers on the Sun (feat. Sam Martin) - Stadiumx Remix,David Guetta,https://open.spotify.com/track/5uDGa3i2YBIWqJAB2MUtcx,0.632,0.9,11,-2.827,0,0.0418,0.000176,0.112,0.0638,0.278,127.989
71,Call On Me - Radio Edit,Eric Prydz,https://open.spotify.com/track/0sgEQ34KyLdxBi6gumNKpt,0.606,0.847,10,-5.974,1,0.382,0.00362,0.00123,0.785,0.471,126.272
72,I'm Not Alone - CamelPhat Remix,Calvin Harris,https://open.spotify.com/track/0kDIirlQCy6YnmsK5pZ6PZ,0.575,0.969,1,-6.741,0,0.0425,0.0105,0.683,0.118,0.0368,122.998
73,Viol - Original Mix,Gesaffelstein,https://open.spotify.com/track/4qlbRE42nDix8Si44Au5Dx,0.597,0.839,7,-6.964,1,0.0377,7.59e-05,0.825,0.55,0.202,108.993
74,Wild Wild Son (Mixed) - Richard Durand Remix,Armin van Buuren,https://open.spotify.com/track/1I8zUpQAi2Yi2XN9nRT9P3,0.474,0.939,0,-7.294,0,0.0458,0.00339,0.102,0.11,0.137,137.971
75,Born To Love (feat. SHELLS),MEDUZA,https://open.spotify.com/track/7cX5H82DTZ5iHRLbewBEBd,0.722,0.856,1,-6.392,0,0.0338,0.0305,0.0597,0.231,0.827,121.99
76,Freaks,FISHER,https://open.spotify.com/track/7f4rLiuUmeWCgkErVvJROi,0.806,0.869,1,-4.344,1,0.0544,0.00223,0.775,0.123,0.785,124.01
77,No Place,RÜFÜS DU SOL,https://open.spotify.com/track/71IpLCdWNvPzYwMa9PS9zM,0.616,0.867,4,-6.232,0,0.0315,0.0161,0.125,0.147,0.198,120.018
78,I Don't Mind,Duck Sauce,https://open.spotify.com/track/4OMi1327RFanCyJPo7aX8g,0.694,0.929,8,-4.516,1,0.162,0.159,0.89,0.334,0.365,122.999
79,Running - Disclosure Remix,Jessie Ware,https://open.spotify.com/track/6WcIIWTXCkFHN2OqlyxCMl,0.743,0.739,11,-7.606,0,0.206,0.0992,0.0322,0.938,0.352,124.994
80,Satisfaction,Benny Benassi,https://open.spotify.com/track/5JZnjM9ijpit0d5zjT8MM7,0.802,0.725,11,-3.392,1,0.102,0.165,0.0984,0.0782,0.347,129.984
81,Wired (with Ella Eyre),Sonny Fodera,https://open.spotify.com/track/2b2E371s5ZO2elIb47XGKG,0.7,0.764,9,-4.836,0,0.0314,0.0247,0.0,0.162,0.424,125.02
82,Sunset,Alix Alvarez,https://open.spotify.com/track/1Z7wykpd25h5HyK3iAHgJ4,0.804,0.516,3,-12.709,0,0.0704,0.000148,0.926,0.0532,0.959,125.018
83,Raise Your Weapon - Wax Motif Remix,deadmau5,https://open.spotify.com/track/1U77vnOr8X2FQDDMQSAMth,0.677,0.773,8,-6.569,0,0.0411,0.00294,0.0577,0.0587,0.674,128.01
84,Say Something - Zac Samuel Remix,Karen Harding,https://open.spotify.com/track/5QifrqmnjHzdOuBAheeeNU,0.701,0.667,7,-6.177,1,0.0361,0.0121,6.53e-06,0.148,0.675,119.975
85,Let It Happen,Tame Impala,https://open.spotify.com/track/7lzwtE0vSV5i2EJeUhVGYK,0.645,0.914,1,-5.832,0,0.0418,0.00733,0.0168,0.0918,0.615,125.027
86,Foolproof,Hayden James,https://open.spotify.com/track/7nisH6oFLehgE6V1eIBL2Z,0.628,0.835,5,-6.224,0,0.0359,0.189,0.0858,0.0552,0.262,123.991
87,You're Sunshine,WEISS,https://open.spotify.com/track/4gdjZS54vHNBk467zeAqkq,0.462,0.921,1,-6.578,1,0.0421,0.00859,0.00962,0.136,0.395,122.985
88,Pumped Up,Klingande,https://open.spotify.com/track/4BM4ml3TgBFALLaCaJtVhi,0.732,0.734,0,-6.423,1,0.107,0.00719,1.49e-05,0.34,0.643,123.033
89,Rave,Sam Paganini,https://open.spotify.com/track/2nAfcOcGRIvNMHvY70i18M,0.763,0.807,5,-7.399,0,0.044,0.000137,0.909,0.295,0.33,124.989
90,Paparazzi,Lady Gaga,https://open.spotify.com/track/3Y2kAyehIeetUB4aLCZcCa,0.761,0.734,5,-2.871,0,0.0428,0.129,0.0,0.086,0.375,114.907
91,Do It To It,ACRAZE,https://open.spotify.com/track/20on25jryn53hWghthWWW3,0.854,0.806,11,-8.262,0,0.0886,0.0209,0.0542,0.0703,0.637,124.927
92,Look Right Through - MK Vocal Edit,Storm Queen,https://open.spotify.com/track/2DyzYki95bDbkVNczAcQtz,0.834,0.819,0,-7.989,0,0.0841,0.00212,0.00306,0.279,0.513,119.99
93,It's A Killa,FISHER,https://open.spotify.com/track/0uU5k5t4YZ1NTnwXCPhga2,0.778,0.916,7,-5.283,1,0.0433,0.00354,0.00776,0.152,0.82,125.987
94,Tripasia,Cloonee,https://open.spotify.com/track/4NqaNXn9bw7PmXjOFW8vmp,0.845,0.771,7,-7.937,1,0.0928,0.093,0.134,0.0749,0.557,127.982
95,World Hold On - FISHER Rework,Bob Sinclar,https://open.spotify.com/track/3fpKdubElctX8ZrwA548Mj,0.772,0.882,1,-5.242,0,0.0589,0.00606,0.00626,0.136,0.891,127.007
96,Miracle Maker - Matt Guy Remix,Dom Dolla,https://open.spotify.com/track/5y0Q4hYzgjEwxrfiJ1h6x5,0.78,0.929,10,-4.649,1,0.0619,0.177,0.14,0.213,0.484,130.03
97,Hot Minute,Moon Boots,https://open.spotify.com/track/2cEPHGp1lKKexUtOIqfZue,0.778,0.553,8,-7.236,0,0.0503,0.000755,0.382,0.149,0.806,122.979
98,Be Your Girl (Kaytranada Edition),Teedra Moses,https://open.spotify.com/track/7xAE36UUNgyDJDIM4yiucY,0.866,0.679,6,-6.74,0,0.388,0.214,4.8e-06,0.101,0.272,115.015
99,Steal My Attention,TOKiMONSTA,https://open.spotify.com/track/6vpdDGnV0QH4xFI53X3cOf,0.636,0.706,7,-9.029,1,0.179,0.0725,0.0481,0.112,0.329,104.997
