,name,artist,url,danceability,energy,key,loudness,mode,speechiness,acousticness,instrumentalness,liveness,valence,tempo
0,Run Run (feat. AR/CO),Will Clarke,https://open.spotify.com/track/187iPYA1Uo2mL75PQXV5wq,0.681,0.804,7,-8.12,1,0.0539,0.0744,0.355,0.284,0.155,125.982
1,Loosen Up - Illyus & Barrientos Extended Mix,Mason,https://open.spotify.com/track/1usweVfH2yaQrbb2Jv52IY,0.686,0.807,1,-5.522,0,0.0511,0.00636,0.617,0.0909,0.16,123.011
2,Tondo,Disclosure,https://open.spotify.com/track/1hm9jB7kQhjoFhIINAOV23,0.675,0.92,0,-7.153,0,0.0539,0.0126,0.117,0.329,0.842,132.001
3,Douha (Mali Mali) (Edit),Disclosure,https://open.spotify.com/track/6O7jGud1gZ6s5uWDY3LJTb,0.748,0.828,0,-5.548,1,0.149,0.029,0.000127,0.153,0.479,123.986
4,TASTY - Boys Noize Remix,Shygirl,https://open.spotify.com/track/4InDcTU0WkizVukh4Yua0Q,0.743,0.857,11,-5.637,0,0.044,0.00281,0.59,0.117,0.757,129.982
5,Feel Ma Boogie,Illyus & Barrientos,https://open.spotify.com/track/2fevZeCqYu2mWEotFmPcai,0.614,0.956,5,-4.635,0,0.0373,0.2,0.724,0.0702,0.708,125.972
6,Tell Me - Poolhaus Remix,Devault,https://open.spotify.com/track/1bTNFIv0e7ljVdbutGFRhg,0.613,0.923,9,-6.404,0,0.0402,0.00286,0.0816,0.137,0.0667,126.026
7,Temptation,SIDEPIECE,https://open.spotify.com/track/5UkoWcFsdWn8NtSAh73Vli,0.808,0.878,9,-5.282,1,0.0948,0.00665,0.0152,0.208,0.624,125.011
8,Goodbye - Lee Foss Remix,Imanbek,https://open.spotify.com/track/4w3Ty6v3V7csZL0FLCO4Hv,0.76,0.72,10,-8.937,0,0.0569,0.237,0.638,0.116,0.77,125.0
9,And Groove - Edit,I. JORDAN,https://open.spotify.com/track/3flV2wHEamgIEu3nUkHnH6,0.675,0.915,8,-5.889,1,0.0378,0.462,0.771,0.208,0.753,135.025
10,I Call That Love (feat. Laura White),LA Riots,https://open.spotify.com/track/7bhECQOkm2mhmDKAjtyxk8,0.603,0.903,4,-5.432,0,0.0439,0.00967,0.335,0.369,0.226,124.01
11,Closer - Edit,Jaden Thompson,https://open.spotify.com/track/6PslLP8aOsBre5vzdXKEQr,0.794,0.902,8,-7.829,1,0.0503,0.00315,0.746,0.161,0.796,127.013
12,If You Wanna,Leftwing : Kody,https://open.spotify.com/track/5NMpjgdyG48RGtkjj8QENH,0.609,0.882,3,-6.042,0,0.0305,0.0271,0.0141,0.0643,0.707,125.008
13,Funk U,WEISS,https://open.spotify.com/track/3Nu6och4FpCM0kpLqLGee0,0.723,0.653,10,-9.047,0,0.0408,0.0019,0.853,0.158,0.624,123.988
14,Down Low,Dombresky,https://open.spotify.com/track/5jbz9ONajDOe1AW5c3ob5U,0.675,0.805,4,-6.55,0,0.0346,0.0765,0.000974,0.182,0.762,122.017
15,Meli-Melo,Dombresky,https://open.spotify.com/track/0Ue8qwZjXXoZIDuWT28XIJ,0.727,0.98,8,-6.413,0,0.23,0.148,0.258,0.355,0.588,124.002
16,Turn Back Time - Noizu Remix,Diplo,https://open.spotify.com/track/1yEal32dxepcfajXJfqB5h,0.782,0.988,5,-3.848,0,0.059,0.00919,0.509,0.0653,0.95,126.995
17,Losing My Mind - Mandal & Forbes Remix,Philip George,https://open.spotify.com/track/0rkVQ8MzzfX40xtNkC6hjA,0.758,0.749,10,-5.663,0,0.057,0.0105,0.00558,0.0422,0.887,121.975
18,I Wanna Feel,Secondcity,https://open.spotify.com/track/5nrdOK0i7daIsDAt4zRbHM,0.69,0.895,10,-6.305,0,0.0596,0.0693,0.00237,0.102,0.817,122.022
19,Late Night Feelings - Jax Jones Midnight Snack Remix,Mark Ronson,https://open.spotify.com/track/7hrnaeVvXFAkvQOmjHJglY,0.697,0.928,5,-4.052,0,0.113,0.0158,0.00723,0.503,0.654,124.023
20,Runnin',Low Steppa,https://open.spotify.com/track/6oZh6mgmFZKPfkf4LSUIMM,0.551,0.935,0,-4.101,1,0.0368,0.000653,0.00217,0.298,0.324,123.037
21,Say Something - Zac Samuel Remix,Karen Harding,https://open.spotify.com/track/44wEXGz4Esy40mtFePLf9M,0.695,0.706,7,-5.427,1,0.0375,0.00945,7.07e-06,0.226,0.632,120.0
22,Piece Of Me,MK,https://open.spotify.com/track/5xCKDXzh2JPFFcyHr39ROH,0.678,0.917,5,-2.318,0,0.0796,0.00721,0.0,0.269,0.7,121.962
23,The Rhythm of the Night - Extended Mix,Sean Finn,https://open.spotify.com/track/1Myt9MuFHc8yBiEd5dcX6W,0.789,0.899,0,-3.215,0,0.0805,0.00536,0.359,0.041,0.803,125.985
24,Love Tonight (Edit),Shouse,https://open.spotify.com/track/6OufwUcCqo81guU2jAlDVP,0.727,0.681,5,-7.114,0,0.0265,0.00214,0.000307,0.0861,0.448,123.028
25,Go Bang,PNAU,https://open.spotify.com/track/5XYXgYQJvY87aCFxK5sOnp,0.598,0.893,2,-3.072,1,0.0319,0.0714,0.0159,0.146,0.485,120.972
26,Working For It,ZHU,https://open.spotify.com/track/2HJQcyUpmUuvzS5vBAICIc,0.776,0.715,5,-6.587,0,0.0505,0.0971,0.0131,0.247,0.502,99.951
27,In the Morning,ZHU,https://open.spotify.com/track/01wpPOPqQ3XyS6hBN00HfK,0.709,0.757,1,-6.064,1,0.0356,0.0232,0.335,0.0791,0.166,123.006
28,Pump It Up - Jax Jones Midnight Snacks Remix,Endor,https://open.spotify.com/track/11pmMvrEyrKcB9fcgj7C7z,0.792,0.848,7,-9.335,1,0.0522,0.0207,0.81,0.0956,0.579,124.999
29,Piece Of Your Heart - WEISS Remix,MEDUZA,https://open.spotify.com/track/7G8QCXAxRV4S4jdFJadJXd,0.479,0.719,10,-7.736,0,0.057,0.0254,0.869,0.181,0.413,122.979
30,There For You,Gorgon City,https://open.spotify.com/track/4Qv71lFPCObf7zol1uWCJb,0.533,0.844,11,-5.04,0,0.0302,0.00529,8.91e-05,0.0722,0.712,123.971
31,Feel It Still,Revelries,https://open.spotify.com/track/4J0KBaH6ZJh0dVqc7XlYT6,0.688,0.68,11,-7.545,0,0.0333,0.0689,5.03e-06,0.085,0.307,123.952
32,Break My Heart - Jax Jones Midnight Snack Remix,Dua Lipa,https://open.spotify.com/track/4wox6emdE5yzgiyN3evNmd,0.601,0.947,4,-4.703,0,0.0481,0.00237,0.306,0.109,0.692,128.028
33,All I Want (feat. Andrea Martin) - Eden Prince Remix,Secondcity,https://open.spotify.com/track/1YEdf471g19VmjaoqxkRHy,0.542,0.921,4,-5.807,0,0.0519,0.0106,0.0792,0.414,0.0647,124.012
34,Make Me Feel,John Summit,https://open.spotify.com/track/6KVLhMeLRtUMLdfTT7k5c5,0.767,0.669,2,-9.153,1,0.0451,0.0247,0.834,0.117,0.428,126.018
35,Lick Shot,Gorgon City,https://open.spotify.com/track/26xW0lqwFci1qvXlaNtQOZ,0.728,0.913,11,-6.865,0,0.0679,0.00459,0.425,0.0491,0.553,124.998
36,Beat Freak (ft. lau.ra),Chris Lake,https://open.spotify.com/track/4C2ohxfUodwGkMN67lxGbs,0.886,0.694,9,-5.322,0,0.0448,0.0123,0.44,0.13,0.962,126.018
37,Promises (with Sam Smith) - Sonny Fodera Remix,Calvin Harris,https://open.spotify.com/track/1wJiu7QrOanOA9TdK9QFS9,0.772,0.849,3,-7.301,0,0.0478,0.0197,0.0324,0.0817,0.581,122.996
38,Pump the Brakes,Dom Dolla,https://open.spotify.com/track/1Gz2E1chOzRyhFXHJYWw8y,0.813,0.668,8,-6.834,1,0.096,0.00673,0.0912,0.362,0.495,124.01
39,Ask Me,Duck Sauce,https://open.spotify.com/track/05QGJav2nGJ9qdQ3vG9A9t,0.803,0.935,4,-4.915,0,0.032,0.0145,0.191,0.296,0.738,124.008
40,Do Too Much,boiish,https://open.spotify.com/track/7EKaAr4XFdUEZUQ3QfPUaj,0.805,0.624,11,-9.098,0,0.0427,0.000364,0.639,0.102,0.549,125.023
41,Cold Light - Club Edit,KC Lights,https://open.spotify.com/track/2gGXiOP8b6msGuV7PuV7zJ,0.77,0.851,0,-6.091,1,0.0634,0.00276,0.00549,0.276,0.66,126.007
42,I Discover,Felix Da Housecat,https://open.spotify.com/track/74oBQ9l3m1Q32dAtQ4zrlb,0.673,0.895,11,-6.987,0,0.0553,0.00329,0.21,0.16,0.655,126.027
43,Language - Walker & Royce Remix,Mindchatter,https://open.spotify.com/track/3e3qNDf5bVeEiBNpOGQ104,0.844,0.8,6,-6.475,0,0.0636,0.0249,0.276,0.0944,0.8,126.985
44,All Night Alone - Chris Lake Edit,Josement,https://open.spotify.com/track/49tMnLt1iXNT6QBOsepFyg,0.804,0.857,1,-6.814,1,0.118,0.0534,0.824,0.086,0.848,126.001
45,Snake Charmer,Fourword,https://open.spotify.com/track/1xSpiG7etNtg0szL9DzRbc,0.665,0.942,6,-6.11,1,0.046,0.0437,0.838,0.597,0.378,126.036
46,Ready 2 Dance (with Biscits feat. Anelisa Lamola),Martin Ikin,https://open.spotify.com/track/65rgchI8TW6KX4Zsesiu3i,0.782,0.932,7,-5.451,0,0.0485,0.000616,0.111,0.133,0.7,126.024
47,Love You Again (feat. Akua),Eden Prince,https://open.spotify.com/track/6DB1uu3VcQqV6rae4lWze8,0.791,0.772,6,-5.962,0,0.0395,0.00673,0.207,0.138,0.571,121.982
48,Higher Than The Clouds,Wade,https://open.spotify.com/track/5fU5DJHX2bGFXxay0l891l,0.807,0.926,0,-6.15,1,0.0543,0.00433,0.868,0.088,0.623,126.011
49,Regulate,Warren G,https://open.spotify.com/track/7nYvUtkQMx1v80S2FH2s9J,0.849,0.521,11,-12.999,0,0.216,0.304,1.65e-06,0.115,0.763,95.265
50,Place I Belong,Will Clarke,https://open.spotify.com/track/56HvFN72Th5EHiDkluFtny,0.584,0.864,7,-6.4,1,0.0349,0.00647,0.0322,0.0734,0.189,124.009
51,cocaine cowboy,ricky retro,https://open.spotify.com/track/4NPCztm07oskLbIAqbsxoC,0.918,0.678,0,-6.645,1,0.245,0.00847,0.292,0.0825,0.615,124.011
52,Suavemente,KVSH,https://open.spotify.com/track/68c8qaChNLXdBvFPCSQz4d,0.709,0.74,5,-5.783,1,0.0545,0.0353,0.0603,0.13,0.131,124.144
53,Sacrifice,Bebe Rexha,https://open.spotify.com/track/5fKTWlpV4hT7ujXV45WbtN,0.659,0.877,11,-5.089,0,0.0288,0.0878,0.0,0.094,0.471,119.992
54,100% Tapped,Little Fritter,https://open.spotify.com/track/6xupqwX5Fc34MAmvsNt2YC,0.749,0.705,7,-9.949,1,0.125,0.0203,0.254,0.0818,0.11,129.981
55,Bang This Joint,Little Fritter,https://open.spotify.com/track/03dTzu850L30mqb6Efo1wC,0.517,0.963,10,-8.236,0,0.0519,0.00647,0.912,0.228,0.52,126.02
56,I Follow Rivers - The Magician Remix,Lykke Li,https://open.spotify.com/track/4Jv7lweGIUOFQ7Oq2AtAh9,0.786,0.696,9,-5.796,0,0.0428,0.0234,0.0019,0.0839,0.306,121.974
57,Tell Me It’s True,Gorgon City,https://open.spotify.com/track/6SeM0zpB4jqfB3z7notUGE,0.72,0.742,8,-6.511,1,0.0379,0.327,0.0324,0.0846,0.11,124.0
58,Let It Happen,Tame Impala,https://open.spotify.com/track/2X485T9Z5Ly0xyaghN73ed,0.602,0.881,1,-5.875,0,0.0443,0.00462,0.0266,0.111,0.577,125.012
59,Ready For Your Love,Gorgon City,https://open.spotify.com/track/0EBgul5nkvB7zOrN5DNYGZ,0.669,0.776,5,-6.622,1,0.115,0.118,0.000745,0.337,0.435,122.008
60,Be Here,Duke Dumont,https://open.spotify.com/track/2nDu67ACo2uRWpxA8jslBc,0.735,0.75,6,-6.177,0,0.0546,0.00355,0.152,0.156,0.438,124.022
61,Latch,Disclosure,https://open.spotify.com/track/1DunhgeZSEgWiIYbHqXl0c,0.729,0.735,1,-5.455,1,0.0919,0.0178,0.000193,0.089,0.544,121.986
62,Pikachu,Oliver Heldens,https://open.spotify.com/track/3rU68VSA15u1jfmgDDDlpt,0.71,0.88,1,-4.697,1,0.0497,0.00228,0.906,0.633,0.634,124.984
63,I Feel It Coming,The Weeknd,https://open.spotify.com/track/3dhjNA0jGA8vHBQ1VdD6vV,0.773,0.819,0,-5.946,0,0.118,0.428,0.0,0.0679,0.585,92.987
64,Melt,Duke Dumont,https://open.spotify.com/track/4YXJZWRPQbrlA84IrQ7p07,0.711,0.513,0,-7.788,1,0.0395,0.0132,0.00223,0.0606,0.263,127.977
65,All Four Walls,Gorgon City,https://open.spotify.com/track/1kdrhzeRS96T5yjY3OSr1G,0.552,0.837,5,-6.246,0,0.0403,0.0111,0.213,0.0773,0.771,123.951
66,HEAT,Paul Woolford,https://open.spotify.com/track/4x0yfBUpGWpovUxJqj20p0,0.651,0.542,1,-7.345,0,0.0292,0.311,0.0,0.0812,0.581,122.03
67,Foolproof,Hayden James,https://open.spotify.com/track/0hFv8cFtw4zmcQonKZUA9b,0.628,0.831,5,-6.207,0,0.0356,0.157,0.0953,0.0714,0.267,124.001
68,I Want Love - Cat Dealers Remix,Gryffin,https://open.spotify.com/track/1EHntR301ugg07W2JBUZhK,0.545,0.966,11,-7.654,0,0.056,0.00344,0.184,0.553,0.0505,126.039
69,You've Done Enough,Gorgon City,https://open.spotify.com/track/3zPfyVThoCzQ6IB5CSGDTz,0.685,0.791,0,-6.628,1,0.0337,0.016,0.153,0.703,0.539,125.052
70,Zero,Claptone,https://open.spotify.com/track/7hlbz0g2tpoBTPvLLEWKWR,0.623,0.895,1,-5.311,0,0.0342,0.00476,0.0338,0.378,0.68,123.015
71,Freedom,Kygo,https://open.spotify.com/track/5Gj1wG8b12VQdEd3hUuSwo,0.715,0.635,7,-6.591,1,0.0791,0.127,0.0,0.0862,0.39,112.887
72,The Moment,Sonny Fodera,https://open.spotify.com/track/05OkHzGUx03KmmfEtS2MNB,0.812,0.666,11,-7.365,0,0.0286,0.0681,5.74e-05,0.0709,0.683,121.992
73,Control,Sonny Fodera,https://open.spotify.com/track/011f1vX48w5SV5Q036TZqI,0.673,0.626,5,-8.627,0,0.0268,0.134,2.69e-05,0.0892,0.721,123.979
74,Afterparty,Chris Lorenzo,https://open.spotify.com/track/20aMVy34O01GyCwWNp4yzD,0.841,0.911,1,-7.974,0,0.0949,0.00405,0.815,0.0308,0.637,126.059
75,Ritual,Tiësto,https://open.spotify.com/track/3M9Apu4OZfylLTFKvgEtKa,0.647,0.726,3,-4.389,0,0.0552,0.157,0.0,0.0844,0.767,114.996
76,YoDream,Abel Di Catarina,https://open.spotify.com/track/5ibk6j98zNSgRqCJCUEyJG,0.87,0.652,4,-8.187,1,0.0583,0.0536,0.853,0.284,0.479,127.007
77,I'm Solo,Claude VonStroke,https://open.spotify.com/track/3YgQmd3NhIymCCDmMpIX5w,0.82,0.682,0,-8.146,1,0.0514,0.0196,0.804,0.104,0.439,123.976
78,It's My House (with Dillon Francis),Ship Wrek,https://open.spotify.com/track/25Jo5t6If3McpUUM3iBQ6u,0.787,0.892,2,-4.792,1,0.0951,0.00128,0.66,0.248,0.264,123.995
79,Alors On Danse - DubDogz Remix,Stromae,https://open.spotify.com/track/19eIZmuXlBmLTha1lPHef7,0.789,0.752,1,-4.274,0,0.164,0.027,2.69e-05,0.613,0.739,122.98
80,Dreams - Remix,Brielle Marie,https://open.spotify.com/track/3jyfNBqfIT4qogDNs4aYPq,0.837,0.419,9,-11.326,0,0.057,0.238,0.0051,0.112,0.863,120.974
81,When A Fire Starts To Burn,Disclosure,https://open.spotify.com/track/7qVLZuvzNjyiy3TVtEBwBE,0.625,0.756,7,-6.954,1,0.231,0.00933,0.00134,0.324,0.673,123.948
82,Freak - Joe Stone Remix Edit,R3HAB,https://open.spotify.com/track/6HbDuMSThmMIcjAVEURJBh,0.636,0.977,11,-3.645,0,0.138,0.0905,1.33e-05,0.209,0.752,123.939
83,Gimme Some Keys,Matroda,https://open.spotify.com/track/06VKnUDsSRV2JvgqOL0yGk,0.802,0.725,11,-5.218,0,0.0521,0.00222,0.819,0.064,0.864,124.992
84,House Music (feat. Arctic Lake) - Edit,Boris Brejcha,https://open.spotify.com/track/3aAgQEbQUFMhXqk9fz3fcK,0.818,0.35,7,-12.34,1,0.0558,0.000299,0.0103,0.124,0.334,125.002
85,Not In Love (feat. LOWES),Franky Wah,https://open.spotify.com/track/28MLM0VRhhcqtWzxsNLvwu,0.479,0.843,10,-4.369,0,0.0346,0.185,0.00221,0.178,0.293,121.959
86,Spicy (feat. Ginger) - Edit,Boris Brejcha,https://open.spotify.com/track/5ebmgjX1AIlMPXmAvmxfoH,0.711,0.472,7,-10.52,0,0.0464,0.000243,0.827,0.0838,0.142,125.013
87,Breathe,CamelPhat,https://open.spotify.com/track/6TR0FGw4zhlGbQALN065AI,0.595,0.877,9,-7.414,0,0.0442,0.00646,0.0879,0.398,0.081,125.015
88,Sad Songs (feat. L Devine),Route 94,https://open.spotify.com/track/3JsmrruMp8AWcbEZ4342JY,0.7,0.816,7,-5.439,0,0.0361,0.091,0.119,0.0729,0.632,123.986
89,Weightless - DJ Seinfeld Remix,Ben Böhmer,https://open.spotify.com/track/6AHpNcQVOpu7TwBRqAHGlN,0.642,0.879,4,-7.46,0,0.0492,0.0102,0.844,0.355,0.277,127.968
90,Paradise Awaits,ZHU,https://open.spotify.com/track/7w0RvC8LO5xpj3klbbS9rG,0.865,0.539,6,-7.817,0,0.174,0.118,0.0832,0.103,0.41,123.976
91,Sunshine,Low Steppa,https://open.spotify.com/track/4WSSEx2nV0qHdUEDj4LJ5d,0.636,0.984,10,-5.572,0,0.0477,0.000471,0.134,0.371,0.0966,124.013
92,You're Sunshine - Extended Mix,WEISS,https://open.spotify.com/track/69gwVBrKn2N78sXs54Vqp0,0.698,0.933,1,-6.734,1,0.0345,0.00377,0.0715,0.115,0.36,122.977
93,Won't Let You Down,Just Kiddin,https://open.spotify.com/track/2aoGWaziXHszSGIQk6qZWf,0.586,0.899,4,-3.458,0,0.0682,0.0852,0.0,0.355,0.251,119.856
94,Me & U,Biscits,https://open.spotify.com/track/06nCnkVALuvvNcBwVRNTUS,0.72,0.778,10,-8.447,1,0.0436,0.107,0.24,0.0349,0.0786,125.93
95,Carry Me Away (feat. Emma Hewitt) - Radio Edit,Chris Lake,https://open.spotify.com/track/3vVdNuzFHL0hmT8Xq4vbhY,0.698,0.897,0,-7.583,1,0.0608,0.0111,0.396,0.671,0.387,126.014
96,Don't Give Up (On Love) - Radio Edit,Blinkie,https://open.spotify.com/track/2imD2X1THchQEkbCUjBxmn,0.555,0.91,11,-4.285,1,0.045,0.0424,0.223,0.142,0.466,122.993
97,Young Forever,Lilly Ahlberg,https://open.spotify.com/track/2VveodsDiyIi3zcYMDgRx1,0.846,0.637,9,-7.388,0,0.037,0.0219,0.000826,0.0636,0.557,120.997
98,A Bit Patchy,Sammy Porter,https://open.spotify.com/track/6KEoUmsIe3s7acxhqDtvs7,0.822,0.947,4,-8.488,1,0.065,0.000698,0.92,0.0563,0.43,121.991
99,You're Not Alone,Franky Wah,https://open.spotify.com/track/2BrlLWPhn7H1bm5JwZ7HUh,0.372,0.708,7,-6.407,0,0.0361,0.00999,0.519,0.242,0.181,124.978
