,name,artist,url,danceability,energy,key,loudness,mode,speechiness,acousticness,instrumentalness,liveness,valence,tempo
0,Grab the Wheel,Lil Uzi Vert,https://open.spotify.com/track/3aJ66zarLOVW4o2nPDxg0g,0.748,0.48,5,-6.37,0,0.14,0.388,0.0,0.139,0.296,137.835
1,5 A.M.,Logic,https://open.spotify.com/track/0C1T6YOwB7MMzspV0UbKKA,0.72,0.677,5,-4.592,1,0.162,0.205,0.0,0.0966,0.389,174.072
2,The Come Up,Logic,https://open.spotify.com/track/50phXS6hmTMpmQbfds8Bvr,0.759,0.497,10,-5.068,0,0.145,0.147,0.0,0.147,0.281,87.037
3,Ballin,Logic,https://open.spotify.com/track/1qblTZmnYTluKZoNha5HXk,0.747,0.865,10,-5.957,0,0.215,0.0541,0.0,0.0979,0.693,150.609
4,All I Do,Logic,https://open.spotify.com/track/1IY46WkIINigH71KTv7Uv2,0.68,0.756,10,-7.154,0,0.19,0.0578,0.0,0.349,0.805,170.927
5,Just Another Day,Logic,https://open.spotify.com/track/45x4tULmYHSJelP4vRH0Lk,0.697,0.645,1,-8.415,1,0.211,0.0624,0.0,0.0795,0.15,81.992
6,Man Of The Year,Logic,https://open.spotify.com/track/5U6HACLkmJFWvC75pnxPdw,0.611,0.737,5,-6.401,0,0.0381,0.148,0.00193,0.106,0.492,156.024
7,One (feat. Frank Sinatra),Logic,https://open.spotify.com/track/52SUwNCzqElrCJQHxBsq5a,0.519,0.823,10,-5.85,1,0.0827,0.169,0.0,0.129,0.329,82.58
8,Dead Presidents lll,Logic,https://open.spotify.com/track/3iVFBmRZtDXdp8tFGpK0Et,0.609,0.912,10,-4.917,0,0.344,0.227,0.0,0.359,0.895,86.407
9,We Get High,Logic,https://open.spotify.com/track/34xbyF0mABlqub5fj5RkC0,0.76,0.766,1,-5.537,1,0.061,0.212,0.0001,0.256,0.583,119.012
10,Relaxation,Logic,https://open.spotify.com/track/5AgROGBWg39Ln0GK3YFSmz,0.744,0.734,10,-6.989,0,0.294,0.0282,0.0,0.0745,0.907,97.878
11,Numbers,Logic,https://open.spotify.com/track/4j9O2n3czrw000jY8ouJZ8,0.641,0.768,1,-6.351,1,0.0997,0.0247,0.0,0.208,0.501,80.019
12,Inception,Logic,https://open.spotify.com/track/3B02odTuOeLFb1OErDwC43,0.648,0.928,4,-4.976,0,0.346,0.103,0.0,0.56,0.526,111.254
