,name,artist,url,danceability,energy,key,loudness,mode,speechiness,acousticness,instrumentalness,liveness,valence,tempo
0,Cruise Ship,Young Thug,https://open.spotify.com/track/3C4FUqrrjuvWoHwsumWfIu,0.793,0.742,0,-6.185,1,0.21,0.0107,0.0,0.119,0.21,150.076
1,"Guwop (feat. Quavo, Offset and Young Scooter)",Young Thug,https://open.spotify.com/track/1BSA5I386L2IAmFQURYjIz,0.883,0.616,0,-7.218,0,0.274,0.014,1.48e-06,0.0967,0.482,141.969
2,12,88GLAM,https://open.spotify.com/track/4JRe23RYB0fN3rkYj1Uqm2,0.747,0.557,1,-8.971,0,0.069,0.369,3.53e-05,0.103,0.552,149.965
3,What Do You Do (feat. NAV),A$AP Ferg,https://open.spotify.com/track/4gpmL5xSZeHssgyIP3UuPS,0.819,0.713,8,-5.623,0,0.304,0.358,1.63e-05,0.0947,0.506,152.016
4,Head On (feat. Kevin Gates),YoungBoy Never Broke Again,https://open.spotify.com/track/3shHzEWwP2671lV4AscHhZ,0.897,0.628,1,-4.693,0,0.219,0.0267,4.47e-06,0.119,0.636,147.997
5,La Familia,Kevin Gates,https://open.spotify.com/track/7gwDqZmkyNf5YCSXpxLWwd,0.842,0.596,1,-6.026,1,0.112,0.0843,0.0,0.106,0.0679,124.988
6,Out the Mud,Kevin Gates,https://open.spotify.com/track/2UyQQjPjq4nA7mYivEkzRx,0.854,0.709,10,-5.214,0,0.105,0.0402,0.0,0.0901,0.403,129.929
7,Intro,Roddy Ricch,https://open.spotify.com/track/7AOtINPzQ4N4JVXk7ygZZz,0.738,0.657,3,-8.737,0,0.109,0.164,0.0,0.163,0.716,159.01
8,Every Season,Roddy Ricch,https://open.spotify.com/track/1ttPzkTSpQUFcEGx8bjerL,0.936,0.704,5,-5.47,0,0.457,0.0632,0.0,0.104,0.566,130.022
9,STUNNAMAN (with Roddy Ricch & feat. Lil Wayne),Birdman,https://open.spotify.com/track/3ptB4SmuSJTGhQByFrMJVJ,0.865,0.699,8,-6.062,0,0.196,0.0867,0.0,0.295,0.705,144.949
10,Bloodas 2 Interlude (feat. Lil Durk),Tee Grizzley,https://open.spotify.com/track/4hJ2Hu7an2vnlfkmyyjg86,0.889,0.671,9,-7.111,1,0.0934,0.00623,1.91e-06,0.132,0.439,149.982
11,Henny'd Up,Young M.A,https://open.spotify.com/track/1MNVW2n4G8NMdxVtG99UTw,0.721,0.689,11,-5.192,1,0.24,0.0556,0.0,0.151,0.276,144.115
12,BIG,Young M.A,https://open.spotify.com/track/7cyeGclH71MayOuQ7qtLFl,0.86,0.507,0,-5.776,0,0.369,0.0408,6.15e-06,0.14,0.15,85.005
13,Out Tha Mud,Roddy Ricch,https://open.spotify.com/track/7jI9cnrZof9mRNpIsA7QQN,0.83,0.376,4,-8.073,0,0.19,0.0121,8.07e-06,0.218,0.165,129.981
14,All da Smoke,Future,https://open.spotify.com/track/1wWRtPIKD7ZNvtsrzLyTev,0.893,0.583,0,-6.862,1,0.341,0.0265,1.33e-05,0.149,0.115,147.0
15,Digits,Young Thug,https://open.spotify.com/track/4cg1yakyRSIOjxKM2I7J1q,0.769,0.632,10,-4.228,0,0.0537,0.0325,0.0,0.116,0.294,131.932
16,Nascar,Roddy Ricch,https://open.spotify.com/track/4F60iJFwx0G7x3SNjYWiZP,0.817,0.743,9,-4.793,1,0.166,0.0244,1.04e-06,0.102,0.374,172.962
17,Spin The Block (feat. Future),Lil Durk,https://open.spotify.com/track/6lCa8pjIU9n3nVI0r62EdM,0.833,0.549,5,-7.215,0,0.22,0.002,2.37e-06,0.133,0.328,175.954
18,No Cap,Future,https://open.spotify.com/track/06Gyf2pFDVmN5K8XAawG96,0.8,0.523,1,-6.578,1,0.107,0.00108,0.0,0.352,0.379,147.057
19,Lost It (feat. Quavo & Offset),Rich The Kid,https://open.spotify.com/track/68449VKGwYShObwI2UFdFt,0.827,0.642,1,-4.29,0,0.242,0.00905,1.5e-06,0.0865,0.181,145.004
20,Marvelous Day (feat. Lil Uzi Vert & Gunna),Kap G,https://open.spotify.com/track/4kfEy7h6bWBS5OaDpccTap,0.846,0.651,7,-5.481,0,0.128,0.634,0.0,0.125,0.581,140.048
21,Super Saiyan,Lil Uzi Vert,https://open.spotify.com/track/2sO7QVPRKEPyY5RcG3N6Ic,0.855,0.775,10,-3.856,0,0.392,0.187,0.0,0.15,0.37,128.067
22,Sin (feat. Jaden Smith),Young Thug,https://open.spotify.com/track/1Jl21sidRpEdlVBvYbssLx,0.889,0.385,11,-11.767,0,0.165,0.00544,0.0,0.274,0.235,125.995
23,On the Run (feat. Offset),Young Thug,https://open.spotify.com/track/04yv0dtqVm9u745efIuxbZ,0.964,0.529,0,-7.748,1,0.187,0.00659,4.47e-06,0.0872,0.63,128.042
24,Chek (feat. Future),DJ ESCO,https://open.spotify.com/track/5SGYanjZguKYg5PgVzFsvR,0.879,0.617,1,-6.333,1,0.254,0.199,0.0,0.264,0.345,144.399
25,31 DAYS,Future,https://open.spotify.com/track/7MywASx2OFZngfoORjo1yy,0.875,0.644,1,-6.554,1,0.222,0.267,0.0,0.125,0.788,139.086
26,Life Goes On,Lil Baby,https://open.spotify.com/track/2bSk87AVkCIIC3Bcligq1z,0.716,0.541,1,-7.909,1,0.149,0.0021,0.0,0.115,0.387,139.978
27,Whip Bump,Foolio,https://open.spotify.com/track/39CIBmi5KX7TQmzqNlmPp5,0.863,0.534,9,-9.756,1,0.459,0.11,0.0,0.14,0.872,140.293
28,Blow a Bag,Future,https://open.spotify.com/track/6ycYqFnXnjMOwMvEMbEpUk,0.793,0.607,4,-6.488,0,0.082,0.218,4.95e-06,0.348,0.15,140.992
29,Digital Dash,Drake,https://open.spotify.com/track/0GR7iJLhj80KD5LkA14ZRn,0.881,0.546,2,-7.566,1,0.12,0.00296,4.72e-06,0.226,0.276,140.032
30,"Xotic (feat. Future, Rich The Kid & Young Thug)",DJ ESCO,https://open.spotify.com/track/4VmcVEuTlYnWcc6QksaLyw,0.897,0.632,4,-6.097,0,0.296,0.0497,7.96e-06,0.111,0.499,151.99
31,Brand New,Roddy Ricch,https://open.spotify.com/track/7KgCjoyL1lNA2YZoEJhD8x,0.893,0.545,5,-6.823,0,0.2,0.00825,0.0,0.0888,0.603,148.055
32,Cream,Roddy Ricch,https://open.spotify.com/track/2wz3OO7ndJQj15z3drwKkf,0.894,0.625,8,-6.703,1,0.302,0.158,0.0,0.171,0.428,150.026
33,Area Codes,Roddy Ricch,https://open.spotify.com/track/3ULjPcUKiHNJJo4Znq8wjo,0.859,0.647,2,-6.902,1,0.336,0.00726,0.0,0.108,0.169,152.917
34,when u need,Austin Skinner,https://open.spotify.com/track/4I00btyG8toCeBpgQWsfpw,0.694,0.665,11,-5.768,0,0.0344,0.00706,0.0,0.121,0.336,142.008
35,Faces,Roddy Ricch,https://open.spotify.com/track/3E1VoxJZ1JO8xhlxite5bn,0.674,0.637,5,-6.816,1,0.085,0.00671,0.0,0.0867,0.132,157.706
36,Throwing Shade,Lil Baby,https://open.spotify.com/track/2Z9wPJaKys1LAOlcBtjvOU,0.793,0.447,7,-9.253,1,0.151,0.0117,0.00019,0.109,0.188,139.949
37,Don't Give Up,Gunna,https://open.spotify.com/track/4qBdbmW8xHyVlqdBHsHejv,0.803,0.441,8,-10.253,1,0.381,0.0347,0.00337,0.078,0.473,153.128
38,Southside,Lil Baby,https://open.spotify.com/track/5lf3ajySox32qFvGEf2TFM,0.813,0.646,4,-4.901,1,0.263,0.00271,0.0,0.191,0.375,77.518
39,Leaked,Lil Baby,https://open.spotify.com/track/0FIcYpNaqZaJnP3yDcaBN6,0.798,0.375,7,-7.552,0,0.144,0.00352,0.0,0.0767,0.171,139.997
40,Racks on Me,Drako,https://open.spotify.com/track/3CSedTck3BITtMgTACc5CP,0.745,0.69,1,-6.641,1,0.246,0.165,0.0,0.106,0.694,141.876
41,Wat U On (feat. Gunna),Moneybagg Yo,https://open.spotify.com/track/4B8T2F8aKcuMW6EmNnbMY9,0.835,0.468,1,-6.97,1,0.239,0.029,0.0,0.245,0.401,126.072
42,Fit In,Lil Baby,https://open.spotify.com/track/7tgEm1rQTA603HnZYRDgKL,0.878,0.444,2,-8.47,0,0.452,0.316,0.0,0.134,0.653,144.06
43,Business Is Business (Lil Baby & Gunna),Lil Baby,https://open.spotify.com/track/7roKDmJDOzkpfGpUQJ5EnL,0.821,0.636,7,-6.038,0,0.0899,0.288,0.0,0.104,0.4,142.008
44,Tsunami,Young Thug,https://open.spotify.com/track/0GOOWPWqR2N7h3NkDi7oez,0.826,0.457,1,-10.324,1,0.371,0.00145,0.0,0.14,0.53,156.001
45,Old English,Young Thug,https://open.spotify.com/track/7hcjkFjIyw8vsUOVIDlcmS,0.809,0.799,1,-5.463,1,0.407,0.0404,0.0,0.353,0.744,81.94
46,Kung Fu,Baauer,https://open.spotify.com/track/1BDZTDK7yM3W1r25X9TAiT,0.569,0.758,10,-5.77,0,0.0937,0.0167,0.0,0.317,0.569,74.939
47,Chains Choking Me (feat. Gunna),Young Thug,https://open.spotify.com/track/2KG4X41ARZad7B6XczCvgc,0.722,0.482,2,-11.249,1,0.325,0.0123,0.0,0.112,0.0842,81.735
48,Already Best Friends (feat. Chris Brown),Jack Harlow,https://open.spotify.com/track/4RKJRRd4VJfZWiqQTYsleE,0.873,0.575,10,-7.284,0,0.0702,0.0891,0.0,0.108,0.872,103.005
49,Matt Hardy 999 (feat. Juice WRLD),Trippie Redd,https://open.spotify.com/track/1HsOTiVqdN7PB1zOS2bcsO,0.672,0.654,1,-4.528,1,0.0966,0.201,0.0,0.1,0.404,78.512
50,Betrayal (feat. Drake),Trippie Redd,https://open.spotify.com/track/4mOkfIYbMX9PXx27hj8NTi,0.74,0.564,8,-6.71,1,0.0688,0.0126,0.0,0.126,0.129,158.114
51,Still Runnin (feat. Meek Mill),Lil Baby,https://open.spotify.com/track/5cAN3P7jWVf78gev1eF7TJ,0.856,0.727,2,-5.616,1,0.277,0.013,0.0,0.117,0.286,146.044
52,Often,BIGBABYGUCCI,https://open.spotify.com/track/2zdDcKyYMWEjQO3ezY7PzK,0.774,0.71,2,-6.426,1,0.186,0.086,0.00117,0.109,0.628,161.988
53,SWISH/USE 2,FLEE,https://open.spotify.com/track/316psfgQyeOKRKVltAV3kz,0.76,0.421,1,-10.94,1,0.271,0.00479,0.0,0.0937,0.284,154.968
54,"5500 Degrees (feat. Lil Baby, 42 Dugg & Rylo Rodriguez)",EST Gee,https://open.spotify.com/track/6uTID2glulLOXYhcwMETS1,0.843,0.697,7,-6.542,1,0.349,0.0215,0.0,0.144,0.792,98.081
55,Froze (feat. Lil Uzi Vert & Nicki Minaj),Meek Mill,https://open.spotify.com/track/3klzr0269NpGoBpe9BUNXN,0.7,0.693,2,-6.553,1,0.14,0.00375,0.0,0.314,0.525,133.981
