,name,artist,url,danceability,energy,key,loudness,mode,speechiness,acousticness,instrumentalness,liveness,valence,tempo
0,Jump Out the Face (feat. Future),Meek Mill,https://open.spotify.com/track/17AS0y6FnHdYImAPUydAJg,0.699,0.543,0,-8.879,1,0.138,0.0411,1.26e-06,0.178,0.14,130.064
1,Tone It Down (feat. Chris Brown),Gucci Mane,https://open.spotify.com/track/3l4ha5okkyLgMAFIKRSNVG,0.759,0.656,8,-5.596,1,0.0679,0.127,0.0,0.102,0.59,130.949
2,No Hands (feat. Roscoe Dash & Wale),Waka Flocka Flame,https://open.spotify.com/track/03tqyYWC9Um2ZqU0ZN849H,0.76,0.595,1,-6.366,1,0.0391,0.00544,0.0,0.241,0.361,131.497
3,Slum Anthem,K CAMP,https://open.spotify.com/track/6225vlQNgif1W5dE5KN6Y6,0.759,0.454,1,-6.594,1,0.137,0.192,5.69e-06,0.0853,0.0551,140.04
4,Hate Bein' Sober,Chief Keef,https://open.spotify.com/track/3SuzCeGoNOWmbWOoDMou0B,0.82,0.47,8,-7.181,1,0.0458,0.00435,0.0,0.141,0.313,132.003
5,Birthday Song,2 Chainz,https://open.spotify.com/track/5qkWTBmDmZjogwIvbKtJQv,0.753,0.59,1,-2.623,1,0.0485,0.0591,0.0,0.15,0.161,140.002
6,Ayy Ladies (feat. Tyga),Travis Porter,https://open.spotify.com/track/4P6BuLsqtg5uISdE77ypI9,0.905,0.782,10,-3.604,0,0.164,0.096,0.0,0.0623,0.798,96.055
7,Too Much Sauce (feat. Future & Lil Uzi Vert),DJ ESCO,https://open.spotify.com/track/5oyUurs28XRagLa8lgm6V3,0.96,0.547,6,-6.992,0,0.0786,0.0496,0.0,0.216,0.186,121.01
8,My Way (feat. Monty),Fetty Wap,https://open.spotify.com/track/1WoOzgvz6CgH4pX6a1RKGp,0.748,0.741,6,-3.103,1,0.0531,0.00419,0.0,0.147,0.537,128.077
9,Love Sosa,Chief Keef,https://open.spotify.com/track/4IowQDUOzUvNtp72HMDcKO,0.772,0.413,0,-8.193,0,0.089,0.0361,0.0,0.111,0.211,131.965
10,Contraband,Migos,https://open.spotify.com/track/1htH7gOvewMRRsEkBXfp06,0.826,0.709,9,-5.104,1,0.238,0.174,0.0,0.313,0.463,133.047
11,Bitches Love Me,Lil Wayne,https://open.spotify.com/track/6PJA2jO3ypW0W8Epuz6o06,0.595,0.653,8,-6.223,0,0.0365,0.00373,0.0,0.216,0.43,124.938
12,Where Ya At (feat. Drake),Future,https://open.spotify.com/track/5nN8BwAQDJDguq7Dpd3JQQ,0.813,0.453,1,-6.941,1,0.338,0.0933,0.0,0.14,0.191,161.997
13,Grove St. Party (feat. Kebo Gotti),Waka Flocka Flame,https://open.spotify.com/track/2e9EZ2V5QGGZPMJacO3y0Y,0.705,0.702,0,-4.783,0,0.108,0.138,0.0,0.364,0.771,140.059
14,Down In the DM,Yo Gotti,https://open.spotify.com/track/1LxKKYsJNPeBdOwdudsJzv,0.776,0.662,1,-7.016,0,0.0489,0.00157,2.1e-05,0.0887,0.324,152.927
15,Hot N*gga,Bobby Shmurda,https://open.spotify.com/track/19gEmPjfqSZT0ulDRfjl0m,0.794,0.51,9,-7.314,1,0.42,0.0505,1.81e-06,0.0562,0.18,167.879
16,Imma Ride,Young Thug,https://open.spotify.com/track/73JJHEKUuOOsA8MDzOd4vy,0.854,0.401,9,-8.553,1,0.395,0.118,0.0,0.527,0.42,139.922
17,Uno,Ambjaay,https://open.spotify.com/track/3AEgic4yp82NxMWUjHtxnO,0.978,0.477,8,-8.159,1,0.155,0.000143,0.0,0.133,0.196,110.002
18,Addicted to My Ex,M City JR,https://open.spotify.com/track/5NuhZIx47GxB5DAXg8jWHN,0.83,0.5,1,-6.597,1,0.0725,0.0889,0.000349,0.277,0.0491,140.009
19,CoCo,O.T. Genasis,https://open.spotify.com/track/2JI71GHwq2LN8mtq3iCLYo,0.886,0.628,8,-5.949,1,0.131,0.00215,1.15e-05,0.31,0.178,119.906
20,Let's Get It (feat. Ty Dolla $ign and Wiz Khalifa),Ca$h Out,https://open.spotify.com/track/4Am4GySeEbSkPb6APnPGgQ,0.824,0.524,1,-6.429,1,0.119,0.0643,0.0,0.295,0.143,140.019
21,Haha (feat. Chief Keef),Weiland,https://open.spotify.com/track/5IKTN2QGlddYco14QZn3TU,0.786,0.554,10,-9.665,0,0.187,0.00646,2.3e-05,0.102,0.273,162.983
