,name,artist,url,danceability,energy,key,loudness,mode,speechiness,acousticness,instrumentalness,liveness,valence,tempo
0,Smooth,Javi Colina,https://open.spotify.com/track/5tuW2kNC1SxKq4dCByhL7Z,0.785,0.855,7,-9.006,1,0.11,0.0817,0.483,0.239,0.595,123.996
1,Si Tu Novio Te Deja Sola,J Balvin,https://open.spotify.com/track/2joKSGkqac0LIwYG9Ghrwq,0.718,0.46,3,-9.498,0,0.0711,0.519,0.0,0.0981,0.52,121.927
2,Dile Que Tu Me Quieres,Ozuna,https://open.spotify.com/track/5u5MvmVtitax9R1Mxh3reC,0.773,0.757,1,-4.959,1,0.0526,0.0864,3.73e-06,0.0727,0.858,88.006
3,Es un Secreto,Plan B,https://open.spotify.com/track/7JwdbqIpiuWvGbRryKSuBz,0.841,0.783,6,-4.915,0,0.0432,0.106,2.49e-06,0.0528,0.514,94.989
4,Run It! (feat. Juelz Santana),Chris Brown,https://open.spotify.com/track/7xYnUQigPoIDAMPVK79NEq,0.846,0.482,1,-6.721,0,0.129,0.0246,0.0,0.393,0.212,100.969
