,name,artist,url,danceability,energy,key,loudness,mode,speechiness,acousticness,instrumentalness,liveness,valence,tempo
0,NOSTYLIST,Destroy Lonely,https://open.spotify.com/track/42tD9J0KCPFSc1d2hFTvAf,0.567,0.773,11,-5.166,0,0.0775,0.0396,0.0,0.111,0.496,160.08
1,just wanna rock - Sped Up Version,sped up nightcore,https://open.spotify.com/track/5BDZ8atcxq0QHGn66YwTwh,0.544,0.546,1,-14.475,1,0.0923,0.0099,0.00027,0.392,0.151,161.76
2,Swing Ya Pole,Summrs,https://open.spotify.com/track/3jGGBXlK2H5wDCJliiDdIW,0.682,0.521,5,-6.464,1,0.0436,0.00577,0.0,0.14,0.106,143.992
3,Out My Way,LUCKI,https://open.spotify.com/track/7gdhZ5u9T1tmvd3zud1yQZ,0.952,0.406,0,-5.634,1,0.344,0.0257,0.000578,0.1,0.553,127.027
4,IN THE FIELD,Thouxanbanfauni,https://open.spotify.com/track/12bM0JJGDjlPblI5m42ziS,0.731,0.564,11,-9.63,0,0.322,0.0116,8.23e-06,0.757,0.58,156.142
5,PLAYBOI 4L,youngnys,https://open.spotify.com/track/6kpRGyqbd9F7CtzGx5Wbjm,0.682,0.706,4,-7.844,0,0.0887,0.224,2.56e-06,0.351,0.0358,156.063
6,F&F,Coults,https://open.spotify.com/track/1QO2Am0DQ2cj7ROJ0AxA7s,0.787,0.524,11,-8.821,0,0.0398,0.0785,0.00676,0.109,0.264,127.113
7,Penthouse Shordy,Dom Corleo,https://open.spotify.com/track/6vOedMRRZuckfMknIswvLv,0.684,0.766,1,-7.511,0,0.165,0.0236,0.0,0.104,0.566,131.866
8,eternal 永遠,Souljahwitch,https://open.spotify.com/track/5cJsvHuxXkO3mEFXdITF3y,0.534,0.236,10,-18.228,0,0.137,0.23,7.47e-05,0.119,0.0717,140.371
9,DIRTY STICKS !,Digital Nas,https://open.spotify.com/track/3cUnOWaMjRuQdH8gRW2oRV,0.522,0.826,1,-6.338,1,0.255,0.00345,0.00597,0.0812,0.211,171.813
