,name,artist,url,danceability,energy,key,loudness,mode,speechiness,acousticness,instrumentalness,liveness,valence,tempo
0,Bad Mofo,Shaded,https://open.spotify.com/track/3T8bCERVRnvCLq9l9S3540,0.798,0.912,10,-7.254,0,0.0429,0.00468,0.825,0.104,0.123,127.003
1,BREAK MY SOUL - Honey Dijon Remix,Beyoncé,https://open.spotify.com/track/0ygoQd0TX8WQuSX2sDTN95,0.805,0.882,1,-6.754,1,0.0486,0.000974,0.129,0.0373,0.355,125.003
2,My Paradise - Vintage Culture Extended Remix,Jamie Jones,https://open.spotify.com/track/6Nk9gSHTWp8kl3dENVLwVt,0.792,0.837,10,-7.426,0,0.0649,0.0214,0.839,0.0594,0.396,127.999
3,Don't Call Me Baby - Tommie Sunshine & Disco Fries Remix,Madison Avenue,https://open.spotify.com/track/3mlPoxuGMKRc6RNMnsJN3L,0.895,0.705,5,-5.364,1,0.0846,0.00105,0.204,0.373,0.344,128.018
4,Get Get Down - Original Mix,Paul Johnson,https://open.spotify.com/track/499H3An7EsRyqUcOGTxzku,0.906,0.918,5,-8.041,0,0.0839,0.000146,0.845,0.116,0.51,126.953
5,Better Off Alone,Alice Deejay,https://open.spotify.com/track/5XVjNRubJUW0iPhhSWpLCj,0.671,0.882,8,-6.149,0,0.0552,0.00181,0.667,0.285,0.787,136.955
6,Kernkraft 400 - DJ Gius Mix - Radio Edit,Zombie Nation,https://open.spotify.com/track/3nQ5Wmadgg1CHQyi5jhIHy,0.714,0.528,6,-8.789,1,0.0692,0.00415,0.854,0.0819,0.297,139.983
7,Pump Up The Jam,Technotronic,https://open.spotify.com/track/21qnJAMtzC6S5SESuqQLEK,0.885,0.844,10,-9.225,0,0.0733,0.0147,4.49e-06,0.0494,0.715,124.602
8,Eat Sleep Rave Repeat (feat. Beardyman) - Calvin Harris Radio Edit,Fatboy Slim,https://open.spotify.com/track/6gF4YXwuu1N0lJDOuMLgbU,0.697,0.947,0,-4.156,1,0.106,0.424,0.0527,0.128,0.626,128.004
9,Smack Yo',Beltran,https://open.spotify.com/track/2UdCQIDwFvGhslUYZH5tRR,0.884,0.745,7,-7.892,1,0.135,0.00321,0.357,0.0921,0.735,126.992
10,Party Starter,Matt Guy,https://open.spotify.com/track/1Cr4BPvz478KxPohfnLuN0,0.813,0.856,9,-7.303,1,0.0454,0.000969,0.517,0.0481,0.518,130.014
11,The Age Of Love (Charlotte de Witte & Enrico Sangiuliano Remix),Age Of Love,https://open.spotify.com/track/6R84ZlQF7gGkPB6o3GLZXB,0.748,0.908,5,-8.319,0,0.0504,0.0588,0.894,0.0943,0.0576,130.004
12,Children - Extended Mix,Deborah de Luca,https://open.spotify.com/track/6n0QH2FVS1hTvfho6xYpuP,0.631,0.755,6,-10.406,1,0.0377,0.0432,0.892,0.11,0.066,134.973
13,Touched The Sky - CASSIMM Radio Edit,Dennis Ferrer,https://open.spotify.com/track/27p8wHK34UVnjHYrpj4BzA,0.823,0.926,7,-6.382,0,0.0777,0.00285,0.784,0.538,0.897,123.99
14,Jumpin Thumpin,Todd Terry,https://open.spotify.com/track/4IsSPCtzVucGYbFBKAnlxO,0.858,0.73,1,-7.761,1,0.0967,3.66e-05,0.84,0.66,0.341,129.827
15,So Hooked On Your Lovin - Mousse T.'s Extended Disco Shizzle,Selace,https://open.spotify.com/track/2Acnxbn8z9gtuBTFklZ8DC,0.924,0.872,0,-5.747,1,0.265,0.0168,0.058,0.164,0.564,120.007
16,Thinking Of You - Original Mix,Serge Devant,https://open.spotify.com/track/7Cfxjhbycu2bLZG1H5Yj3r,0.807,0.76,0,-9.666,1,0.0604,0.000753,0.682,0.101,0.549,120.998
17,Space Riot,Shadow Child,https://open.spotify.com/track/4YvSHpgPKOgtbT92E8zqad,0.704,0.986,8,-4.781,0,0.0831,0.00121,0.751,0.551,0.124,126.984
18,B.O.T.A. (Baddest Of Them All),Eliza Rose,https://open.spotify.com/track/45bfH0GZvUyujIBiKRhXso,0.756,0.962,0,-7.526,1,0.0583,0.0671,0.703,0.194,0.749,136.981
19,Come With Me,Will Sparks,https://open.spotify.com/track/1h1IERBZcsq6HVYbvLkmoT,0.559,0.928,9,-5.507,1,0.0434,0.0218,0.519,0.322,0.0384,132.014
20,Don't You Want My Love - Remastered,Debbie Jacobs,https://open.spotify.com/track/4ti2wje1ckDWltwP45ea9U,0.817,0.839,8,-6.267,1,0.0402,0.0253,0.00675,0.0486,0.845,129.56
21,Without You,Foamo,https://open.spotify.com/track/4FIcEtRaj9znt0qSMYCRl2,0.794,0.944,1,-6.419,1,0.058,0.00107,0.877,0.568,0.169,127.015
22,This Is The Sound,Riva Starr,https://open.spotify.com/track/6t3rvtaJL1pZjDe9oE9Qi0,0.823,0.979,7,-5.13,1,0.0828,0.015,0.612,0.125,0.426,126.004
23,Fade (feat. SHELLS) - Never Dull Remix,Bondax,https://open.spotify.com/track/1uBCP3aw8yWL9oDggqWLDm,0.703,0.884,1,-4.879,0,0.051,0.00773,0.101,0.27,0.962,123.067
24,Damage - Joel Corry Remix,H.E.R.,https://open.spotify.com/track/0J9Z555r7aAx5wB8ysDjhp,0.688,0.77,1,-5.134,1,0.0292,0.0138,0.00209,0.112,0.386,120.975
25,Delilah (Pull Me Out of This),Fred again..,https://open.spotify.com/track/2bHUM7wIS5AjjAlANzpsfx,0.685,0.827,10,-7.745,1,0.224,0.138,0.00207,0.374,0.586,133.93
26,Last Night a D.J. Saved My Life - Smeddles More Ass Mix,Indeep,https://open.spotify.com/track/2xXrexxpF9Q6cVpFSIAj1h,0.834,0.717,6,-7.851,1,0.053,0.0101,0.803,0.0593,0.864,126.0
27,Corrida,Charles J,https://open.spotify.com/track/2tJDEU3QRLA0O2QMkIdb62,0.913,0.939,4,-4.828,0,0.24,0.0126,0.00424,0.0611,0.701,123.022
28,Rainfall (Praise You),Tom Santa,https://open.spotify.com/track/1M8t1j3Kv2qp97bdq5q4Vl,0.767,0.862,5,-5.464,0,0.0606,0.14,0.0092,0.252,0.509,128.039
29,Hungry (For Love),LF SYSTEM,https://open.spotify.com/track/4Uz7te06snSlkmcIwwAvkw,0.605,0.973,7,-3.214,0,0.0806,0.00063,0.0995,0.455,0.49,128.014
30,B.O.T.A. (Baddest Of Them All) - Edit,Eliza Rose,https://open.spotify.com/track/39JofJHEtg8I4fSyo7Imft,0.736,0.906,0,-7.589,1,0.048,0.164,0.585,0.106,0.698,137.001
31,Dr. Funk (Riva Starr Mo' Disco Remix),Carl Cox,https://open.spotify.com/track/2V2wXJas7b4bPSs2LHpTnv,0.773,0.993,10,-6.824,0,0.0399,0.00289,0.883,0.0637,0.524,126.004
32,Bourgie Bourgie,LF SYSTEM,https://open.spotify.com/track/1yiKEvsWURV5lAc2rs22Qq,0.692,0.776,9,-6.357,0,0.0371,0.000503,0.0457,0.0773,0.633,128.011
33,Sizzling,Daphni,https://open.spotify.com/track/7AkuWVEfviEjaNa8ps3uVw,0.711,0.927,2,-8.194,1,0.0374,0.00046,0.832,0.0506,0.46,132.029
34,Miracle Maker - Matt Guy Remix,Dom Dolla,https://open.spotify.com/track/3n3wsH09Hh6wGatQzopTJs,0.78,0.929,10,-4.649,1,0.0619,0.177,0.14,0.213,0.484,130.03
35,Save Our Souls,Dombresky,https://open.spotify.com/track/13KQG2CxUbWgHpmgmycNVy,0.658,0.98,7,-5.746,1,0.058,0.0417,0.278,0.0964,0.407,126.995
36,Lifetime (with Ty Dolla $ign & 070 Shake),Swedish House Mafia,https://open.spotify.com/track/3QqHt507QJZCzluEYsnv4u,0.584,0.718,11,-7.824,0,0.126,0.0205,2.99e-06,0.906,0.155,99.841
37,Don’t Go Mad (feat. Seinabo Sey),Swedish House Mafia,https://open.spotify.com/track/3Cl8IGVb7E63EDIXTn5Pk7,0.564,0.701,7,-7.378,1,0.252,0.0119,0.334,0.385,0.212,136.499
38,Can U Feel It,Swedish House Mafia,https://open.spotify.com/track/65gExOYkBkGgJlKil5fD7D,0.661,0.552,2,-8.118,1,0.0465,0.000464,0.76,0.117,0.183,125.023
39,LEFT TO RIGHT,Odd Mob,https://open.spotify.com/track/34S5HQW5JoLBO9VS9YSSQc,0.856,0.959,8,-4.441,1,0.271,0.145,0.377,0.306,0.219,128.016
40,Raw - Tony Romera Remix,Julio Navas,https://open.spotify.com/track/7lxbCUxQXJRkPQ1eErYZd3,0.865,0.967,0,-5.03,1,0.087,0.392,0.877,0.353,0.163,128.005
41,"Take Off, Baby! feat. Orlando - Original Mix",Ronald Christoph,https://open.spotify.com/track/53De5pp7L4umlJU7srhacZ,0.908,0.518,1,-9.569,1,0.116,0.00406,0.682,0.104,0.624,124.008
42,Afraid To Feel - David Guetta & Dyro Remix,LF SYSTEM,https://open.spotify.com/track/4uRxhu6ga4eIWUBz5h3Wtd,0.567,0.964,8,-5.305,1,0.387,0.00722,0.000304,0.339,0.386,128.377
43,songs we loved - MOLØ Remix,Cokejazz,https://open.spotify.com/track/4drVM6ggBGXfJHtMgKx4kz,0.694,0.511,8,-13.458,1,0.0512,0.0902,0.856,0.0413,0.054,124.007
44,Ain't Nobody,Franky Rizardo,https://open.spotify.com/track/1YWN4q25f70rdmntlWV2kY,0.8,0.842,8,-7.954,0,0.0877,0.00505,0.617,0.0821,0.542,129.005
45,Say Yes,TOKiMONSTA,https://open.spotify.com/track/0gfZlbWWWd1VKvwQHOI0wS,0.737,0.768,5,-6.084,0,0.0587,0.167,0.00465,0.102,0.385,121.014
46,Bleu (better with time),Fred again..,https://open.spotify.com/track/1VqS6b1NqGRTkO3NzQpJG7,0.72,0.7,8,-7.797,0,0.0456,0.205,0.00041,0.161,0.323,121.967
47,Dance With Me,Kevin de Vries,https://open.spotify.com/track/7i08AhQcrdD4GLlr2Pmamg,0.792,0.704,6,-7.181,0,0.0631,0.00213,0.564,0.123,0.472,124.003
48,Room 1.5,Joseph Ray,https://open.spotify.com/track/7KNAX5vcVQpGalIP1TiQuP,0.737,0.749,6,-8.238,1,0.0416,0.0251,0.918,0.0977,0.138,123.999
49,Baby Girl,Disco Lines,https://open.spotify.com/track/2cSdAkzAf2T4j4aLvx4LLz,0.73,0.907,2,-3.72,1,0.0606,0.0921,0.114,0.23,0.249,120.968
50,Baby Girl - George IV's UK Sunshine Flip,Disco Lines,https://open.spotify.com/track/2wgTDCCKoMLzDVBYsaIN9h,0.839,0.889,11,-6.976,0,0.346,0.1,0.594,0.0916,0.77,129.026
51,I'll Be,Martin Ikin,https://open.spotify.com/track/5R31UOj1Sjfqgn0C2ZpHi3,0.679,0.931,7,-4.235,0,0.0603,0.0272,0.832,0.147,0.381,124.0
52,Hot Minute,Moon Boots,https://open.spotify.com/track/28eMNSZ8oN8JVmtFgQSzhJ,0.78,0.553,8,-7.303,0,0.0496,0.000676,0.396,0.121,0.813,122.977
53,Coma Cat - Purple Disco Machine Re-Work,Tensnake,https://open.spotify.com/track/1BMFet4vUoOgpLYIl3kVMQ,0.653,0.978,9,-4.868,0,0.0589,0.0151,0.714,0.309,0.756,122.017
54,I Can't Shake This Feeling,Husko,https://open.spotify.com/track/3XSN5RzliMlCwnlttYaY9h,0.691,0.946,11,-5.233,0,0.0583,0.00897,0.000884,0.463,0.82,127.993
55,Take My Time,Supershy,https://open.spotify.com/track/3VYoc6emZhwmbA0SZmYhMb,0.792,0.887,6,-7.859,0,0.054,0.0991,0.931,0.0897,0.763,118.563
56,Thank You Baby,Things You Say,https://open.spotify.com/track/0RZTDBSEMBztdaXwu2WOdm,0.737,0.964,8,-6.214,0,0.0774,0.00256,0.175,0.571,0.758,125.993
57,Let's Start to Dance Again - Dimitri From Paris Remix,Bohannon,https://open.spotify.com/track/4NJqr1sHx0bYDCmyoD3u4v,0.721,0.976,10,-4.731,0,0.0683,0.0317,0.0516,0.41,0.533,120.016
58,Be Your Girl (Kaytranada Edition),Teedra Moses,https://open.spotify.com/track/38spM0LahLUfQhOMAqA7AI,0.864,0.682,6,-6.73,0,0.386,0.208,5.27e-06,0.1,0.268,115.012
59,Steamroller,Anish Kumar,https://open.spotify.com/track/1Sh4k3Bhq9C9airIGg7awN,0.65,0.968,7,-6.394,1,0.0598,0.014,0.742,0.739,0.856,132.105
60,Let's Go Dancing,Ampersounds,https://open.spotify.com/track/7d696wvZ6NFZstNvpqgpwV,0.735,0.74,7,-6.178,1,0.0593,0.00175,0.616,0.075,0.101,124.001
61,Come Back Home - Patchouli Mix,4th Corner,https://open.spotify.com/track/2N5lepJgVKJr6Bk6zPpPtK,0.765,0.727,9,-6.288,0,0.0508,0.00132,0.00357,0.0426,0.796,121.996
62,Happy Music,Supershy,https://open.spotify.com/track/7uGpUhy4uf2UrHH7TyhM6C,0.777,0.737,11,-5.86,0,0.0351,0.0421,0.379,0.0265,0.891,123.993
63,Keep Moving - The Blessed Madonna remix / Edit,Jungle,https://open.spotify.com/track/7wrW0eAXIEcKF6tgUXYNa7,0.713,0.735,10,-5.502,0,0.051,0.000879,0.535,0.235,0.501,125.995
64,Brand New,Fabich,https://open.spotify.com/track/5WLOrfMyifyQZjPYWwQvyC,0.753,0.852,3,-8.336,1,0.121,0.037,0.0174,0.0785,0.749,126.039
65,Music Saved My Life,Dimitri From Paris,https://open.spotify.com/track/2XPixA82xnIiju7E0bgt4e,0.705,0.861,5,-6.066,0,0.053,0.0584,7.32e-06,0.0691,0.714,120.025
66,Exposure,Lex Luca,https://open.spotify.com/track/6OedXZ6IDPWis11dxLySUX,0.781,0.873,6,-7.604,0,0.0686,0.00229,0.38,0.0324,0.495,124.014
67,"Love's Been Waiting (feat. Kimberly Davis) - 7"" Version",The Shapeshifters,https://open.spotify.com/track/2Y3JbZlIqfSmzsr85yl5GA,0.686,0.896,6,-4.805,0,0.0315,0.00174,0.000388,0.103,0.918,123.026
68,In The Yuma (feat. Aatig),Chris Lake,https://open.spotify.com/track/2e2yKavdT6WQzzMHwNtPFa,0.846,0.891,1,-4.902,0,0.0652,0.000394,0.803,0.124,0.94,126.029
69,The Sound Of Space,Enrico Sangiuliano,https://open.spotify.com/track/7CYS0ibZaJm201ZKonnqih,0.707,0.893,7,-7.449,1,0.0543,0.00712,0.819,0.0802,0.159,130.009
70,Selfish Desire,THEOS,https://open.spotify.com/track/3yYMP4HyeNrgH3eMdNJAdD,0.861,0.624,5,-7.318,0,0.0732,0.0213,0.561,0.122,0.843,127.018
71,Relax My Eyes,ANOTR,https://open.spotify.com/track/5u4hhtZ7f4rWkMZEZcTKrH,0.747,0.616,3,-9.76,0,0.0324,0.176,0.116,0.143,0.908,131.975
72,The Groove,Quandrum,https://open.spotify.com/track/5oQCIcS5RbaXhRe6uTZaR2,0.802,0.933,10,-6.289,0,0.0467,0.00149,0.837,0.0675,0.901,126.004
73,Body Fidelity - Bass-Ment Mix,Rog'e,https://open.spotify.com/track/5GJgpNaQArxL0xmdI7xbck,0.792,0.545,10,-16.74,0,0.0897,0.00904,0.85,0.0993,0.64,126.692
74,Reborn,Arodes,https://open.spotify.com/track/5vdwM9imM15OBwcYE0Id9G,0.653,0.915,9,-8.272,0,0.0404,0.000271,0.85,0.0792,0.0392,120.992
75,Ain't Nobody - Extended Mix,Erik Hagleton,https://open.spotify.com/track/26UgexeQQS1KK9akclMmEN,0.827,0.841,10,-7.936,0,0.0492,0.0014,0.297,0.0626,0.827,123.999
76,Street Sounds - Extended Mix,Norman Doray,https://open.spotify.com/track/0bKFeeFD4NTlcXioZ0IxcJ,0.73,0.79,2,-2.609,1,0.114,0.000676,0.0551,0.116,0.325,126.023
77,Steal My Attention,TOKiMONSTA,https://open.spotify.com/track/0Aoa3k3YQ3FTqX66exvBzX,0.629,0.707,11,-9.029,0,0.164,0.0688,0.043,0.112,0.328,104.984
78,Electric Love - Oliver Remix,BØRNS,https://open.spotify.com/track/00Ci0EXS4fNPnkTbS6wkOh,0.53,0.77,9,-5.882,1,0.0824,0.000965,0.0115,0.265,0.107,184.537
79,Devil in Me,Purple Disco Machine,https://open.spotify.com/track/3kZqrLzuoE54EfHPwappr6,0.816,0.674,9,-6.296,1,0.0422,0.0341,0.0,0.33,0.619,119.956
80,Does It Make You Feel Good?,Confidence Man,https://open.spotify.com/track/03HCgI7hnbXdgQfVS5R6Na,0.758,0.654,11,-7.591,0,0.036,0.000904,0.000245,0.131,0.85,124.984
81,Free - Mood II Swing Extended Vocal Mix,Ultra Naté,https://open.spotify.com/track/7Mew2sgxqvSuDyuW3W4Eh4,0.776,0.816,1,-7.255,1,0.051,0.00192,0.0888,0.0362,0.31,125.0
82,Looking at Your Pager - Chris Lake Remix,KH,https://open.spotify.com/track/4Sy1PMTQOUsTHguTmenrXR,0.812,0.941,11,-6.263,0,0.139,0.0312,0.841,0.118,0.464,125.99
83,Take Me,Martin Ikin,https://open.spotify.com/track/6DkOYSjRIeBEE7f5jtVtHv,0.888,0.897,10,-6.687,0,0.091,0.00482,0.00827,0.285,0.326,126.999
84,Doppler,Charlotte de Witte,https://open.spotify.com/track/0TtgKq96j4bpE5UQUDXrwH,0.801,0.713,1,-8.268,1,0.0675,0.00164,0.928,0.33,0.0491,134.986
85,Wasted Love,BenZel,https://open.spotify.com/track/4ksPg1gghznDYsF4CsGytf,0.602,0.563,2,-8.344,1,0.0573,0.326,0.0197,0.182,0.416,87.011
86,Nabi,Peggy Gou,https://open.spotify.com/track/0au1a9C5snjKufmPToANdt,0.58,0.79,1,-10.715,1,0.0529,0.000471,0.436,0.0844,0.718,196.029
87,The Groovy Cat,PAWSA,https://open.spotify.com/track/08d1uFAAtQgLbuvyP2AkoH,0.8,0.846,5,-7.518,1,0.0624,0.0277,0.877,0.0896,0.211,127.008
88,Give It To Me - Full Vocal Mix,Matt Sassari,https://open.spotify.com/track/5ZduaRci3iNUiDfJbBfAaf,0.874,0.869,1,-5.996,0,0.0315,0.00116,0.00238,0.164,0.726,126.027
89,So Many Times - Dub Mix,Gadjo,https://open.spotify.com/track/44TGANtwt8vY8Be5J6MLEj,0.698,0.745,7,-6.581,1,0.0655,0.00895,0.402,0.211,0.557,128.973
90,Amor,San Pacho,https://open.spotify.com/track/0XP4jb9IjvliEXDt8rK3XY,0.804,0.973,3,-5.962,0,0.0575,0.0358,0.675,0.323,0.491,125.992
91,Anchor Point,Ahmed Spins,https://open.spotify.com/track/6tE5zuD7eC7cV2O1IyjRLX,0.679,0.794,2,-9.803,1,0.0353,0.389,0.51,0.0928,0.389,123.025
92,Osama,Zakes Bantwini,https://open.spotify.com/track/0T0FIfA0AI3ELwNVBSZNS3,0.668,0.701,5,-10.208,0,0.0346,0.0663,0.591,0.103,0.269,122.014
93,Morenita,HUGEL,https://open.spotify.com/track/0pIiCv0GdhtsOjCJ5Y7zHj,0.639,0.769,1,-5.077,1,0.0383,0.000701,0.742,0.0553,0.177,123.983
94,Dancing in the Night - Lucky Shot Mix,CIOZ,https://open.spotify.com/track/0L4QHeJHEkpBvL1LS2i3wT,0.814,0.638,10,-9.793,1,0.0723,0.0218,0.7,0.515,0.734,122.001
95,We Are Your Friends - Justice Vs Simian,Justice,https://open.spotify.com/track/6lJIoiReQcdt8pn3tislhC,0.614,0.97,9,1.334,0,0.118,0.0103,0.393,0.178,0.51,123.001
96,Diving Into Minds - Club Mix,Soichi Terada,https://open.spotify.com/track/2DRUTKWuuWebFUXu6p1krH,0.747,0.579,8,-11.545,1,0.0569,0.033,0.891,0.1,0.466,125.018
97,In Da Club Quarantined X,Obskür,https://open.spotify.com/track/17fd6xOo6cZYdeOMfKiFTn,0.828,0.836,8,-4.592,1,0.0761,0.0543,0.283,0.0762,0.559,128.005
98,Trip (Extended Mix),Boys Noize,https://open.spotify.com/track/5pQk0Q3QindFi9HgctbPUz,0.64,0.923,7,-5.66,0,0.0391,0.00185,0.801,0.124,0.341,134.009
99,Vamp,Outlander,https://open.spotify.com/track/2PbbWaQk1ex4pC9Gi1cAXR,0.705,0.792,6,-5.125,1,0.0463,0.000255,0.74,0.391,0.346,126.818
