,name,artist,url,danceability,energy,key,loudness,mode,speechiness,acousticness,instrumentalness,liveness,valence,tempo
0,50 of 'Em,DJ Lucky L,https://open.spotify.com/track/2Dmnr8CTO8KTEmoqkwKt8H,0.541,0.751,2,-7.937,1,0.28,0.0303,0.0,0.413,0.665,139.577
1,Banger,Chief Keef,https://open.spotify.com/track/4B1F0pqYWQBUVR3d1EasEA,0.758,0.774,1,-6.44,0,0.252,0.0402,0.0,0.071,0.609,129.773
2,Top In The Trash,Chief Keef,https://open.spotify.com/track/7sW0M8nJ2mU0n32BacUpsM,0.733,0.681,6,-7.2,1,0.165,0.0577,0.0,0.454,0.833,136.027
3,Killa,Young Pappy,https://open.spotify.com/track/01gj9t5gqjQrAiqixfUXdS,0.676,0.787,0,-6.175,0,0.246,0.199,0.0,0.175,0.601,119.986
4,Two Cups,Young Pappy,https://open.spotify.com/track/5uwYpBUaBREO4oK2oCVLUN,0.775,0.813,1,-3.709,1,0.342,0.311,0.0,0.163,0.455,106.074
5,Distance,Lil Durk,https://open.spotify.com/track/2p0AFUA5c5UOhgePL92gxq,0.734,0.605,1,-6.689,1,0.201,0.107,0.0,0.173,0.256,142.008
6,Us,Lil Reese,https://open.spotify.com/track/4mRq7hOLd6o8c24WFhPsdY,0.779,0.675,9,-5.335,0,0.0383,0.0257,0.0,0.225,0.431,130.018
7,Myself (feat. Lil Durk),Lil Reese,https://open.spotify.com/track/1Ny2nd3zEOIpYl3SVHcfuE,0.776,0.627,11,-9.421,1,0.24,0.00583,0.0,0.196,0.471,119.973
8,Wassup (F*ck N*ggas) (feat. Fredo Santana & Lil Durk),Lil Reese,https://open.spotify.com/track/5pCcNJA9PHhCRdyZSCuGkl,0.649,0.523,0,-8.763,0,0.0502,0.0046,0.0,0.15,0.305,129.964
9,Rockstar (feat. Lil Skies),Lil Durk,https://open.spotify.com/track/316R2o0sNz4kCKyR0DOCVj,0.443,0.691,11,-6.228,0,0.124,0.205,0.0,0.547,0.344,148.385
10,Dis Ain't What U Want,Lil Durk,https://open.spotify.com/track/4XTOO1tVNm54yhdBUZjodl,0.609,0.633,1,-6.762,1,0.0379,0.00309,8.5e-05,0.162,0.547,123.965
11,Hittaz,Lil Durk,https://open.spotify.com/track/4y9qAZmcY1Opz86qVEaFop,0.629,0.808,8,-8.496,1,0.168,0.0262,0.0,0.228,0.76,138.049
12,Times,Lil Durk,https://open.spotify.com/track/6K37l6NJmlMHTR5FJhdd9p,0.691,0.557,9,-9.398,1,0.0421,0.0201,0.0,0.107,0.33,125.025
13,Oh My God,Lil Durk,https://open.spotify.com/track/5VSO9ZuH4dyNHsvgDPp1Du,0.653,0.804,5,-3.466,0,0.178,0.0498,0.0,0.345,0.612,130.037
14,100 Bars,Lil Mouse,https://open.spotify.com/track/5s9OmD72atPmQ2uncp0J3R,0.515,0.852,4,-3.65,0,0.0369,0.000161,0.0,0.443,0.364,150.007
15,I'm Da Man,Lil Mouse,https://open.spotify.com/track/0ZDUUGfw8ldhsxMICa0yG4,0.49,0.644,4,-6.471,0,0.0453,0.00631,6.47e-06,0.32,0.0594,135.054
16,Malcolm,G Herbo,https://open.spotify.com/track/6A1nYyMdzQJNjiirZTJtoA,0.666,0.805,1,-4.944,0,0.385,0.166,0.0,0.362,0.421,157.717
17,Sucka (feat. Cdai),Chief Keef,https://open.spotify.com/track/4I3y2hhrxXrk9eL7gI4nka,0.527,0.937,0,-3.614,1,0.106,0.0552,0.0,0.604,0.28,120.013
18,Love Sosa,Chief Keef,https://open.spotify.com/track/4IowQDUOzUvNtp72HMDcKO,0.772,0.413,0,-8.193,0,0.089,0.0361,0.0,0.111,0.211,131.965
19,I Don't Like,Chief Keef,https://open.spotify.com/track/2ikkgfIIM9kGKZCXzXnTpj,0.742,0.844,2,-4.622,1,0.0479,0.000634,0.0,0.0659,0.416,131.986
20,Hate Bein' Sober,Chief Keef,https://open.spotify.com/track/3SuzCeGoNOWmbWOoDMou0B,0.82,0.47,8,-7.181,1,0.0458,0.00435,0.0,0.141,0.313,132.003
21,Competition,Lil Durk,https://open.spotify.com/track/7LnuOAwxVJ4VOJnY6EoDZU,0.808,0.63,11,-6.345,0,0.121,0.0117,0.0,0.132,0.717,125.977
22,Shooter2x (feat. 21 Savage),Lil Durk,https://open.spotify.com/track/5iYoaGUphhfHxMbhIsPyQO,0.759,0.511,9,-9.672,1,0.293,0.00596,0.0,0.17,0.306,144.063
23,Kill Shit (feat. Lil Bibby) [Bonus Track],G Herbo,https://open.spotify.com/track/6FWA2CTpr0wtgjK6r2qDgc,0.789,0.623,8,-8.709,1,0.237,0.109,0.0,0.0706,0.557,141.041
24,Savages,Young Pappy,https://open.spotify.com/track/5kXMZAYFOtPG4KjIJH0UjA,0.565,0.915,11,-2.412,1,0.256,0.286,0.0,0.314,0.195,128.626
25,My Lil' Niggaz,Fredo Santana,https://open.spotify.com/track/2LYlOHvm7oAsCQIXQMjUgU,0.782,0.718,9,-9.362,1,0.235,0.00404,0.0,0.223,0.761,131.414
26,Traffic,Lil Reese,https://open.spotify.com/track/3WpGt7fhdIDd5ej7xyzbe8,0.908,0.513,2,-5.318,1,0.0973,0.00271,0.0,0.141,0.257,130.047
27,500 Homicides,Lil Durk,https://open.spotify.com/track/7iUVwGtqZm4hfM2ad8MbU0,0.698,0.719,5,-5.067,0,0.224,0.157,0.0,0.403,0.48,131.251
28,Live And Die In Chicago,King Louie,https://open.spotify.com/track/4upTWC3MUnRnBlNdjRygQr,0.773,0.503,0,-8.461,1,0.381,0.288,0.0,0.119,0.338,115.115
