,name,artist,url,danceability,energy,key,loudness,mode,speechiness,acousticness,instrumentalness,liveness,valence,tempo
0,La Razon,Gabriel Drago,https://open.spotify.com/track/3ZfgS0dY94LBzZFIhVwan0,0.798,0.288,10,-14.429,1,0.212,0.435,0.0,0.125,0.38,130.013
1,Energy!,Pa2k,https://open.spotify.com/track/0i8KkkIBW1Yv7vj2fmzFEd,0.801,0.477,10,-9.24,0,0.0942,0.0128,3.56e-06,0.0892,0.337,87.338
2,ESA BABY,Carlos Corté$,https://open.spotify.com/track/5asWoAwtYbem833C829Y6k,0.82,0.381,8,-7.574,1,0.198,0.645,0.0436,0.134,0.42,170.024
3,Me perdí en tu _ _ _ _,Blem$,https://open.spotify.com/track/7qvdclNMESXOwvCTgPGwLg,0.716,0.739,8,-10.284,0,0.0377,0.228,0.0427,0.122,0.33,90.005
4,GAS!,Young Dune,https://open.spotify.com/track/2qjIwp67FqUKmZvBlDqCLq,0.839,0.321,5,-13.483,0,0.266,0.268,0.00167,0.159,0.725,84.02
5,Joven Ruina,MNZR,https://open.spotify.com/track/0781epKBZClQdYGASAAiJM,0.802,0.296,0,-12.839,0,0.451,0.185,0.0129,0.0901,0.327,142.863
6,No Me Conoce - Remix,Jhayco,https://open.spotify.com/track/7rknFhrVDyxzTJkPSf7LoW,0.794,0.79,10,-3.855,0,0.0599,0.144,0.0,0.0893,0.577,91.984
7,La Mamá de la Mamá (feat. El Cherry Scom),El Alfa,https://open.spotify.com/track/2L95U6syP0bV3fkYYOzmiW,0.922,0.927,11,-3.025,1,0.105,0.283,0.00331,0.719,0.796,129.978
8,Tontoron Tonton - MewTunes Remix,El Alfa,https://open.spotify.com/track/0W2RyAJr7c2DeQ8F03C5KC,0.824,0.702,1,-6.997,1,0.0755,0.0306,0.364,0.417,0.262,124.017
9,Tequila,San Pacho,https://open.spotify.com/track/5PQXYypgc0syPHLT6dIuvM,0.722,0.947,8,-4.04,1,0.0474,0.00596,0.67,0.0597,0.387,127.987
10,La Romana,Bad Bunny,https://open.spotify.com/track/1khmgu0pveJbkbpbkyvcQv,0.655,0.725,0,-5.497,1,0.188,0.0327,0.00264,0.0611,0.326,125.8
