,name,artist,url,danceability,energy,key,loudness,mode,speechiness,acousticness,instrumentalness,liveness,valence,tempo
0,METAMORPHOSIS,INTERWORLD,https://open.spotify.com/track/2ksyzVfU0WJoBpu8otr4pz,0.593,0.641,7,-12.727,0,0.0992,0.426,0.901,0.122,0.147,175.014
1,Let It Out,my!lane,https://open.spotify.com/track/7rerrh13E1nFECmB89SkdO,0.57,0.943,10,-4.583,1,0.0434,0.0213,0.123,0.239,0.407,128.043
2,u.,niteboi,https://open.spotify.com/track/0J7oHYxjF6Oln61wy0kP2i,0.463,0.653,4,-8.994,0,0.0998,0.218,0.867,0.111,0.0648,123.876
3,GAME,Mishashi Sensei,https://open.spotify.com/track/5bMjIBIbdovECKpDJ3XQWU,0.797,0.554,1,-10.835,1,0.0646,0.249,0.892,0.0997,0.236,121.016
4,suki,takko,https://open.spotify.com/track/1qyVeEOruDSZFtbiKIrvnL,0.894,0.782,1,-6.732,1,0.0468,0.199,0.437,0.0967,0.341,127.971
5,Crystals,Isolate.exe,https://open.spotify.com/track/2BH3j05ZXWr5PR30sW079d,0.692,0.729,11,-10.435,1,0.0554,0.438,0.656,0.0939,0.13,100.015
6,Gammy Elbow,DJ Zinc,https://open.spotify.com/track/4R1ucIN3cgWBcHxbeSmgzB,0.838,0.737,11,-5.094,0,0.155,0.00138,0.897,0.123,0.799,130.024
7,Naughty Water,VOLAC,https://open.spotify.com/track/6bF2dQO9mrBjcSQidzCFnY,0.797,0.809,6,-6.993,1,0.0605,0.000423,0.029,0.333,0.688,127.009
8,Stand Up,AC Slater,https://open.spotify.com/track/4hlyuPfRskhNv9iyFSjAZF,0.819,0.949,10,-5.376,1,0.0632,0.0436,0.00255,0.0168,0.799,128.015
9,Gas Tank,Monxx,https://open.spotify.com/track/55yI52B4zYUeJbG7eJa4gO,0.818,0.937,11,-4.867,0,0.193,0.232,0.00925,0.0878,0.515,131.963
10,Immortal,my!lane,https://open.spotify.com/track/7oMaGA8bF16wyWVGyToJH7,0.388,0.87,10,-5.199,1,0.0656,0.0186,0.0084,0.0787,0.178,125.939
11,Back 2 U - VIP Mix,Taiki Nulight,https://open.spotify.com/track/4hLQLyltNzhIENQGi9LYyW,0.78,0.762,11,-7.464,0,0.0342,0.00237,0.842,0.333,0.367,127.998
12,dashstar*,Knock2,https://open.spotify.com/track/0dAfw35k2hBsnbSl74AVJF,0.699,0.949,9,-2.994,1,0.0739,0.00872,0.328,0.151,0.186,126.07
13,Mind Tricks,Nostalgix,https://open.spotify.com/track/6oIH0HplQXWXgEyjwLtMdU,0.897,0.575,2,-9.185,1,0.155,0.00107,0.000521,0.0585,0.44,125.031
14,DFCW,Sosa UK,https://open.spotify.com/track/3BbAVLfkhtY237ORPUj3wX,0.825,0.771,8,-5.695,1,0.0674,0.00351,0.005,0.0776,0.661,130.044
15,What's the Move (feat. General Degree),Henry Fong,https://open.spotify.com/track/1vByAxtr0Mzf5FtpVz9VCn,0.654,0.988,11,-1.647,1,0.0946,0.0091,0.338,0.317,0.389,129.967
16,I WARE HOUSE,JOYRYDE,https://open.spotify.com/track/3THbCOOsUboMu83Ubd3sSR,0.658,0.891,6,-3.512,1,0.199,0.0259,0.0332,0.34,0.3,125.033
17,Dreams - Bleu Clair Remix,Smokin Beats,https://open.spotify.com/track/4xtD1wi5TDqcOKf1dowtIp,0.738,0.964,8,-2.62,1,0.0533,0.00876,0.174,0.115,0.736,124.99
18,Forget It,Matroda,https://open.spotify.com/track/76XAEIVTSmXwrq41rt2n5G,0.717,0.903,7,-6.042,0,0.141,0.179,0.00532,0.192,0.344,122.986
19,The Darkness,Subshock & Evangelos,https://open.spotify.com/track/2oOm2NQx9s7sCuJnGXU41T,0.641,0.825,0,-3.086,1,0.051,0.00366,0.0484,0.279,0.303,135.067
20,Es Isso,Habstrakt,https://open.spotify.com/track/71lRigR1SzhVptQboeTDit,0.917,0.814,7,-3.369,1,0.119,0.0264,0.282,0.0564,0.643,126.077
21,Bass Zone (with Dread MC),Dread MC,https://open.spotify.com/track/7nxzrQAGdgAhOCQsAUavub,0.714,0.795,1,-6.326,1,0.0432,0.0355,0.107,0.0411,0.714,126.038
22,Movie - SQWAD Remix,Habstrakt,https://open.spotify.com/track/3oQqVMMXp8oWftP8k524JS,0.824,0.869,2,-4.793,1,0.0589,0.012,0.815,0.0991,0.368,129.0
23,Your My Angel,Elliot Norlander,https://open.spotify.com/track/3mnfjCrawTGu5LT6UpQ0wo,0.376,0.95,1,-6.046,1,0.283,0.0375,0.12,0.529,0.179,171.942
24,never no one,iwilldiehere,https://open.spotify.com/track/3MZfJj8ZRGXDkN2leNyrR5,0.581,0.843,2,-2.775,1,0.373,0.0853,0.000102,0.12,0.128,160.064
