,name,artist,url,danceability,energy,key,loudness,mode,speechiness,acousticness,instrumentalness,liveness,valence,tempo
0,Only You Freestyle,Headie One,https://open.spotify.com/track/4OENnoidV0h8gJV6bhrw7r,0.68,0.826,5,-2.561,1,0.27,0.562,0.0,0.254,0.804,146.95
1,War,Drake,https://open.spotify.com/track/1I55Ea0zVoSKs6MqW7DQ3i,0.749,0.792,10,-4.151,0,0.0826,0.292,0.0,0.109,0.239,144.064
2,Demons (feat. Fivio Foreign & Sosa Geek),Drake,https://open.spotify.com/track/05aZ9sAU1YXndHv0FMi9iW,0.543,0.766,0,-3.387,0,0.343,0.423,0.0,0.155,0.729,106.869
3,Horchata,Vampire Weekend,https://open.spotify.com/track/76BIj06DoRIuJLtchonDcd,0.834,0.787,0,-7.119,1,0.139,0.0801,0.0,0.356,0.836,119.976
4,Oxford Comma,Vampire Weekend,https://open.spotify.com/track/0ful4PHfTIxzXiZSZsXQ0H,0.692,0.717,0,-4.226,1,0.0498,0.111,0.00123,0.044,0.973,119.902
5,Mansard Roof,Vampire Weekend,https://open.spotify.com/track/30CU4qvNUUtd8GN4zDV5Oz,0.522,0.699,5,-4.25,1,0.145,0.341,0.000181,0.219,0.765,165.245
6,No Long Talk,Drake,https://open.spotify.com/track/6CfrYuD3YRDYdYvH9jNtXY,0.913,0.608,10,-6.839,0,0.234,0.0671,0.0,0.533,0.578,97.063
7,Sneakin’,Drake,https://open.spotify.com/track/4ckuS4Nj4FZ7i3Def3Br8W,0.806,0.558,8,-6.538,1,0.172,0.00496,1.45e-06,0.16,0.26,85.011
8,Sunflower,Rex Orange County,https://open.spotify.com/track/4EpZ4eYuZOwPSSwyqpdHnJ,0.384,0.765,6,-4.463,1,0.0579,0.646,0.00352,0.522,0.567,129.903
9,4 Seasons,Rex Orange County,https://open.spotify.com/track/3AbV3JF0bJAZXeHEJZfpke,0.505,0.458,7,-7.87,1,0.0392,0.217,0.0,0.116,0.17,123.922
10,Television / So Far So Good,Rex Orange County,https://open.spotify.com/track/5OUTFH5acycdnf8OVo21Gv,0.405,0.505,5,-7.75,1,0.0458,0.592,0.0,0.121,0.318,164.971
11,1st Place,Jimi Somewhere,https://open.spotify.com/track/7niG0JJ90lUfIMKKhaKFUX,0.5,0.596,0,-7.25,1,0.029,0.555,4.95e-06,0.114,0.147,87.959
12,A Song About Me (And You) [feat. Postcard Boy],stupid rich kid,https://open.spotify.com/track/6Vb3N6MykJRP0i3wjH8cBH,0.712,0.525,0,-11.633,1,0.0583,0.219,2.75e-05,0.233,0.584,135.004
13,Sparkler,stupid rich kid,https://open.spotify.com/track/6vAyB7mCbLSDPGYQ46yoTN,0.602,0.592,0,-8.43,1,0.0246,0.0142,0.0,0.238,0.158,95.004
14,Holiday,Vampire Weekend,https://open.spotify.com/track/4wtxSmTTeg6CiuhwIVKv0b,0.715,0.769,2,-5.24,1,0.105,0.023,0.000732,0.127,0.891,155.827
15,1980s Horror Film II,Wallows,https://open.spotify.com/track/3VzULnaqPKf1deQyZ5W4Ah,0.593,0.658,2,-4.957,1,0.0304,0.0038,0.0126,0.0804,0.27,116.021
16,Like or Like Like,Miniature Tigers,https://open.spotify.com/track/2laAFvo3q3GIcXX7Ql8OeD,0.752,0.533,2,-4.651,1,0.0278,0.0345,3.78e-06,0.0971,0.838,96.077
17,Linger,The Cranberries,https://open.spotify.com/track/3HHehSGzW9dhs2V7Sod4jX,0.447,0.64,7,-8.706,1,0.0271,0.081,4.79e-05,0.34,0.181,94.854
18,Kilby Girl,The Backseat Lovers,https://open.spotify.com/track/1170VohRSx6GwE6QDCHPPH,0.329,0.444,1,-9.973,1,0.0417,0.0578,0.0352,0.113,0.225,162.279
19,Pool House,The Backseat Lovers,https://open.spotify.com/track/74f0dpqHhTeTJzs4pmZ1yq,0.594,0.355,7,-11.184,1,0.0305,0.0478,0.000109,0.0559,0.327,134.097
20,Tungs,The Frights,https://open.spotify.com/track/4WYwP4V2SGCUXJGEha0ODM,0.565,0.618,1,-11.316,0,0.104,0.0697,6.37e-05,0.509,0.5,106.337
21,Of Age,The Frights,https://open.spotify.com/track/62JKrZgSOB9PyiwtHurRJ0,0.486,0.534,1,-9.278,1,0.0498,0.837,0.0,0.229,0.429,156.044
22,Oh Me Oh My,Jordan Solomon,https://open.spotify.com/track/1AJQVhZ2j081v5ZoM3XdN3,0.672,0.649,0,-8.293,1,0.0764,0.353,0.00062,0.596,0.67,159.986
23,Birds Dont Sing,TV Girl,https://open.spotify.com/track/0V34LU5aBA3hYgq178hFFY,0.612,0.942,7,-4.549,1,0.0568,0.016,0.0,0.137,0.807,106.57
24,2 faces,Koi,https://open.spotify.com/track/3Cu8WKkJgTyCv9G3fdveAY,0.434,0.495,10,-9.148,1,0.218,0.214,0.0,0.222,0.211,79.998
25,desperate,Koi,https://open.spotify.com/track/10adeaFYiKwY8ipmDenk6e,0.804,0.562,1,-8.746,1,0.147,0.175,0.00516,0.147,0.406,159.979
26,omw,Koi,https://open.spotify.com/track/3W6ntpSRU6KOPkeJCYGfhQ,0.896,0.509,1,-8.548,1,0.0699,0.074,0.00015,0.125,0.697,123.0
27,Bottle Up And Explode!,Elliott Smith,https://open.spotify.com/track/2c7AnyxXkbemyTEpzprQVx,0.59,0.474,4,-9.428,1,0.0323,0.35,0.000389,0.668,0.235,116.926
28,‎temperature,maxime.,https://open.spotify.com/track/1VrZAeQzy6PL8rqWwJDnz2,0.81,0.426,9,-10.934,1,0.053,0.134,0.00102,0.0986,0.355,115.067
29,the apathy song,maxime.,https://open.spotify.com/track/6L4BJnZqC8s77W0yqHYes6,0.862,0.65,9,-4.39,1,0.163,0.0448,0.000313,0.256,0.679,119.981
30,Kickstarts,Example,https://open.spotify.com/track/07WEDHF2YwVgYuBugi2ECO,0.61,0.836,5,-4.455,1,0.0573,0.00374,0.0,0.358,0.657,126.056
31,Stargazing,The Neighbourhood,https://open.spotify.com/track/0VF7YLIxSQKyNiFL3X6MmN,0.512,0.483,0,-7.798,1,0.0298,0.00304,0.0011,0.12,0.367,160.009
32,Zoo York (feat. Fivio Foreign & Pop Smoke),Lil Tjay,https://open.spotify.com/track/3Ddny34bFoYBb8dIGq5lwp,0.565,0.569,6,-6.084,0,0.379,0.0352,8.81e-06,0.106,0.303,92.466
33,Go Crazy,Lil Tjay,https://open.spotify.com/track/3yLihVmeyZlulIVvHmJF7N,0.69,0.591,11,-10.025,0,0.0658,0.0168,0.0,0.126,0.234,106.105
34,Sweetheart (feat. Fivio Foreign),Pop Smoke,https://open.spotify.com/track/1zCB57Q2Hp5PPWLTpgW3w2,0.741,0.764,4,-3.969,0,0.28,0.124,0.0,0.107,0.587,141.003
35,Dior,Pop Smoke,https://open.spotify.com/track/79s5XnCN4TJKTVMSmOx8Ep,0.548,0.805,7,-5.732,1,0.351,0.212,0.000389,0.408,0.648,142.094
36,War (feat. Lil Tjay) - Bonus,Pop Smoke,https://open.spotify.com/track/2hYN1IVp5LGIsi5MpzcjVz,0.641,0.76,6,-4.442,0,0.179,0.195,0.0,0.0768,0.59,141.82
