,name,artist,url,danceability,energy,key,loudness,mode,speechiness,acousticness,instrumentalness,liveness,valence,tempo
0,Real Spill,Lil Baby,https://open.spotify.com/track/4OkFBMU18NidtaefaTjUq1,0.776,0.557,2,-7.441,1,0.545,0.0496,0.0,0.112,0.284,156.978
1,Stand On It,Lil Baby,https://open.spotify.com/track/26Hgx0810XUis01XWvoftB,0.728,0.496,11,-7.298,0,0.127,0.0325,0.0,0.0916,0.214,86.468
2,Pop Out (feat. Nardo Wick),Lil Baby,https://open.spotify.com/track/0VOMBffX1llDu37yQUt3u3,0.474,0.576,1,-6.963,1,0.257,0.00248,0.000309,0.174,0.285,157.947
3,Heyy,Lil Baby,https://open.spotify.com/track/6w2laMOxRE0yUsbq4bVLiZ,0.493,0.666,7,-4.525,1,0.268,0.00256,0.0,0.0797,0.164,87.932
4,California Breeze,Lil Baby,https://open.spotify.com/track/6ug9fUi5oLLgQgOF1G8WkM,0.738,0.666,5,-6.97,0,0.455,0.00361,0.0,0.107,0.215,161.734
5,Perfect Timing,Lil Baby,https://open.spotify.com/track/0BBaLX0AEwUCmsJyI5eJ6U,0.643,0.492,1,-7.314,1,0.382,0.0349,0.0,0.133,0.117,156.784
6,Never Hating (feat. Young Thug),Lil Baby,https://open.spotify.com/track/1Py8c3dkLF0YczcAyBFBEM,0.879,0.504,8,-8.284,1,0.271,0.0016,0.0,0.147,0.335,102.929
7,Forever (feat. Fridayy),Lil Baby,https://open.spotify.com/track/1T4k0sw0HldDg004Kw4Oct,0.462,0.251,4,-12.072,0,0.159,0.414,0.0,0.201,0.137,89.705
8,Not Finished,Lil Baby,https://open.spotify.com/track/2A0G0bPmlkUXUbvWqrAXzg,0.785,0.524,1,-7.004,1,0.122,0.0123,0.0,0.365,0.0855,142.007
9,In A Minute,Lil Baby,https://open.spotify.com/track/31lopd32BkJBTSgYE16c5e,0.626,0.583,4,-6.102,0,0.334,0.0279,0.0,0.112,0.133,113.42
10,Waterfall Flow,Lil Baby,https://open.spotify.com/track/67drO2cIvjeyPkTzVJ8cxd,0.437,0.542,1,-7.485,1,0.369,0.00594,0.0,0.208,0.178,71.675
11,Everything,Lil Baby,https://open.spotify.com/track/0xPcT6j7JFdJjRvQelyGr6,0.736,0.683,10,-5.37,0,0.352,0.162,0.0,0.126,0.376,95.733
12,From Now On (feat. Future),Lil Baby,https://open.spotify.com/track/2wdgjxZPgtrPd8OUqMSuYh,0.82,0.461,10,-6.179,1,0.112,0.0104,1.54e-05,0.133,0.0396,140.078
13,Double Down,Lil Baby,https://open.spotify.com/track/25BIuLc3xxqGyg2kAAiFZ6,0.71,0.528,8,-9.469,1,0.499,0.0168,0.0,0.109,0.4,80.313
14,Cost To Be Alive (feat. Rylo Rodriguez),Lil Baby,https://open.spotify.com/track/3Y3PNfb2ZuRBZgdJ2sKySy,0.785,0.522,1,-6.741,1,0.246,0.000463,1.71e-06,0.155,0.359,155.064
15,Top Priority,Lil Baby,https://open.spotify.com/track/3PBBbN8EiB6A6uZ0xSUuJ6,0.576,0.52,1,-8.249,1,0.35,0.0509,0.0,0.141,0.199,109.877
16,Danger,Lil Baby,https://open.spotify.com/track/3HX0LjnPZCphkSoFRH2ITd,0.754,0.734,1,-5.979,0,0.227,0.00596,0.0,0.105,0.234,95.027
17,Stop Playin (feat. Jeremih),Lil Baby,https://open.spotify.com/track/6kSPwMUYpnBDIWViA3MKMT,0.864,0.284,1,-7.475,1,0.171,0.0174,0.0,0.111,0.129,133.979
18,FR,Lil Baby,https://open.spotify.com/track/5CM8ncprv7TEj3XyBx9bth,0.805,0.43,6,-7.207,0,0.399,0.0274,0.0,0.109,0.485,156.955
19,Back and Forth (feat. EST Gee),Lil Baby,https://open.spotify.com/track/2zeP2m00YmZFr36mOQCBuK,0.811,0.463,5,-7.029,0,0.0964,0.00777,0.0,0.0955,0.258,162.008
20,Shiest Talk (feat. Pooh Shiesty),Lil Baby,https://open.spotify.com/track/6FyYMbtmEgQDCgy9mYrOX8,0.743,0.549,6,-8.373,0,0.302,0.0328,0.0,0.12,0.531,163.967
21,No Fly Zone,Lil Baby,https://open.spotify.com/track/3JVFg9xLmLJQnFfmMXICXJ,0.708,0.565,2,-7.562,1,0.463,0.00188,0.0,0.4,0.241,85.948
22,Russian Roulette,Lil Baby,https://open.spotify.com/track/23tyRvp2QIoxukwDvVxq3J,0.596,0.659,10,-5.686,0,0.35,0.0395,0.0,0.124,0.332,81.188
23,Detox,Lil Baby,https://open.spotify.com/track/7fSM2taFBEB1WNZl8AOIoo,0.845,0.503,1,-7.021,1,0.334,0.027,0.0,0.116,0.416,147.031
24,Frozen,Lil Baby,https://open.spotify.com/track/19n0UZuW8AArMVWNztoXu9,0.514,0.65,6,-8.867,1,0.499,0.138,0.0,0.103,0.236,127.428
25,Right On,Lil Baby,https://open.spotify.com/track/6ws54n2IzyrIxxyzlG2bVJ,0.535,0.618,2,-5.668,1,0.382,0.0245,0.0,0.103,0.211,165.991
26,In A Minute,Lil Baby,https://open.spotify.com/track/3ihIZrJreMJPjQdNLrEXnP,0.643,0.605,4,-5.968,0,0.297,0.0336,0.0,0.112,0.145,84.216
27,Voice of the Heroes,Lil Baby,https://open.spotify.com/track/7eO7rOwH5qVD3UWpO97qTI,0.754,0.661,0,-6.811,1,0.261,0.173,0.0,0.16,0.313,82.988
28,2040,Lil Baby,https://open.spotify.com/track/2ELp0EL65yitpfJYwc5983,0.744,0.697,11,-4.067,1,0.136,0.0415,0.0,0.112,0.238,150.046
29,Hats Off (feat. Travis Scott),Lil Baby,https://open.spotify.com/track/4lUmnwRybYH7mMzf16xB0y,0.596,0.65,9,-5.167,1,0.337,0.138,0.0,0.14,0.188,133.997
30,Who I Want,Lil Baby,https://open.spotify.com/track/3vJKLsUYcC7mARUTOMUPaJ,0.77,0.561,10,-4.97,0,0.083,0.14,0.0,0.123,0.81,145.928
31,Still Hood,Lil Baby,https://open.spotify.com/track/1huoY7hw3hGVGfuPPe9y8P,0.742,0.701,1,-5.92,1,0.21,0.0821,0.0,0.116,0.178,137.951
32,Man of my Word,Lil Baby,https://open.spotify.com/track/4nNw167LUp6j2VvuJdbtv8,0.789,0.609,1,-5.969,1,0.174,0.0439,0.0,0.178,0.0816,136.001
33,Still Runnin (feat. Meek Mill),Lil Baby,https://open.spotify.com/track/5cAN3P7jWVf78gev1eF7TJ,0.856,0.727,2,-5.616,1,0.277,0.013,0.0,0.117,0.286,146.044
34,Medical,Lil Baby,https://open.spotify.com/track/5BCzsnN4U4OvOegjErHTUF,0.763,0.798,2,-4.692,1,0.397,0.0555,0.0,0.116,0.482,77.987
35,How It Feels,Lil Baby,https://open.spotify.com/track/62nb5YUYUqtYJhVPwRhCke,0.788,0.628,11,-5.746,0,0.12,0.00715,0.0,0.132,0.479,104.083
36,Lying,Lil Baby,https://open.spotify.com/track/5LtzwqIWPXKEYfVcaY3bjc,0.741,0.892,10,-4.225,0,0.304,0.172,0.0,0.126,0.56,159.088
37,Okay,Lil Baby,https://open.spotify.com/track/3jweuceENR5zzn10LhcjPH,0.89,0.674,11,-5.45,0,0.318,0.107,0.0,0.111,0.248,134.028
38,That's Facts,Lil Baby,https://open.spotify.com/track/6dug6dIV40JMz2myhafHrm,0.884,0.577,1,-4.716,1,0.319,0.0843,0.0,0.0602,0.854,137.032
39,Please,Lil Baby,https://open.spotify.com/track/3zWR0zS9p39c0FVkYkHfVF,0.677,0.634,7,-6.231,1,0.335,0.228,0.0,0.131,0.496,90.268
40,Up The Side (feat. Young Thug),Lil Baby,https://open.spotify.com/track/2L6lh2RmMs1yz4FQzdbwOn,0.644,0.563,0,-9.814,0,0.159,0.0518,0.0,0.179,0.339,160.106
41,If You Want To,Lil Baby,https://open.spotify.com/track/1EXRmdtTA2IEnYGiuw9plD,0.795,0.599,6,-7.819,1,0.123,0.0414,0.0,0.193,0.351,97.033
42,Rich Off Pain (feat. Rod Wave),Lil Baby,https://open.spotify.com/track/6MSyik7EzWsHQjTOPLFBrr,0.469,0.613,11,-6.556,1,0.335,0.0747,0.0,0.205,0.135,72.434
43,Make It Out,Lil Baby,https://open.spotify.com/track/6h4JuOPlHFYpHPIEmBwbus,0.635,0.591,1,-6.588,1,0.839,0.0248,0.0,0.0812,0.0781,84.747
44,Bruised Up,Lil Baby,https://open.spotify.com/track/31murAnT3JbrHlOy7smT8b,0.586,0.682,4,-4.659,0,0.27,0.134,0.0,0.117,0.105,120.455
45,The Bigger Picture,Lil Baby,https://open.spotify.com/track/44gRhRi2OhEf7moAUj6MD1,0.59,0.618,1,-5.756,1,0.334,0.0127,0.0,0.244,0.153,96.459
46,Errbody,Lil Baby,https://open.spotify.com/track/3kdyQO3jkZiUOtvoNGwOjw,0.886,0.601,2,-6.745,1,0.378,0.000434,0.0,0.201,0.238,140.035
47,On Me,Lil Baby,https://open.spotify.com/track/4Iedi94TIaB2GGb1nMB68v,0.856,0.564,6,-6.295,0,0.392,0.00327,0.0,0.134,0.483,77.972
48,Wants and Needs (feat. Lil Baby),Drake,https://open.spotify.com/track/65OVbaJR5O1RmwOQx0875b,0.578,0.449,1,-6.349,1,0.286,0.0618,2.17e-06,0.119,0.1,136.006
49,Low Down,Lil Baby,https://open.spotify.com/track/5m0yZ33oOy0yYBtdTXuxQe,0.962,0.619,10,-5.562,0,0.405,0.0354,0.0,0.083,0.154,127.958
50,Social Distancing,Lil Baby,https://open.spotify.com/track/1RrQK0BIyxZaOooNDVSEaZ,0.849,0.64,5,-5.15,1,0.196,0.0471,0.0,0.321,0.36,126.005
51,Humble,Lil Baby,https://open.spotify.com/track/6heRfvHrUIIPx9TqRg8SCq,0.554,0.614,5,-5.715,1,0.44,0.17,0.0,0.267,0.372,80.028
52,All In,Lil Baby,https://open.spotify.com/track/0zlru783fmr588D5RY9ERU,0.837,0.663,11,-6.434,1,0.334,0.0762,0.0,0.0941,0.293,95.081
53,Get Money,Lil Baby,https://open.spotify.com/track/3UyjIh2AKIz5mzjzcwDfP2,0.559,0.684,6,-6.009,0,0.232,0.0342,0.0,0.162,0.249,150.059
54,We Paid (feat. 42 Dugg),Lil Baby,https://open.spotify.com/track/6gxKUmycQX7uyMwJcweFjp,0.926,0.542,1,-5.064,1,0.293,0.135,0.0,0.0877,0.564,135.14
55,Get Ugly,Lil Baby,https://open.spotify.com/track/20Yz5dzjdTCVjXte9KrJbi,0.681,0.414,1,-6.944,0,0.223,0.177,0.0,0.178,0.0734,148.03
56,Heatin Up (feat. Gunna),Lil Baby,https://open.spotify.com/track/7KSSdFCBHCfq4KPzz78ghk,0.788,0.436,1,-9.435,1,0.364,0.0611,0.0,0.0979,0.341,129.847
57,How,Lil Baby,https://open.spotify.com/track/2b7rt5gCEy2p2zTp656s4U,0.582,0.488,2,-8.208,1,0.455,0.00168,0.0,0.0941,0.309,80.322
58,Grace (feat. 42 Dugg),Lil Baby,https://open.spotify.com/track/01JMnRUs2YOK6DDpdQASGY,0.817,0.513,10,-6.263,0,0.394,0.38,0.0,0.109,0.177,123.029
59,Live Off My Closet (feat. Future),Lil Baby,https://open.spotify.com/track/6AyWdCtEn1DdxjnxPeojR2,0.807,0.678,6,-3.244,0,0.177,0.0345,0.0,0.0986,0.21,147.004
60,Same Thing,Lil Baby,https://open.spotify.com/track/2XEsbmynS9dLSzNSuZzfXF,0.902,0.85,7,-6.39,1,0.358,0.0389,0.0,0.0838,0.556,120.132
61,Emotionally Scarred,Lil Baby,https://open.spotify.com/track/7ge7BHazYbVKi8qyZUX1Bm,0.585,0.641,6,-4.269,0,0.133,0.0286,0.0,0.316,0.266,88.284
62,Commercial (feat. Lil Uzi Vert),Lil Baby,https://open.spotify.com/track/3tDqEKKUs6gf8zMvSuLyLA,0.892,0.486,11,-8.637,0,0.384,0.048,0.0,0.146,0.535,120.998
63,Forever (feat. Lil Wayne),Lil Baby,https://open.spotify.com/track/3EVzllf30zIBAtKb75bs1W,0.619,0.668,4,-2.115,0,0.271,0.0799,0.0,0.122,0.147,76.514
64,Can't Explain,Lil Baby,https://open.spotify.com/track/3PSUg0M68bXMb8vQJIPMZO,0.642,0.372,10,-10.201,1,0.582,0.0365,0.0,0.149,0.119,160.009
65,No Sucker (feat. Moneybagg Yo),Lil Baby,https://open.spotify.com/track/6A9wHAasMxed0firnDao1K,0.9,0.846,0,-4.884,1,0.224,0.025,0.0,0.204,0.851,129.966
66,Sum 2 Prove,Lil Baby,https://open.spotify.com/track/5f4Hy5mw5SRaUgXX9c6P5S,0.827,0.552,4,-7.571,0,0.274,0.0169,0.0,0.122,0.408,124.011
67,We Should (feat. Young Thug),Lil Baby,https://open.spotify.com/track/5ixKkLQSriCQakDWbdW8qD,0.562,0.604,9,-7.498,0,0.197,0.326,0.0,0.416,0.562,83.355
68,"Catch The Sun - From ""Queen & Slim: The Soundtrack""",Lil Baby,https://open.spotify.com/track/7Fos4vYGRc7HYzzrKCEzAE,0.466,0.653,1,-6.679,1,0.123,0.116,0.0,0.14,0.112,82.463
69,Consistent,Lil Baby,https://open.spotify.com/track/7euzAmn980JdEcYbIeWHtB,0.817,0.439,0,-7.635,1,0.505,0.00434,0.0,0.282,0.214,149.967
70,Gang Signs,Lil Baby,https://open.spotify.com/track/1nX1wW2WuCEnc2eDOBOaFd,0.82,0.793,0,-5.77,1,0.0975,0.0145,0.0,0.362,0.531,85.009
71,Hurtin,Lil Baby,https://open.spotify.com/track/1sMalYr4ASm3kOr3K9JEh6,0.804,0.422,6,-8.788,0,0.35,0.0624,1.41e-06,0.137,0.157,93.871
72,Forget That (feat. Rylo Rodriguez),Lil Baby,https://open.spotify.com/track/7wxl36fAGU3Afv87ZblUwg,0.897,0.574,8,-8.017,1,0.406,0.0498,6.38e-06,0.122,0.769,150.085
73,Solid,Lil Baby,https://open.spotify.com/track/3Zb5xLEfPAyqvjHzCVOSXX,0.825,0.589,10,-6.875,0,0.451,0.0166,1.53e-06,0.135,0.339,156.037
74,Sum 2 Prove,Lil Baby,https://open.spotify.com/track/2u3EyuCqqV31woqGvO9LBz,0.823,0.552,4,-7.57,0,0.324,0.0174,0.0,0.122,0.418,124.038
75,Off White VLONE (Lil Baby & Gunna feat. Lil Durk & NAV),Lil Baby,https://open.spotify.com/track/6PoKfDY78ih5OveWirggRX,0.859,0.506,10,-8.115,0,0.418,0.105,0.0,0.113,0.153,140.973
76,Business Is Business (Lil Baby & Gunna),Lil Baby,https://open.spotify.com/track/7roKDmJDOzkpfGpUQJ5EnL,0.821,0.636,7,-6.038,0,0.0899,0.288,0.0,0.104,0.4,142.008
77,Belly (Lil Baby & Gunna),Lil Baby,https://open.spotify.com/track/1yQvL8SzbF5JCroRKk9F07,0.766,0.692,1,-5.343,1,0.0705,0.175,0.0,0.0844,0.426,120.028
78,Deep End (Lil Baby & Gunna),Lil Baby,https://open.spotify.com/track/16QjPRt5HYK0dnLGmGRCvf,0.658,0.535,11,-8.197,1,0.515,0.257,0.0,0.0981,0.395,150.055
79,Underdog (Lil Baby & Gunna),Lil Baby,https://open.spotify.com/track/2Am26UXisQ91vBLYdqd7Pa,0.791,0.735,5,-4.764,0,0.16,0.0427,0.0,0.134,0.497,144.985
80,I Am (Lil Baby & Gunna),Lil Baby,https://open.spotify.com/track/3F57PtOdqRpD6euFYqtKXX,0.822,0.461,1,-6.506,1,0.449,0.328,0.0,0.122,0.268,130.003
81,Seals Pills (Lil Baby & Gunna),Lil Baby,https://open.spotify.com/track/7HLglWbzDheHZ3VZUbxGLC,0.624,0.541,9,-7.162,0,0.0496,0.0137,1.01e-06,0.106,0.368,156.089
82,My Jeans (Lil Baby & Gunna feat. Young Thug),Lil Baby,https://open.spotify.com/track/4T7cJdrTRqOBESPYfvfj2x,0.435,0.715,11,-5.869,1,0.186,0.119,0.0,0.531,0.382,100.576
83,Close Friends (Lil Baby & Gunna),Lil Baby,https://open.spotify.com/track/5nzhL67GpF9szXWg5y509A,0.676,0.578,10,-4.669,0,0.375,0.0509,0.0,0.0796,0.698,158.896
84,Drip Too Hard (Lil Baby & Gunna),Lil Baby,https://open.spotify.com/track/78QR3Wp35dqAhFEc2qAGjE,0.897,0.662,1,-6.903,0,0.292,0.0852,0.0,0.534,0.389,112.511
85,"Never Recover (Lil Baby & Gunna, Drake)",Lil Baby,https://open.spotify.com/track/6wWaVoUOzLQJHd3bWAUpdZ,0.753,0.686,1,-5.415,0,0.284,0.0677,0.0,0.193,0.886,132.055
86,Woah,Lil Baby,https://open.spotify.com/track/598yNsG1JFrGd4n2kMoz7F,0.882,0.602,11,-5.554,1,0.245,0.0177,0.0,0.178,0.43,142.959
87,Intro,Lil Baby,https://open.spotify.com/track/3X8Nrq4TvSd54ymTiXYcD6,0.818,0.579,0,-7.699,1,0.207,0.00162,0.0,0.151,0.311,121.025
88,Spazz,Lil Baby,https://open.spotify.com/track/76U7QTSiBUcl5rRziwS0H5,0.713,0.481,1,-7.373,1,0.136,0.00522,0.0,0.0909,0.113,145.937
89,I’m Straight,Lil Baby,https://open.spotify.com/track/5zlRcS7ZHsnDgs4VDsDxwL,0.736,0.505,0,-10.059,1,0.294,0.0106,0.0,0.116,0.171,139.973
90,Exotic,Lil Baby,https://open.spotify.com/track/1zIb1bYJAo1UdR2Xf4oESb,0.807,0.687,11,-4.349,1,0.109,0.000852,0.0,0.0554,0.184,130.073
91,Yes Indeed,Lil Baby,https://open.spotify.com/track/6vN77lE9LK6HP2DewaN6HZ,0.963,0.346,5,-9.309,0,0.53,0.0355,0.0,0.108,0.562,119.957
92,Leaked,Lil Baby,https://open.spotify.com/track/0FIcYpNaqZaJnP3yDcaBN6,0.798,0.375,7,-7.552,0,0.144,0.00352,0.0,0.0767,0.171,139.997
93,Bank,Lil Baby,https://open.spotify.com/track/5zdWd9T4e2QDPyJAvzlADw,0.806,0.684,6,-6.451,1,0.169,0.0466,0.0,0.0823,0.434,143.966
94,Cash,Lil Baby,https://open.spotify.com/track/3OyMMEBmp23N79jkH2gcpT,0.798,0.579,9,-6.615,1,0.164,0.000796,2.7e-06,0.0878,0.3,139.983
95,Southside,Lil Baby,https://open.spotify.com/track/5lf3ajySox32qFvGEf2TFM,0.813,0.646,4,-4.901,1,0.263,0.00271,0.0,0.191,0.375,77.518
96,Throwing Shade,Lil Baby,https://open.spotify.com/track/2Z9wPJaKys1LAOlcBtjvOU,0.793,0.447,7,-9.253,1,0.151,0.0117,0.00019,0.109,0.188,139.949
97,First Class,Lil Baby,https://open.spotify.com/track/7i3NiyX4x4WZ8xZjIXWi4s,0.832,0.291,5,-9.272,0,0.309,0.00503,0.0,0.0796,0.29,134.065
98,Right Now,Lil Baby,https://open.spotify.com/track/6ghs7wcpS23FOsDpR8D2MW,0.529,0.702,0,-7.437,1,0.365,0.00941,2.07e-05,0.133,0.34,149.905
99,Life Goes On,Lil Baby,https://open.spotify.com/track/2bSk87AVkCIIC3Bcligq1z,0.716,0.541,1,-7.909,1,0.149,0.0021,0.0,0.115,0.387,139.978
100,Transporter,Lil Baby,https://open.spotify.com/track/44MFUuNGtBuB00LjDUnHE0,0.871,0.461,1,-8.961,1,0.092,0.0285,3.47e-06,0.159,0.109,125.964
101,Fit In,Lil Baby,https://open.spotify.com/track/7tgEm1rQTA603HnZYRDgKL,0.878,0.444,2,-8.47,0,0.452,0.316,0.0,0.134,0.653,144.06
102,Boss Bitch,Lil Baby,https://open.spotify.com/track/53nzcuEwQAzwV2Y7I7lczm,0.775,0.642,8,-7.742,0,0.112,0.0353,0.0,0.112,0.634,140.006
103,Never Needed No Help,Lil Baby,https://open.spotify.com/track/7cEZShpmZ7dencnV8ibyUS,0.713,0.495,5,-6.885,0,0.111,0.0467,0.0,0.215,0.426,130.046
104,Southside,Lil Baby,https://open.spotify.com/track/5lf3ajySox32qFvGEf2TFM,0.813,0.646,4,-4.901,1,0.263,0.00271,0.0,0.191,0.375,77.518
105,Ready (feat. Gunna),Lil Baby,https://open.spotify.com/track/4F6yN5FsFW10Ucx7cLCzBh,0.793,0.395,1,-5.578,1,0.385,0.277,1.4e-05,0.109,0.129,77.027
106,Global,Lil Baby,https://open.spotify.com/track/7cW1wHpSLYgKWzoWlOCPFJ,0.672,0.565,1,-6.504,1,0.441,0.106,0.0,0.113,0.313,163.827
107,Pure Cocaine,Lil Baby,https://open.spotify.com/track/577YBGuskWkVDCxZrLRB4v,0.964,0.487,10,-6.071,0,0.421,0.00127,6.57e-06,0.115,0.107,127.05
108,Crush A Lot,Lil Baby,https://open.spotify.com/track/39RWYLt6hgk9BbhkDgaHW9,0.92,0.458,5,-5.643,0,0.315,0.0171,0.0,0.107,0.403,132.992
109,Time (feat. Meek Mill),Lil Baby,https://open.spotify.com/track/1Szfm2XAx3Kgl55dyl8sTU,0.781,0.487,8,-8.823,1,0.589,0.0335,0.0,0.163,0.344,95.879
110,Word On The Street,Lil Baby,https://open.spotify.com/track/52i143Ph5c3RQaQFBXWix1,0.888,0.432,10,-9.275,0,0.0934,0.0562,0.0,0.112,0.173,99.965
111,This Week,Lil Baby,https://open.spotify.com/track/3yIZgYN7AKO3cDueyhpuCS,0.891,0.525,10,-7.666,0,0.214,0.00214,0.0,0.0887,0.15,133.126
112,Section 8 (feat. Young Thug),Lil Baby,https://open.spotify.com/track/6XeZ32B9HbV6ZrU6NTR2iM,0.736,0.519,0,-6.111,0,0.379,0.219,0.0,0.143,0.677,139.966
113,Realist In It (feat. Gucci Mane & Offset),Lil Baby,https://open.spotify.com/track/2WqTKOAUmv7hz9ZzGnXHrY,0.932,0.658,1,-7.708,0,0.353,0.207,0.0,0.118,0.695,109.973
114,Chastised,Lil Baby,https://open.spotify.com/track/0I1gjYB0yjwYXBn9SVOh3n,0.778,0.646,7,-4.657,1,0.0345,0.0912,0.0,0.166,0.177,140.04
115,No Friends (feat. Rylo Rodriguez),Lil Baby,https://open.spotify.com/track/6pidGCJ9El17HdXaPO0OO2,0.645,0.595,7,-6.876,1,0.258,0.00112,0.0,0.084,0.461,159.929
116,Dreams 2 Reality (feat. NoCap),Lil Baby,https://open.spotify.com/track/3xibgHbKeEgSSAXR5z3cwt,0.459,0.606,2,-6.851,1,0.35,0.139,0.0,0.114,0.55,81.44
117,Anyway (feat. 2 Chainz & Gucci Mane),Lil Baby,https://open.spotify.com/track/3zxiTHxE4MxwuYf8aLQ9ax,0.874,0.552,2,-5.997,1,0.383,0.0555,0.0,0.279,0.231,140.098
118,Freestyle,Lil Baby,https://open.spotify.com/track/5BbdKBZO0TH0GhfxUfyhL9,0.877,0.517,2,-5.426,0,0.0706,0.217,0.0,0.143,0.255,119.996
119,Money Forever,Lil Baby,https://open.spotify.com/track/0uQzOOq3aC9mszrmLLYoU3,0.406,0.516,11,-10.899,0,0.392,0.0162,0.0,0.245,0.335,174.237
120,To The Top,Lil Baby,https://open.spotify.com/track/0T7GMqDSnmVEXUx5NIQfNn,0.758,0.559,8,-10.326,0,0.163,0.0504,0.0,0.172,0.345,112.938
121,All Of A Sudden,Lil Baby,https://open.spotify.com/track/0XOMoQbYxYPVLxwK4VDmNA,0.759,0.727,1,-5.617,1,0.111,0.000151,0.0015,0.0588,0.376,139.995
122,Money,Lil Baby,https://open.spotify.com/track/7q3KLkatqLCyAgo2GG4T8h,0.784,0.545,4,-8.524,0,0.0416,0.0394,0.0,0.0865,0.56,133.004
123,Sum More,Lil Baby,https://open.spotify.com/track/4novMmedjP9sZpTKO2SCr8,0.79,0.377,10,-9.513,1,0.329,0.0256,0.0,0.0832,0.228,147.036
124,Best Of Me,Lil Baby,https://open.spotify.com/track/1rUHgZy3YOrs3MarByuvJC,0.707,0.492,7,-8.527,1,0.363,0.0315,0.0,0.148,0.121,140.024
125,Ride My Wave,Lil Baby,https://open.spotify.com/track/493yZ6tjpDiUQbwnSTwMgt,0.598,0.655,6,-6.453,0,0.278,0.118,0.0,0.144,0.607,91.471
126,Trap Star,Lil Baby,https://open.spotify.com/track/2WGI4bWvEKOhnyWJYVzSg4,0.609,0.427,1,-9.587,0,0.137,0.0707,0.0,0.162,0.0829,72.992
127,Going For It,Lil Baby,https://open.spotify.com/track/6yyutFC7zZminBtKEUE2Bd,0.647,0.521,0,-10.753,1,0.297,0.198,0.0,0.282,0.558,140.196
128,Dive In,Lil Baby,https://open.spotify.com/track/1r8BiYNLCQF4TXTDnmi9Dp,0.767,0.522,8,-11.244,1,0.104,0.0541,0.0,0.0841,0.395,133.04
129,Stick On Me,Lil Baby,https://open.spotify.com/track/0fddJI7TUlS8x5hawNPkqp,0.72,0.438,9,-9.037,0,0.254,0.216,0.0,0.103,0.567,139.902
130,Slow Mo,Lil Baby,https://open.spotify.com/track/3mnC6CoxRfv9HoA0959QFa,0.715,0.475,10,-8.151,1,0.374,0.0445,0.0,0.12,0.153,140.01
131,Hurry,Lil Baby,https://open.spotify.com/track/5luCU6jxiLqavlTWqGPqVL,0.684,0.469,8,-6.823,1,0.256,0.00343,0.0,0.143,0.222,74.957
132,Vision Clear,Lil Baby,https://open.spotify.com/track/0ZdMGgz895CJcBzkBFzkHM,0.543,0.558,1,-9.15,0,0.162,0.00618,0.0,0.178,0.544,106.222
133,Eat Or Starve,Lil Baby,https://open.spotify.com/track/5v0XqJN4DE6kVDPfsetdKR,0.742,0.5,0,-9.984,1,0.0964,0.105,0.0,0.0893,0.648,150.075
134,Out The Mud,Lil Baby,https://open.spotify.com/track/2wZjsbwmWfNVslgV5afl1L,0.746,0.497,1,-5.785,1,0.149,0.00944,8.6e-05,0.101,0.25,160.051
135,My Drip,Lil Baby,https://open.spotify.com/track/77XX5hXetVXqpocVnbPhzT,0.844,0.544,0,-10.585,1,0.322,0.0185,0.0,0.0908,0.366,129.966
136,My Dawg,Lil Baby,https://open.spotify.com/track/7CEJH5Ed7FBbXF6CqBQPlJ,0.943,0.544,10,-6.292,0,0.0642,0.0336,0.0,0.0954,0.515,133.012
137,Narcs,Lil Baby,https://open.spotify.com/track/07gBz157Fa1fQ5qjhLcBud,0.496,0.531,1,-8.506,1,0.366,0.00792,0.0,0.0899,0.19,86.665
138,Minute,Lil Baby,https://open.spotify.com/track/3JfXV0Cz7XhfydszEZrLvz,0.75,0.473,9,-8.632,1,0.119,0.0016,0.0,0.132,0.329,122.063
139,Life,Lil Baby,https://open.spotify.com/track/5o31P9xozXjfoQOaW0V0RJ,0.673,0.574,5,-8.361,0,0.189,0.0839,0.0,0.1,0.501,84.977
140,Dates,Lil Baby,https://open.spotify.com/track/39sH1HapE3v6uIthyb2KFy,0.893,0.615,6,-7.821,1,0.296,0.0218,0.0,0.104,0.801,148.074
141,Stendo,Lil Baby,https://open.spotify.com/track/7GSlWq7g7RHCbsPMrJ0tEx,0.584,0.609,11,-8.434,0,0.172,0.195,0.0,0.124,0.116,78.029
142,A-Town,Lil Baby,https://open.spotify.com/track/5MuIBOPNO1mWDaEt7qBtYg,0.643,0.475,4,-10.837,0,0.335,0.0717,0.0,0.107,0.369,160.017
143,Pink Slip,Lil Baby,https://open.spotify.com/track/4cAIfmo7P8InMxyyXsZtoM,0.685,0.629,8,-6.567,1,0.0344,0.099,0.0,0.129,0.311,146.997
144,Large,Lil Baby,https://open.spotify.com/track/0NhuiLOx2ptpPIhAERs33C,0.652,0.665,2,-8.495,1,0.36,0.0593,0.0,0.494,0.224,149.633
145,Ride Or Die,Lil Baby,https://open.spotify.com/track/5N6z4rWwioNXS6kxEsUhVW,0.632,0.488,5,-8.604,0,0.202,0.00282,0.0,0.12,0.356,79.951
146,Survive Da Motion,Lil Baby,https://open.spotify.com/track/6VhP0ZCa9Zs7j16iz0fNqi,0.549,0.709,11,-8.113,0,0.395,0.074,0.0,0.11,0.356,160.334
147,Option,Lil Baby,https://open.spotify.com/track/0j3gn2XU2dIDSoDEEJqKpI,0.829,0.614,3,-6.259,0,0.154,0.0226,0.0,0.0673,0.556,134.014
148,Racks In,Lil Baby,https://open.spotify.com/track/4WE3UaLbYDjICeFdJgCpQy,0.615,0.532,0,-7.518,0,0.395,0.0141,0.0,0.133,0.46,149.994
149,9To5,Lil Baby,https://open.spotify.com/track/79v9XzY23HpedGnLVuiSBz,0.733,0.597,1,-7.987,1,0.164,0.0139,0.0,0.076,0.466,140.069
150,Days Off,Lil Baby,https://open.spotify.com/track/24ewsi0MEMUHXMrdQT2t7W,0.461,0.657,1,-8.322,0,0.396,0.0136,0.0,0.158,0.749,111.335
151,100 Round,Lil Baby,https://open.spotify.com/track/4zv6drg4OZr4nPJEobAlIM,0.916,0.437,10,-9.063,0,0.558,0.27,0.0,0.101,0.427,123.863
152,Our Year,Lil Baby,https://open.spotify.com/track/1jeGQJsJHwaeRhfoQ2BvMB,0.845,0.453,10,-8.787,0,0.0819,0.135,0.0,0.0871,0.192,111.903
153,Rider,Lil Baby,https://open.spotify.com/track/62M6iL4Hqx6w0dhlNagoXf,0.728,0.543,1,-7.553,1,0.305,0.00346,0.0,0.107,0.457,160.017
154,Up,Lil Baby,https://open.spotify.com/track/3OvdPOQlfp1rbZ9PDHMBTX,0.712,0.553,10,-6.872,0,0.413,0.0177,0.0,0.105,0.519,146.338
155,Grindin,Lil Baby,https://open.spotify.com/track/1JOyXXdVyl46Bx9QXKNjBM,0.717,0.505,4,-8.76,0,0.234,0.00464,0.0,0.127,0.315,159.999
156,For You,Lil Baby,https://open.spotify.com/track/0G5HhL5uepAc8PAtdbWGk8,0.418,0.762,1,-6.842,1,0.245,0.134,0.0,0.623,0.401,168.888
157,Plug,Lil Baby,https://open.spotify.com/track/47niGJSl49bt2oDB8CfdYS,0.741,0.534,0,-6.697,1,0.131,0.0559,0.0,0.331,0.287,140.998
158,Trust,Lil Baby,https://open.spotify.com/track/1OwslJYziEr3VrE7CFmVd3,0.802,0.634,7,-5.412,1,0.0611,0.434,0.0,0.163,0.811,134.948
159,2 The Hard Way,Lil Baby,https://open.spotify.com/track/4ivwRlIHxSDSXen6IOnvcU,0.653,0.596,0,-7.608,1,0.238,0.0244,0.0,0.135,0.145,150.008
160,Set Up Shop - Remix,Lil Baby,https://open.spotify.com/track/7nTNse2hcRGNZEQHgRvtSM,0.832,0.553,1,-6.549,1,0.349,0.032,0.0,0.0985,0.283,145.272
161,Time After Time,Lil Baby,https://open.spotify.com/track/5RUrVSdaXFVXjYK4lr2xf3,0.874,0.426,0,-10.448,0,0.463,0.0132,0.0,0.101,0.489,140.106
162,Whatchu Gon Do,Lil Baby,https://open.spotify.com/track/2fjT5HTYHOL81Y7Iz1Q8e9,0.59,0.58,4,-7.162,0,0.324,0.0633,0.0,0.105,0.355,150.0
163,Rac Racing,Lil Baby,https://open.spotify.com/track/0XJtZuDXbGaCNIIhRz425v,0.716,0.743,11,-6.202,0,0.289,0.164,0.0,0.0772,0.769,142.13
164,Chance,Lil Baby,https://open.spotify.com/track/5bDksuKhX6zM1wN9ouBWO1,0.475,0.588,8,-7.477,0,0.343,0.112,0.0,0.0935,0.46,152.979
165,Big Tymers,Lil Baby,https://open.spotify.com/track/0EQo2fow71b5XtUd8wU065,0.528,0.653,9,-5.411,1,0.379,0.041,0.0,0.0736,0.262,177.862
166,Really Did It,Lil Baby,https://open.spotify.com/track/07TMpU96bgMQWnbKNY0sap,0.694,0.53,1,-10.145,1,0.33,0.00253,0.0,0.102,0.276,140.083
167,My Nigga,Lil Baby,https://open.spotify.com/track/0NC0vmNi6F6D12KyQlOPp1,0.756,0.758,6,-6.338,0,0.106,0.0274,0.0,0.132,0.161,139.851
168,EVERY CHANCE I GET (feat. Lil Baby & Lil Durk),DJ Khaled,https://open.spotify.com/track/1EJIcDYXwSqipW5dFe4uJz,0.477,0.727,2,-4.053,1,0.286,0.000866,0.0,0.108,0.227,150.062
169,LOSE IT (feat. Lil Baby),Quavo,https://open.spotify.com/track/69PkhA9q3xCWU2CzoZnLAu,0.962,0.573,7,-5.924,1,0.308,0.0161,0.0,0.109,0.728,125.035
170,Flewed Out,City Girls,https://open.spotify.com/track/3Ao4pGywlb4i8WiJgYWRm6,0.842,0.816,7,-5.279,0,0.19,0.0969,0.0,0.0938,0.416,109.838
171,BLINDFOLD (feat. Lil Baby),Gunna,https://open.spotify.com/track/02mYw61RoS1vXvkD9Q5dpN,0.889,0.507,2,-8.74,1,0.162,0.0562,0.0,0.116,0.219,111.994
172,Ramen & OJ,Joyner Lucas,https://open.spotify.com/track/4TIqzdAssasqx3DAe6cG9J,0.597,0.571,1,-6.205,0,0.293,0.492,0.0,0.093,0.165,106.196
173,Don't Need Friends (feat. Lil Baby),NAV,https://open.spotify.com/track/4x3mum2YGHtIBrgUKiNt4F,0.852,0.674,2,-4.166,1,0.211,0.0123,0.0,0.126,0.584,130.085
174,25k jacket (feat. Lil Baby),Gunna,https://open.spotify.com/track/0boodYr1uIpSVmGSP65Fmk,0.903,0.537,5,-6.854,0,0.283,0.16,0.0,0.129,0.737,115.013
175,Don't Need Time - Remix,Hotboii,https://open.spotify.com/track/43LKpvgZhQ7HwFYYKxqDki,0.779,0.631,8,-4.748,1,0.174,0.343,0.0,0.126,0.622,102.018
176,Mud,3ohBlack,https://open.spotify.com/track/3FZyBb2ALPpua7QKVKsGKt,0.937,0.683,10,-5.827,0,0.231,0.012,0.0,0.102,0.848,123.927
177,Chanel (Go Get It) [feat. Gunna & Lil Baby],Young Thug,https://open.spotify.com/track/0kCBorRrKZkSztd9m0QI3r,0.938,0.5,4,-10.08,0,0.144,0.00183,0.0,0.077,0.462,140.011
178,Baby (Lil Baby feat. DaBaby),Quality Control,https://open.spotify.com/track/5MPPttjfGap2C6j6eKcO6J,0.97,0.463,10,-7.259,1,0.366,0.0957,0.0,0.151,0.46,108.003
179,Petty (feat. Lil Baby),Young Scooter,https://open.spotify.com/track/5M9JysvWlDp8UiIOs1bmlx,0.739,0.571,11,-8.996,1,0.142,0.0561,0.0,0.83,0.437,150.051
180,"Life Is Good (feat. Drake, DaBaby & Lil Baby) - Remix",Future,https://open.spotify.com/track/4iiWcajF1fEUpwcUewc464,0.81,0.566,5,-8.33,1,0.433,0.107,0.0,0.122,0.582,142.069
181,Sold Out Dates (feat. Lil Baby),Gunna,https://open.spotify.com/track/55WLWX71YkHt2tSucNIf1g,0.817,0.556,4,-7.178,0,0.14,0.469,0.0,0.131,0.314,126.991
182,Oh Okay (feat. Young Thug & Lil Baby),Gunna,https://open.spotify.com/track/38844QuZDlnt44uHPrSA3S,0.889,0.516,8,-8.852,1,0.327,0.372,0.0,0.0926,0.732,140.005
183,Real As It Gets (feat. EST Gee),Lil Baby,https://open.spotify.com/track/56AK59z7RDx9vtSkxQ9MBq,0.793,0.698,2,-5.909,1,0.136,0.00572,0.0,0.106,0.207,139.954
184,No Cutt (feat. Lil Baby),Moneybagg Yo,https://open.spotify.com/track/2pQ4sMgskv2XeGCInss0qB,0.8,0.583,5,-6.564,0,0.277,0.0233,0.0,0.234,0.811,148.746
185,Pop Out Again (feat. Lil Baby & Gunna),Polo G,https://open.spotify.com/track/2VIMXmWUIqhMqg6h5FOFPG,0.862,0.689,1,-5.68,1,0.323,0.118,0.0,0.0729,0.364,83.964
186,U Played (feat. Lil Baby),Moneybagg Yo,https://open.spotify.com/track/7qeWNGBqqagdwf4KnjRzGZ,0.874,0.847,2,-3.574,1,0.233,0.00341,0.0,0.29,0.881,134.965
187,How I Move (feat. Lil Baby),Flipp Dinero,https://open.spotify.com/track/14X1WxiHXdVRJ99cMCBzOE,0.826,0.635,5,-5.181,0,0.212,0.102,0.0,0.245,0.808,119.954
188,Decline (feat. Lil Baby),Lil Tjay,https://open.spotify.com/track/4jkalyYVL46RGyWphOzphd,0.474,0.589,0,-7.292,0,0.141,0.445,0.0,0.139,0.51,113.202
189,Back On,Quality Control,https://open.spotify.com/track/5WptmsWwi6FEsTNxN1gUh1,0.529,0.754,10,-3.457,0,0.325,0.0129,0.0,0.198,0.212,175.041
190,Hook Up,Quality Control,https://open.spotify.com/track/0gUGjvCXLxvLoBLXJVrUSl,0.879,0.427,4,-8.525,0,0.107,0.0579,0.0,0.11,0.498,124.995
191,Givenchy Kickin (feat. Lil Baby & Lil Tjay),Calboy,https://open.spotify.com/track/2s6nFAzZLRAbKS9NKV7Mos,0.798,0.629,8,-6.405,0,0.07,0.077,0.0,0.136,0.261,142.079
192,can't leave without it,21 Savage,https://open.spotify.com/track/0hPLZrnDgtKxrym1BHjDhd,0.872,0.591,6,-6.952,0,0.359,0.111,0.0,0.144,0.696,131.982
193,TOES (feat. Lil Baby & Moneybagg Yo),DaBaby,https://open.spotify.com/track/2FvD20Z8aoWIePi7PoN8sG,0.816,0.582,8,-4.141,1,0.341,0.0794,5.84e-06,0.0916,0.542,160.004
194,"I Do It (ft. Big Sean, Lil Baby)",Lil Wayne,https://open.spotify.com/track/1bRO28yzxgO3y3UmNR29TZ,0.804,0.528,1,-3.231,1,0.378,0.125,0.0,0.41,0.321,138.005
195,Stuck Together (feat. Lil Baby),Rich The Kid,https://open.spotify.com/track/5cHPAqi6V5JPMy0vqS4lK6,0.927,0.497,7,-9.062,1,0.426,0.301,0.0,0.106,0.675,130.013
196,Drip Like Dis,Bankroll Freddie,https://open.spotify.com/track/1pyeIeIBIJ8VAJpF0pNPu0,0.956,0.668,1,-5.365,1,0.362,0.00975,0.0,0.113,0.481,127.927
197,DO DAT (feat. DaBaby & Lil Baby),Stunna 4 Vegas,https://open.spotify.com/track/6eluAsb2ONjZ6tXFp062LZ,0.887,0.601,1,-6.301,1,0.434,0.0212,0.0,0.184,0.694,134.91
198,1st N 3rd,Marlo,https://open.spotify.com/track/4pLGDtuJIyOMVAdJv7sHo4,0.945,0.591,2,-4.732,1,0.447,0.00117,0.0,0.145,0.0981,136.965
199,Weekend,Dee Mula,https://open.spotify.com/track/0kqtppFmVXTiWo9bFOrU8s,0.674,0.649,1,-3.618,1,0.0505,0.000166,0.0,0.15,0.4,139.976
200,Mac 10,Trippie Redd,https://open.spotify.com/track/4e34Qq2lkp92egwgjacVcT,0.79,0.629,9,-7.172,1,0.138,0.179,0.0,0.356,0.833,124.063
201,DEALER (feat. Future & Lil Baby),RMR,https://open.spotify.com/track/2Phy6PupYrV7yn1cjV8kTL,0.885,0.525,1,-5.087,1,0.075,0.105,0.000124,0.132,0.058,119.975
202,Not A Rapper (feat. Lil Baby & Yo Gotti),42 Dugg,https://open.spotify.com/track/0qnHywpYq7D2SGMpuHEasL,0.888,0.715,8,-3.377,0,0.274,0.128,0.0,0.0898,0.557,120.106
203,Be Something,Polo G,https://open.spotify.com/track/65jw6GhwQW3Db55PxlPEpS,0.829,0.52,8,-10.34,1,0.294,0.0232,0.0,0.134,0.248,136.103
204,3 Headed Goat (feat. Lil Baby & Polo G),Lil Durk,https://open.spotify.com/track/677KTHp39ZBJ9csDdgymI9,0.835,0.482,8,-8.607,0,0.367,0.262,0.0,0.0991,0.448,143.015
205,No Chill (feat. Lil Baby & Rylo Rodriguez),Moneybagg Yo,https://open.spotify.com/track/0K5a9PJkMiDXQZ58FY2w9H,0.687,0.723,9,-5.414,0,0.283,0.0187,0.0,0.0844,0.506,162.879
206,Know My Rights (feat. Lil Baby),6LACK,https://open.spotify.com/track/7fsNNSLGG8Wi0nFbufCU6L,0.789,0.419,1,-9.874,0,0.157,0.249,0.0257,0.123,0.542,117.988
207,Back At It (feat. Lil Baby),Lil Mosey,https://open.spotify.com/track/07twUUK8jWUCVsrSoEgbLW,0.741,0.678,1,-5.835,1,0.355,0.0204,0.0,0.0782,0.718,165.106
208,Far Gone (feat. Lil Baby),Ski Mask The Slump God,https://open.spotify.com/track/6RiMRVxOiEYd4QSu1cxrls,0.926,0.444,1,-9.024,1,0.254,0.206,0.0,0.124,0.389,140.085
209,Water (feat. Lil Baby),ScHoolboy Q,https://open.spotify.com/track/0wE6AaKnovGUAnwmSxHFrr,0.89,0.498,10,-7.4,0,0.427,0.0431,0.0,0.111,0.244,130.995
210,For The Night (feat. Lil Baby & DaBaby),Pop Smoke,https://open.spotify.com/track/0PvFJmanyNQMseIFrU708S,0.823,0.586,6,-6.606,0,0.2,0.114,0.0,0.193,0.347,125.971
211,Narrow Road (feat. Lil Baby),NLE Choppa,https://open.spotify.com/track/3GZd1aDsgKL71Kt3VIp0hc,0.614,0.553,7,-8.225,1,0.169,0.0306,0.0,0.203,0.161,159.999
212,Rags2Riches 2 (feat. Lil Baby),Rod Wave,https://open.spotify.com/track/0qJeyYAgv6UpvewUxRXAhb,0.874,0.443,5,-9.628,0,0.241,0.147,0.0,0.124,0.298,118.004
213,Call Me Daddy (feat. Lil Baby),PopLord,https://open.spotify.com/track/2JpaAv2AaAAStgAOijx9V5,0.864,0.51,8,-5.384,1,0.434,0.0283,0.0,0.224,0.351,129.996
214,Ice (feat. Gunna & Lil Baby),Gucci Mane,https://open.spotify.com/track/6KCt9V6Lev0M04rFUj8ANC,0.861,0.52,10,-5.498,0,0.472,0.193,0.0,0.109,0.384,153.899
215,Racks on Me,Drako,https://open.spotify.com/track/5KPuc7JG5IrI40t98BRrjt,0.736,0.651,1,-9.457,1,0.297,0.169,0.0,0.139,0.627,142.007
216,I Met Tay Keith First (feat. Lil Baby & Moneybagg Yo),Blac Youngsta,https://open.spotify.com/track/1Fo3FHnFYJ2wT0aKtp4n57,0.709,0.577,1,-8.56,1,0.136,0.00586,0.0,0.0776,0.618,134.94
217,TRAPPER (Remix) [feat. Lil Baby],Foogiano,https://open.spotify.com/track/7fQFaTadDoSUNFDARSYOrS,0.799,0.547,5,-8.416,0,0.245,0.00533,8.86e-05,0.103,0.472,75.015
218,Just How I'm Feelin' (feat. Lil Baby),Lil Yachty,https://open.spotify.com/track/1aOyM41ZZTnCr9TvEc8GHj,0.722,0.554,2,-7.988,0,0.0627,0.0101,1.7e-06,0.115,0.202,122.989
219,Addicted (feat. Lil Baby),Chris Brown,https://open.spotify.com/track/1oNm8t4M05eHVX6KCfRaG8,0.654,0.532,5,-9.07,0,0.143,0.00892,0.0,0.104,0.389,85.016
220,Walk (feat. Lil Baby & 42 Dugg),Rylo Rodriguez,https://open.spotify.com/track/5R1H88Phb5FRiimEwQE42T,0.788,0.394,2,-9.463,1,0.557,0.0472,0.0,0.089,0.231,159.779
221,UGLY (feat. Lil Baby),Russ,https://open.spotify.com/track/0PJ4dXVkpNAtoOZsEjqktc,0.713,0.663,1,-5.113,1,0.149,0.0641,0.0,0.324,0.787,104.99
222,Finesse Out The Gang Way (feat. Lil Baby),Lil Durk,https://open.spotify.com/track/15bnyEOUVRkwWlxR4F7xzF,0.738,0.885,1,-4.159,0,0.126,0.213,0.0,0.098,0.49,100.508
223,Face Of My City (feat. Lil Baby),Jack Harlow,https://open.spotify.com/track/0te6ABUMnSKdNGWCp5dfeU,0.731,0.556,1,-8.426,0,0.303,0.00403,0.0,0.566,0.372,156.181
224,LIKE ME (feat. 42 Dugg & Lil Baby),Future,https://open.spotify.com/track/3gOL6mYIq19Oq8raxIntrV,0.741,0.788,2,-6.403,1,0.2,0.00119,0.0,0.0957,0.307,160.03
225,Know the Difference (feat. Lil Baby),Icewear Vezzo,https://open.spotify.com/track/6inHSFgzJCNhgtSlu5Wtc2,0.824,0.52,10,-8.215,0,0.464,0.0346,0.0,0.105,0.289,133.905
226,Get Even,Fredo Bang,https://open.spotify.com/track/2qx64wz99OxqCJYgLPZH3h,0.853,0.628,4,-4.858,0,0.382,0.0987,0.0,0.467,0.534,119.97
227,Welcome to the Riches (feat. Lil Baby),Pooh Shiesty,https://open.spotify.com/track/3fcOx9hUmxuj6iGfkLZs3d,0.842,0.4,11,-11.308,0,0.486,0.0457,0.0,0.172,0.205,130.018
228,p r i d e . i s . t h e . d e v i l (with Lil Baby),J. Cole,https://open.spotify.com/track/36HEbeiwJ2FkLHgBv0qEfV,0.893,0.668,4,-7.926,0,0.361,0.0955,0.0,0.0968,0.293,89.029
229,Whole Lotta Ice (feat. Lil Baby & Pooh Shiesty),BigWalkDog,https://open.spotify.com/track/7Iz0W9OmSF39YtstMPICKA,0.811,0.554,1,-6.92,1,0.297,0.0184,0.0,0.164,0.202,132.014
230,Hurricane,Kanye West,https://open.spotify.com/track/0RbW8kWozrVSIGb4V13o0o,0.587,0.561,0,-6.569,1,0.146,0.0466,0.0,0.109,0.351,80.009
231,moved to miami (feat. Lil Baby),Roddy Ricch,https://open.spotify.com/track/3rjwafyisDpLdoJ4RecHp6,0.717,0.444,1,-11.126,1,0.18,0.0196,0.000315,0.114,0.116,124.685
232,"5500 Degrees (feat. Lil Baby, 42 Dugg & Rylo Rodriguez)",EST Gee,https://open.spotify.com/track/6uTID2glulLOXYhcwMETS1,0.843,0.697,7,-6.542,1,0.349,0.0215,0.0,0.144,0.792,98.081
233,Girls Want Girls (with Lil Baby),Drake,https://open.spotify.com/track/37Nqx7iavZpotJSDXZWbJ3,0.767,0.438,7,-8.726,0,0.29,0.181,0.0,0.142,0.381,86.975
234,Sharing Locations (feat. Lil Baby & Lil Durk),Meek Mill,https://open.spotify.com/track/3J4VKkUpLvomXJbn9ZAypO,0.681,0.63,1,-5.585,1,0.0385,0.00383,0.0,0.139,0.183,151.951
235,Posse,King Gotit,https://open.spotify.com/track/4cdf7TlNTzW6tS2w9q71PL,0.727,0.788,7,-1.597,0,0.294,0.4,0.0,0.0976,0.348,139.976
236,Me or Sum (feat. Future & Lil Baby),Nardo Wick,https://open.spotify.com/track/1qlh1WxuWilyIWRwdsKMuJ,0.532,0.572,1,-6.794,1,0.421,0.00984,0.0,0.143,0.369,160.517
237,Bussin,Nicki Minaj,https://open.spotify.com/track/7lcI4X8RZxK4zIknJcwpBq,0.893,0.699,11,-8.059,1,0.0517,0.0576,3.02e-06,0.128,0.747,139.972
238,What You Sayin,Lil Kee,https://open.spotify.com/track/6z2UxaHDOgNQ7MCOgSO39l,0.545,0.429,1,-6.893,0,0.434,0.276,0.0,0.311,0.495,160.756
239,Derek Fisher (feat. Lil Baby),Gunna,https://open.spotify.com/track/0mOp9tWdCRHfYwwVaO8ezw,0.759,0.562,9,-6.228,0,0.149,0.293,0.0,0.0979,0.706,145.139
240,Racks On Des Diamonds (feat. Lil Baby),HoodRich Pablo Juan,https://open.spotify.com/track/69a6NtYjOEzfm4ecYeoZI5,0.905,0.327,11,-11.393,0,0.149,0.0368,0.000745,0.108,0.163,140.0
241,Downfall (feat. Young Dolph & Lil Baby),Lil Durk,https://open.spotify.com/track/3fZVaBxYP3KdkSmTEWbl1d,0.657,0.687,0,-5.318,0,0.445,0.207,0.0,0.201,0.434,83.098
242,I Remember (feat. Lil Baby),Quando Rondo,https://open.spotify.com/track/3JZ23tAD3kFjFHtXnzvDKm,0.758,0.528,0,-9.199,1,0.124,0.149,0.0,0.081,0.261,99.993
243,FWM (feat. Lil Baby),Moneybagg Yo,https://open.spotify.com/track/1UrZtZSwQFi4slalewKEtd,0.745,0.589,7,-6.852,1,0.277,0.176,0.0,0.117,0.575,135.089
244,Up One (feat. Lil Baby) - Remix,Yella Beezy,https://open.spotify.com/track/4RxrKuTfREQe3jQeFJhe2C,0.955,0.468,9,-9.835,1,0.484,0.00742,4.6e-05,0.104,0.304,129.921
245,Put a Date On It (feat. Lil Baby),Yo Gotti,https://open.spotify.com/track/7LXGjnpnKzgtCbNjHm8IgZ,0.833,0.65,4,-5.698,1,0.319,0.0124,0.0,0.371,0.58,129.933
246,SaintLaurentYSL (feat. Lil Baby),Lil Yachty,https://open.spotify.com/track/1Wc1SQwiThvSu9dMc5opth,0.886,0.303,10,-11.199,1,0.792,0.521,0.0,0.169,0.322,127.981
247,Bad Bad Bad (feat. Lil Baby),Young Thug,https://open.spotify.com/track/1GeNui6m825V8jP4uKiIaH,0.974,0.596,6,-8.888,1,0.184,0.0976,0.0,0.151,0.892,111.959
248,How I Know,Lil Durk,https://open.spotify.com/track/3ELZ03zbFbXY1OPVs4zFW6,0.513,0.803,5,-4.803,0,0.239,0.287,0.0,0.109,0.318,170.168
249,How I Move (feat. Lil Baby),Flipp Dinero,https://open.spotify.com/track/0jBJIQuToUUOEx7JJkiPzm,0.826,0.635,5,-5.181,0,0.212,0.102,0.0,0.245,0.808,119.954
250,HIGHEST IN THE ROOM (feat. ROSALÍA & Lil Baby) - REMIX,Travis Scott,https://open.spotify.com/track/7h0d2h0fUmzbs7zeFigJPn,0.559,0.491,2,-6.406,0,0.0346,0.0567,0.0,0.0992,0.114,153.131
251,Big Drip (feat. Lil Baby & Quavo) - Remix,Fivio Foreign,https://open.spotify.com/track/21WTCDU55iW0z2kzXq9R8B,0.834,0.763,0,-6.54,1,0.349,0.0249,0.0,0.0959,0.532,140.0
252,On The Road (feat. Meek Mill & Lil Baby),Post Malone,https://open.spotify.com/track/12Fkyg9lpmaz2zmKOfw2Y2,0.442,0.737,7,-5.046,1,0.109,0.0589,0.0,0.102,0.21,112.93
253,9 Times Out Of 10 (feat. Lil Baby),Big Havi,https://open.spotify.com/track/6WsC3pIrnLybHoLR5IGSkE,0.782,0.604,1,-4.45,0,0.25,0.542,0.0,0.107,0.255,149.068
254,Weekend (feat. Lil Baby),Blueface,https://open.spotify.com/track/7eJbnuLHzBp948ybtKDyQn,0.693,0.591,0,-6.964,1,0.429,0.0154,0.0,0.0778,0.497,204.194
255,Your Peace (feat. Lil Baby),Jacquees,https://open.spotify.com/track/6uNuT1YKpKjgZOOKiY4Nmf,0.51,0.624,6,-5.977,0,0.16,0.0105,0.0,0.102,0.575,196.059
256,FlEXiBle (feat. Chris Brown & Lil Baby),Tory Lanez,https://open.spotify.com/track/7xfo9csQ9xvv8f2mL7sp4m,0.689,0.817,1,-4.503,1,0.0378,0.0786,0.0,0.105,0.865,160.046
257,"Down Like That (feat. Rick Ross, Lil Baby & S-X)",KSI,https://open.spotify.com/track/4etKC4ngPKsQDHUMnYgV3A,0.591,0.8,1,-4.956,1,0.286,0.353,0.0,0.247,0.592,139.472
258,Trap (feat. Lil Baby),SAINt JHN,https://open.spotify.com/track/0mnVrUP1TAoO223C0N2NYI,0.881,0.742,0,-3.736,1,0.0535,0.14,2.49e-06,0.156,0.432,116.997
259,Da Real HoodBabies (feat. Lil Baby) - Remix,Lil Gotit,https://open.spotify.com/track/5rFDHI2AKdK5WhzModJRdl,0.931,0.504,8,-9.013,1,0.359,0.0198,0.0,0.0776,0.844,135.008
260,Geek'd (feat. Lil Baby),Bhad Bhabie,https://open.spotify.com/track/3nQQotHU6YtE0Z4kiMNoW8,0.855,0.562,9,-7.099,0,0.299,0.485,7.89e-06,0.112,0.193,164.053
261,"Leave Em Alone (Layton Greene, Lil Baby feat. City Girls, PnB Rock)",Quality Control,https://open.spotify.com/track/6Vdyu21iT8qScU1haSjWUU,0.76,0.755,6,-4.735,0,0.19,0.0163,2.95e-06,0.0909,0.517,101.993
262,Both Sides (feat. Lil Baby),Gucci Mane,https://open.spotify.com/track/34xlXbZ4Ws3GGpUKeimDu5,0.844,0.616,1,-5.2,1,0.161,0.0084,0.0,0.121,0.188,160.024
263,Prospect (ft. Lil Baby),iann dior,https://open.spotify.com/track/4Zjdzxx0dsavsr7Ehr8fGE,0.816,0.579,1,-6.097,1,0.0867,0.203,0.0,0.127,0.43,120.078
264,Weather the Storm (feat. Meek Mill & Lil Baby),DJ Khaled,https://open.spotify.com/track/6xVhqLT40s5sVhepe9Mckc,0.515,0.802,2,-2.655,0,0.283,0.18,0.0,0.241,0.279,76.069
265,"Nervous (feat. Lil Baby, Jay Critch & Rich the Kid)",Famous Dex,https://open.spotify.com/track/0n22yqkitWec0PV6tibWEO,0.68,0.732,10,-7.108,0,0.27,0.235,0.000174,0.0705,0.864,75.422
266,One Shot (feat. Lil Baby) - From Road To Fast 9 Mixtape,YoungBoy Never Broke Again,https://open.spotify.com/track/6HM2tjTLqJi0poAkCdnNTB,0.589,0.684,1,-4.51,0,0.394,0.143,0.0,0.214,0.261,112.592
267,Covid (feat. Lil Baby),Tee Grizzley,https://open.spotify.com/track/22pBQbEjgNtMAb3Y6SNSII,0.866,0.622,9,-7.931,1,0.362,0.481,0.000206,0.121,0.668,100.479
268,Drop A Tear (feat. Lil Baby),Bankrol Hayden,https://open.spotify.com/track/1b5bD9RZ2KFv34O9Dn5NNr,0.542,0.641,6,-6.746,0,0.377,0.0724,0.0,0.108,0.425,148.234
269,Lil Bebe - Remix,DaniLeigh,https://open.spotify.com/track/1GFLkUNC3d3vingaCRMgdK,0.856,0.483,5,-5.52,0,0.0575,0.0496,0.0,0.11,0.0907,135.99
270,Times 10 (feat. Lil Baby),Sammie,https://open.spotify.com/track/1UvTIQug91WCt1aAnvs0VM,0.758,0.567,5,-8.274,0,0.114,0.437,0.0,0.114,0.373,123.905
271,Alley Oop (feat. Yung Gravy),Yung Gravy,https://open.spotify.com/track/1McX5gbUpLuz5APiNGv5VR,0.861,0.489,6,-7.79,1,0.316,0.259,0.0,0.064,0.818,121.915
272,2 Official (feat. Lil Baby),Ezzy Money,https://open.spotify.com/track/2dFHSdLpvtk5BYW0g2OkT5,0.876,0.53,1,-9.368,0,0.397,0.303,0.0,0.109,0.566,125.047
273,EX (feat. Lil Baby) - Remix,Kiana Ledé,https://open.spotify.com/track/7l7Zo4DU8QhUU3Fu08lGDO,0.743,0.537,9,-6.967,0,0.198,0.275,0.0,0.0763,0.401,73.48
274,Not Us (feat. Lil Baby & Peewee Longway),42 Dugg,https://open.spotify.com/track/39tProoBXb7NkC18fH9NTc,0.856,0.603,1,-4.707,1,0.132,0.157,0.0,0.112,0.156,92.592
275,Covid (feat. Lil Baby),Tee Grizzley,https://open.spotify.com/track/1ZLY8266W29FyBgHtiJmt4,0.858,0.626,9,-7.797,1,0.312,0.452,2.28e-05,0.118,0.724,100.542
276,Always n Forever (feat. Lil Baby),Mariah the Scientist,https://open.spotify.com/track/453dwxD9JW2YcKvTriSUmN,0.651,0.456,1,-10.118,1,0.207,0.258,1.62e-06,0.25,0.236,161.927
277,She Know (feat. Lil Baby),Lil Keed,https://open.spotify.com/track/5f4TAyNRqDrxAOGzabEaXZ,0.793,0.5,1,-8.331,0,0.367,0.0623,0.0,0.0983,0.496,151.888
278,24 (feat. Lil Baby),Money Man,https://open.spotify.com/track/7v96VvFLS0wSYT8kewNLRy,0.868,0.638,2,-7.746,1,0.0736,0.146,0.0565,0.0931,0.459,126.03
279,Both Sides (feat. Lil Baby),Gucci Mane,https://open.spotify.com/track/33T5PVpJ9mi07Vm4CTKwkh,0.834,0.608,1,-5.176,1,0.163,0.00803,0.0,0.107,0.183,160.016
280,Sunday Morning,B La B,https://open.spotify.com/track/1Vb1f3PQjtyWeNCNmEZUcD,0.823,0.528,0,-5.361,1,0.129,0.00305,0.0,0.152,0.149,139.99
281,Why Do You Lie To Me (feat. Lil Baby) - Keanu Silva Remix,Topic,https://open.spotify.com/track/12VndCurRrqRYmn4JxwVO0,0.735,0.728,4,-5.512,0,0.131,0.305,0.0,0.659,0.35,126.079
282,Wild Child (Feat. Lil Baby),Noodah05,https://open.spotify.com/track/3ifZGNuf6QuGT03C8XfF6v,0.555,0.502,1,-8.544,1,0.314,0.0396,0.0,0.121,0.311,101.915
283,Why Do You Lie To Me (feat. Lil Baby),Topic,https://open.spotify.com/track/1Mu0qs9DQ8OfhiPvHxZMMM,0.65,0.738,4,-6.46,0,0.158,0.0539,0.0,0.206,0.336,119.827
284,Pardon (feat. Lil Baby),T.I.,https://open.spotify.com/track/5W3z7a1dBlERTBAye0murh,0.955,0.587,10,-5.894,0,0.32,0.181,0.0,0.585,0.901,111.975
285,I Met Tay Keith First (feat. Lil Baby & Moneybagg Yo),Blac Youngsta,https://open.spotify.com/track/4IUmZGfMRIZZvvmakRvVng,0.71,0.574,1,-8.557,1,0.141,0.00622,0.0,0.0825,0.595,134.887
286,So Crazy (feat. Lil Baby),Davido,https://open.spotify.com/track/5SSYzmp4B9GnT3xYswsUh7,0.619,0.678,10,-4.539,1,0.404,0.11,0.0,0.0771,0.598,107.62
287,Loose Screw (feat. Lil Baby),30 Deep Grimeyy,https://open.spotify.com/track/59iWGhLghGK24L2FKkIqeF,0.797,0.717,2,-7.61,1,0.272,0.236,0.0,0.542,0.416,100.057
288,Trenches,Monica,https://open.spotify.com/track/7z9lRMknTiGUeV2cD7oTy6,0.622,0.501,1,-4.33,1,0.21,0.00642,0.0,0.167,0.308,202.007
289,Sex Lies (feat. Lil Baby),Latto,https://open.spotify.com/track/04LgaRuYui2UCpDGCnbNwO,0.683,0.755,4,-5.952,0,0.0791,0.26,0.0,0.137,0.743,155.95
290,Sticky (feat. Lil Baby & Gunna),Felipe Da Don,https://open.spotify.com/track/0k5e4Q16JfPVBJpo5tmeNp,0.829,0.591,8,-6.615,1,0.283,0.0327,0.0,0.0709,0.505,145.043
291,Monday to Sunday (feat. Lil Baby & BIG30),Pooh Shiesty,https://open.spotify.com/track/4L0bEIT9TobM734BeYfEe1,0.737,0.539,1,-9.988,1,0.175,0.0221,0.0,0.108,0.313,134.981
292,Code of Tha Streets (feat. Lil Baby),BH,https://open.spotify.com/track/6uEvqZksVhNjfXhDjfZG4v,0.768,0.682,1,-7.49,1,0.151,0.0272,3.61e-06,0.323,0.529,160.032
293,Beast,Dirty Tay,https://open.spotify.com/track/7nD4kbrT1Z4loneHEZt9Nx,0.837,0.351,1,-10.275,0,0.509,0.0232,0.0,0.218,0.323,137.975
294,LET ME FIND OUT (feat. Lil Baby),Jordan Hollywood,https://open.spotify.com/track/73StaV45pZsGowjn2Ds1hX,0.767,0.619,7,-5.13,1,0.0605,0.168,4e-06,0.151,0.346,140.964
295,Anything Goes,Marlo,https://open.spotify.com/track/4ijoZsRr3IIGo8d8ZYOL2R,0.862,0.466,7,-9.275,0,0.113,0.0461,0.0,0.131,0.438,139.982
296,Sex Lies (feat. Lil Baby),Latto,https://open.spotify.com/track/1ptsownbhGmvBKmE7IMv3p,0.481,0.728,0,-6.147,1,0.143,0.279,0.0,0.139,0.703,79.829
297,Living Life (feat. Lil Baby & YXNG K.A.),Lil Muk,https://open.spotify.com/track/0N2aBKJDrsTfNZZzSU96II,0.723,0.621,11,-7.495,0,0.373,0.0523,0.0,0.12,0.34,91.947
298,Like Home,Madmarcc,https://open.spotify.com/track/5yXKqPOmXQHDMig9OAVsyS,0.736,0.696,2,-4.632,1,0.073,0.446,0.0,0.142,0.535,90.013
299,Paid the Fine (feat. Lil Baby & YTB Trench),Young Stoner Life,https://open.spotify.com/track/0GqaZ1L5KAXMNngAZbGvLf,0.484,0.596,1,-8.523,1,0.424,0.0299,0.0,0.119,0.21,81.86
300,On Me (Remix) (with Megan Thee Stallion),Lil Baby,https://open.spotify.com/track/589jILaMtVqRiVxubmnLiF,0.867,0.576,6,-6.433,0,0.334,0.0023,0.0,0.148,0.417,77.983
301,Lil Nigga,Lil Baby,https://open.spotify.com/track/0sHgxWlr2kVV3wQloEkn9s,0.783,0.741,1,-5.119,0,0.109,0.316,0.0,0.229,0.456,128.091
302,"I DID IT (feat. Post Malone, Megan Thee Stallion, Lil Baby & DaBaby)",DJ Khaled,https://open.spotify.com/track/20GrahbI4AzAOWxpYfDKkf,0.757,0.721,4,-2.906,0,0.0691,0.00196,0.0,0.647,0.364,124.036
303,Looking for 30's,Saint Vinci,https://open.spotify.com/track/37ZiUIlR3rOXYiP31GMQUR,0.725,0.629,5,-8.513,0,0.118,0.0319,0.0,0.237,0.197,140.004
304,Slidin,Danny Wolf,https://open.spotify.com/track/27AjGAU5A8V0Z9lTv2Vq3c,0.798,0.422,4,-8.446,0,0.147,0.0214,0.0,0.0576,0.115,142.04
305,We Win (Space Jam: A New Legacy) (and Kirk Franklin),Lil Baby,https://open.spotify.com/track/4Y9BJZccHjVdHUkee0pBRa,0.448,0.921,1,-3.609,1,0.365,0.0184,0.0,0.748,0.42,83.762
306,Leave Em Alone,Quality Control,https://open.spotify.com/track/1bIEvOOqf2V3QBrFiClE3Y,0.517,0.747,6,-4.74,0,0.296,0.0189,7.35e-06,0.0821,0.506,102.033
307,Trap Shit (feat. Lil Baby),Gucci Mane,https://open.spotify.com/track/3mdQkDJy0p3MQfMmka1T5t,0.84,0.524,6,-7.103,0,0.273,0.341,0.0,0.0641,0.68,134.001
308,Take Kare (feat. Lil Baby & Lil Durk),YNW Melly,https://open.spotify.com/track/3h4yWMqxCATDWuFy9q2Pt0,0.851,0.707,5,-5.018,1,0.0416,0.0875,0.0,0.0678,0.39,111.011
309,Silence (feat. Lil Baby),Like Mike,https://open.spotify.com/track/2n5qksgDFoBcVs2oIhTusG,0.639,0.701,2,-6.174,1,0.0425,0.0411,0.0,0.0969,0.29,146.973
310,Season (feat. Lil Baby),City Girls,https://open.spotify.com/track/6gqvCJJY8Sh4opRxXVO7A7,0.594,0.695,7,-4.634,1,0.311,0.00964,0.0,0.157,0.408,138.833
311,Eyes Open (feat. Lil Baby & Young Thug),PnB Rock,https://open.spotify.com/track/0va4UcIcxAOf4yVpxGQWSa,0.575,0.577,0,-5.064,1,0.276,0.0887,0.0,0.647,0.505,83.434
312,M&M (with Future feat. Lil Baby),Rvssian,https://open.spotify.com/track/4rmXVKUSU0PIblRyYFZHHi,0.739,0.525,2,-5.52,1,0.386,0.257,0.0,0.111,0.418,139.086
313,Flights,BandoPop,https://open.spotify.com/track/4wHPrNsVpLa2Aak3OsXKWy,0.817,0.547,4,-7.92,0,0.138,0.103,0.0,0.113,0.304,130.111
314,Don’t Play (with Lil Baby),Polo G,https://open.spotify.com/track/2QIBJFl8DJR1mDh9GwfZef,0.684,0.624,2,-7.414,0,0.347,0.239,0.0,0.112,0.708,146.925
315,Thumb,Landstrip Chip,https://open.spotify.com/track/1Qb56t5dvT1IKVLyqXNmWE,0.795,0.406,10,-8.491,0,0.109,0.0597,0.00039,0.143,0.333,140.008
316,WWYA,Charlie Heat,https://open.spotify.com/track/1MAF77bjR5toanBgnsMQ8k,0.694,0.691,2,-6.108,1,0.0595,0.00684,0.0,0.0992,0.479,147.968
317,Do We Have A Problem?,Nicki Minaj,https://open.spotify.com/track/1PNs0uGru3TcrA94kpyGnc,0.842,0.505,1,-8.627,0,0.402,0.472,0.000322,0.117,0.538,119.993
318,Don't make me beg (With Lil Baby),Hylan Starr,https://open.spotify.com/track/7fxhpMjlbdWXSdunAEwl23,0.653,0.588,1,-6.398,0,0.034,0.00495,0.0,0.34,0.766,124.828
319,"Ziki Ziki (feat. Lil Baby, Snoop Dogg)",Static & Ben El,https://open.spotify.com/track/4QjPzMrDf2wQXbsEjvKNe1,0.821,0.829,9,-4.931,1,0.293,0.0631,0.0,0.0517,0.515,103.67
320,Vulture Island V2,Rob49,https://open.spotify.com/track/517rsPDbVf4yTZA2wtStRT,0.531,0.789,1,-2.743,1,0.362,0.0447,0.0,0.0747,0.617,84.704
321,The Load,Quality Control,https://open.spotify.com/track/0A7ekpPTnu4VpqMNy3LJ1r,0.736,0.514,8,-7.273,0,0.266,0.548,0.0,0.167,0.393,142.08
322,2step (feat. Lil Baby),Ed Sheeran,https://open.spotify.com/track/2UN0lp72LAusrXi8LLVomt,0.693,0.643,4,-5.867,0,0.0828,0.138,0.0,0.108,0.477,95.055
323,Lil Baby & Tim Turnt Doritos,Timturnt,https://open.spotify.com/track/5UyjUb91ZidDWSHhBA3pBA,0.812,0.622,2,-4.855,1,0.133,0.0696,1.06e-05,0.0962,0.156,164.104
324,Sleazy Flow (with Lil Baby) - Remix,SleazyWorld Go,https://open.spotify.com/track/5cx7vkF8BQ0iOsVpfvZbnz,0.869,0.298,2,-12.076,1,0.386,0.2,0.0,0.0753,0.178,77.47
325,"Voodoo (with J Balvin, Tainy & Lil Baby)",Badshah,https://open.spotify.com/track/0RoI7Why34Duj8Qmv0W2wv,0.792,0.785,6,-4.885,1,0.0869,0.00413,0.0,0.192,0.419,99.998
326,Find A Way (feat. Lil Durk),H.E.R.,https://open.spotify.com/track/4yIH4PcUVivcxNTy1ETMZ3,0.633,0.664,9,-6.588,1,0.381,0.00797,0.0,0.104,0.617,157.148
327,U-Digg (feat. 42 Dugg & Veeze),Lil Baby,https://open.spotify.com/track/0b7UwotRCrS7qBoLDjfvSY,0.824,0.583,1,-6.537,1,0.147,0.00253,0.0,0.266,0.154,147.496
328,All Dz Chainz (feat. Lil Baby),Gucci Mane,https://open.spotify.com/track/6f8nS2g21RNEL7gNG4WJVT,0.768,0.595,2,-6.35,1,0.264,0.244,0.0,0.159,0.52,82.654
329,Keep It Coming,STM RO,https://open.spotify.com/track/3UIY60qYb0zKAWXIj5s0Kw,0.878,0.722,10,-8.243,0,0.146,0.0561,0.0,0.147,0.683,120.014
330,Toast Up,Lil Baby,https://open.spotify.com/track/0sglkAptGCcAkKXWZcF0gT,0.849,0.556,8,-6.715,1,0.36,0.0434,0.0,0.109,0.514,87.447
331,Phone Down,Stefflon Don,https://open.spotify.com/track/2bkafQf4LKDOQcK2qlyYU5,0.66,0.753,6,-5.946,0,0.0706,0.0221,0.0,0.175,0.567,100.013
332,I Like It,Teenear,https://open.spotify.com/track/0IINZ1s9INKmKNg6FvR6jn,0.703,0.632,10,-6.597,0,0.288,0.0235,0.0,0.123,0.525,110.025
333,Pony,Julian Perretta,https://open.spotify.com/track/59K1LiDT4btNGyOekA1ghR,0.609,0.743,1,-3.669,1,0.116,0.0234,0.0,0.11,0.58,143.956
334,Pain,Chophouze,https://open.spotify.com/track/40eeY2OERP9LaRpq2vaTB4,0.492,0.665,11,-8.747,0,0.286,0.00245,0.0,0.124,0.335,144.074
335,Bankrupt (Feat. Lil Yachty & Lil Baby),Cuban Doll,https://open.spotify.com/track/0AZAsdBtlGiY3BbYQCkBYt,0.835,0.654,1,-4.537,1,0.292,0.079,0.0,0.301,0.136,94.107
336,Day In My Hood (feat. Lil Baby),Sherwood Marty,https://open.spotify.com/track/4sH7CkHYHH8JLhJqZWiHSj,0.52,0.6,5,-7.489,0,0.342,0.397,0.0,0.288,0.605,139.979
337,Come N Get U,Strick,https://open.spotify.com/track/2by4yT4nV8PnnENWNbQq60,0.812,0.349,9,-12.029,1,0.366,0.116,0.0751,0.105,0.159,141.062
338,Never Sleep (with Lil Baby feat. Travis Scott),NAV,https://open.spotify.com/track/3GdWfmQBiiJrDUvSZS1bGv,0.819,0.651,1,-5.829,1,0.169,0.00639,0.0,0.122,0.501,139.957
339,Patience (feat. Lil Baby),Bankroll Freddie,https://open.spotify.com/track/7ci1R1e89Zw0HumjHSN5XF,0.813,0.499,8,-8.926,0,0.446,0.0756,0.0,0.1,0.537,89.515
340,Everything New (feat. Lil Baby & Q Da Fool),Ever,https://open.spotify.com/track/78zS8c5u32ytjlMWd4tw5w,0.797,0.491,1,-9.385,1,0.318,0.00472,0.0,0.112,0.273,125.0
341,Rapper & Trapper,Lil Bam,https://open.spotify.com/track/4DFADc38xA8HBp0Z7qJitm,0.885,0.551,2,-8.851,1,0.252,0.074,0.0,0.0787,0.504,129.036
342,STAYING ALIVE (feat. Drake & Lil Baby),DJ Khaled,https://open.spotify.com/track/0g2Bbgy7P41pFjMWJuzsf4,0.718,0.461,4,-7.676,0,0.0797,0.068,0.0,0.283,0.181,129.953
343,Come Up (feat. Lil Baby),Elyrix,https://open.spotify.com/track/27gcT5AcOcYG5gBvHKptvh,0.591,0.559,8,-7.253,1,0.0767,0.000396,4.52e-06,0.0905,0.274,157.004
344,BIG TIME (feat. Future & Lil Baby),DJ Khaled,https://open.spotify.com/track/161GVsFpy1biuHxHHK9Neo,0.496,0.7,1,-5.199,0,0.284,0.0197,0.0,0.103,0.464,107.711
345,Night Shift,Dave East,https://open.spotify.com/track/1R11kvkIH0Y9CfGf7X4v58,0.818,0.636,5,-7.812,0,0.344,0.022,0.0,0.0865,0.651,139.885
346,The World Is Yours To Take - Budweiser Anthem Of The FIFA World Cup 2022,Tears For Fears,https://open.spotify.com/track/6LiCDjlGCBx8DK4VhOijvp,0.744,0.68,8,-6.866,1,0.232,0.238,0.0,0.107,0.507,112.873
347,Cross Me (feat. Lil Baby and Plies),YoungBoy Never Broke Again,https://open.spotify.com/track/3V3JxDpiUg0RAt1Mfbn6Ht,0.717,0.617,9,-7.385,0,0.343,0.244,0.0,0.148,0.654,152.049
348,Lil Baby Drip Gawd,Executive Coop,https://open.spotify.com/track/6vlIdeN72EhasS8iZaSUdG,0.933,0.621,1,-6.778,1,0.0788,0.0735,0.000504,0.109,0.225,130.018
349,If You Still Wit Me (feat. Lil Baby),Finesse2tymes,https://open.spotify.com/track/4EvFzNPsp8iyiEO9LDHopv,0.519,0.766,2,-6.519,1,0.345,0.0906,0.0,0.287,0.449,100.281
350,Kappa,4PFFBABY,https://open.spotify.com/track/44kpMmuDFZprUx5QTzF3Vr,0.862,0.535,1,-9.613,1,0.283,0.000488,6.79e-05,0.126,0.347,157.023
351,DARK BROTHERHOOD (feat. Lil Baby),Trippie Redd,https://open.spotify.com/track/1uOkLTBD5wTA36qK32SfsK,0.68,0.793,7,-2.521,0,0.274,0.0728,0.0,0.793,0.385,148.83
352,FULLY LOADED (feat. Future & Lil Baby),Trippie Redd,https://open.spotify.com/track/4wYVuGsXa4iPY8BYthBGWc,0.649,0.517,1,-4.4,1,0.142,0.0218,4.07e-06,0.604,0.201,90.09
353,Hate On Me,RichSkii,https://open.spotify.com/track/3wdabChBegbLfqmpGcLF4b,0.696,0.437,11,-15.39,0,0.339,0.0174,1.72e-06,0.331,0.392,150.136
354,HO4ME,DJ Drama,https://open.spotify.com/track/7hrcHfHWaLhooHzGltlCYB,0.511,0.541,10,-10.1,0,0.421,0.0769,0.0,0.1,0.248,101.228
355,Hot Boy (feat. Lil Baby),Nardo Wick,https://open.spotify.com/track/31yydnZnSeCwkRPY7tlgQJ,0.595,0.829,2,-3.95,1,0.226,0.00594,0.000101,0.153,0.501,113.319
356,Go Hard,Lil Baby,https://open.spotify.com/track/1IzJxbARcQrOWMZgPw1PNj,0.849,0.581,6,-5.464,0,0.261,0.0178,0.0,0.092,0.274,142.015
357,TIC TOC,6ix9ine,https://open.spotify.com/track/1q8PAOcnI1tciyj3BVpVhw,0.82,0.691,6,-6.646,0,0.0723,0.0113,0.0,0.344,0.683,142.028
358,Smackdown,Rated X,https://open.spotify.com/track/6Glc7vcgsH9qKyxtIo1v62,0.827,0.554,2,-10.276,1,0.293,0.0402,7.84e-05,0.312,0.144,151.006
359,SPEND IT,Juicy J,https://open.spotify.com/track/15CaM867TKXMlgiU1wHH62,0.864,0.721,1,-5.578,1,0.279,0.0293,0.0,0.21,0.554,164.055
360,The Low,DJ Ike Love,https://open.spotify.com/track/0m4bIu9j3DgxYV04ylwfww,0.952,0.312,1,-11.742,1,0.398,0.0683,1.25e-06,0.093,0.224,120.994
361,Bluffin (feat. Lil Baby),Gucci Mane,https://open.spotify.com/track/1hS8xbWKEifaf0VuFpIY69,0.678,0.483,1,-7.956,1,0.422,0.00361,0.0,0.109,0.12,160.156
362,Not Luck (feat. Lil Baby),Malcolm Mays,https://open.spotify.com/track/2X33IKOkJqn569wiEFJcFF,0.795,0.535,1,-6.452,1,0.142,0.104,0.0,0.104,0.513,126.037
363,"False Idols (with Lil Baby, Suzanna Son)",The Weeknd,https://open.spotify.com/track/3Ij2iYpipfzlqMKRewFvYn,0.692,0.589,9,-5.359,0,0.0338,0.165,0.0,0.0999,0.107,119.967
364,Real Type (feat. Lil Baby),Rylo Rodriguez,https://open.spotify.com/track/4PzCOwKj40MzmcdlbNj3bJ,0.681,0.586,6,-7.127,0,0.287,0.00121,2.74e-06,0.534,0.168,78.462
365,Blue story (feat. Lil Baby),Ninho,https://open.spotify.com/track/3t6CmLKKMFxclNBzvJd51t,0.74,0.54,2,-7.908,0,0.464,0.168,0.0,0.11,0.439,86.462
366,Window Shopping (feat. Lil Baby),FRVRFRIDAY,https://open.spotify.com/track/5RmUd1skWw9kMFlxPgfcYW,0.806,0.665,6,-7.464,0,0.132,0.288,0.0,0.0748,0.502,98.426
367,Merch Madness,Lil Baby,https://open.spotify.com/track/5BM6yfBokOMMgD6h869lRc,0.749,0.584,4,-5.271,0,0.281,0.0997,0.0,0.137,0.102,154.978
368,Family Freestyle,Lil Dann,https://open.spotify.com/track/5u8m1YQAVoyu5k81b5DWvr,0.613,0.685,4,-6.795,1,0.292,0.00133,0.0,0.296,0.289,163.994
369,"SUPPOSED TO BE LOVED (feat. Lil Baby, Future & Lil Uzi Vert)",DJ Khaled,https://open.spotify.com/track/2buC0ru4cVutdUhxIjH9Bj,0.681,0.822,5,-5.68,0,0.227,0.00262,0.0,0.159,0.427,98.952
370,Pepper,Flowdan,https://open.spotify.com/track/0OCFIEsSrmKueOiPK6S3xq,0.766,0.876,10,-4.256,0,0.0867,0.000979,0.000298,0.102,0.303,145.025
371,All Night Long,Bay Swag,https://open.spotify.com/track/3gw2cdej8K6EaLEzAgs4U0,0.817,0.639,6,-5.519,0,0.207,0.352,0.0,0.213,0.393,102.971
