,name,artist,url,danceability,energy,key,loudness,mode,speechiness,acousticness,instrumentalness,liveness,valence,tempo
0,In My Mind (feat. Georgi Kay) - Axwell Remix,Ivan Gough,https://open.spotify.com/track/7JYkPbPjRkbiS5OSxFrrXl,0.668,0.896,7,-5.188,0,0.0886,0.0393,0.00223,0.298,0.302,127.997
1,So Close,NOTD,https://open.spotify.com/track/7FjZU7XFs7P9jHI9Z0yRhK,0.7,0.872,10,-5.896,1,0.0666,0.121,7.08e-06,0.103,0.761,125.03
2,My Life,ZHU,https://open.spotify.com/track/4y78bEIRTzNe2RbGAnX8zU,0.755,0.557,0,-7.985,0,0.0373,0.257,0.0524,0.103,0.21,109.983
3,Last Christmas,Eden Prince,https://open.spotify.com/track/2XmfGaH8F0OuElPwnovfDe,0.756,0.689,0,-5.631,1,0.0832,0.0743,0.0,0.0817,0.468,117.926
4,Jack Machine,Dombresky,https://open.spotify.com/track/3uErYPow17N3TidOv639On,0.805,0.958,1,-7.336,1,0.0474,0.0163,0.489,0.039,0.729,127.0
5,Pepas,Farruko,https://open.spotify.com/track/5fwSHlTEWpluwOM0Sxnh5k,0.762,0.766,7,-3.955,1,0.0343,0.00776,6.98e-05,0.128,0.442,130.001
6,Lady - Hear Me Tonight,Modjo,https://open.spotify.com/track/49X0LAl6faAusYq02PRAY6,0.72,0.808,6,-5.627,1,0.0379,0.00793,0.0293,0.0634,0.869,126.041
7,A Drug From God,Chris Lake,https://open.spotify.com/track/4skbQNtyjy8A7mo8oqe2oD,0.714,0.883,9,-4.43,1,0.0625,0.00819,0.843,0.231,0.819,126.016
8,I Got You,Kyle Watson,https://open.spotify.com/track/5ZGMQEdvva3JRZCJ8Yd3hd,0.874,0.684,5,-7.407,0,0.0732,0.172,0.00022,0.14,0.672,120.014
9,Sides,Kyle Watson,https://open.spotify.com/track/3AwIwtTUtUgegzVzpnO6k9,0.988,0.462,11,-8.726,1,0.158,0.0118,0.414,0.0866,0.31,123.026
10,Revival,Dombresky,https://open.spotify.com/track/5BwKBNWExR567nOUmTFFkD,0.618,0.951,9,-5.792,0,0.0384,9.13e-05,0.557,0.511,0.505,128.017
11,Your Love,Mercer,https://open.spotify.com/track/1KsWS1hACIVyT3PeluqkAt,0.744,0.988,1,-2.812,0,0.0548,0.0151,0.00094,0.17,0.816,124.943
12,Ocean Drive - Extended Mix,Duke Dumont,https://open.spotify.com/track/6eVwaToHDpGJGlLdeu5fVB,0.672,0.685,8,-5.595,0,0.0384,0.00751,0.000124,0.172,0.368,115.009
13,Good for Me (Mixed),Sammy Deuce,https://open.spotify.com/track/4Dofpi8i7laJTYxfWMcqbH,0.674,0.919,10,-7.594,0,0.0367,0.00465,0.329,0.313,0.907,124.01
14,Devoted (feat. Byron Stingily),Martin Ikin,https://open.spotify.com/track/6f6BSEmjqw43GVwTrArNgU,0.767,0.864,3,-5.903,1,0.0469,0.0075,0.19,0.276,0.343,127.013
15,Housology,Dombresky,https://open.spotify.com/track/0ft4BiESVrXrIHQ2iRFP5Y,0.555,0.979,9,-5.504,0,0.0433,0.00883,0.925,0.101,0.77,126.025
16,Gunna Be Mine,Endor,https://open.spotify.com/track/4tke9BbjoZSaDL8csRxYPL,0.722,0.82,9,-4.791,0,0.0746,0.0121,0.0962,0.107,0.682,123.003
17,Freak - Audio Drive Remix (Mixed),Deepah Ones,https://open.spotify.com/track/0dYP1sJ998rUlaL1a7DBOJ,0.737,0.946,9,-5.737,0,0.0882,0.01,0.0452,0.296,0.542,125.999
18,Strings Of Life - Supernova Remix (Mixed),Soul Central,https://open.spotify.com/track/2kT4eteywDHlvXDYLPp1pz,0.741,0.751,10,-9.328,0,0.0525,0.0159,0.901,0.114,0.228,126.002
19,Same Man - Mixed,Franky Rizardo,https://open.spotify.com/track/2O8IfbX1KAPNCOl4EUIsrk,0.714,0.877,2,-7.342,0,0.0376,0.000146,0.855,0.288,0.942,126.012
20,Pasilda - Extended Mix (Mixed),Melé,https://open.spotify.com/track/6BP9hrs0nO6HJwII9oRzuQ,0.736,0.934,5,-8.084,0,0.0704,0.0438,0.921,0.0347,0.52,123.99
21,Joys - OFFAIAH Club Mix (Mixed),Roberto Surace,https://open.spotify.com/track/2zEYUJ4WCMx9khD14vcMhl,0.796,0.94,1,-7.307,1,0.0644,0.00375,0.466,0.28,0.852,123.994
22,Days Like This - Deepah Dub ReRub,Shaun Escoffery,https://open.spotify.com/track/0P7YymwLxOHVaQTHtPYF43,0.766,0.656,5,-9.806,0,0.0396,0.000365,0.646,0.079,0.701,124.995
23,Obey,Duke Dumont,https://open.spotify.com/track/0wYJthlYqptzzneYqMCExU,0.686,0.895,6,-5.14,1,0.0586,0.000153,0.68,0.102,0.838,128.015
24,Talk That Way,Alexis B,https://open.spotify.com/track/3owrJT17XwKMSiULVxEYyT,0.87,0.915,10,-2.934,0,0.12,0.0105,0.525,0.0942,0.637,125.061
25,Million Voices - Extended Original Mix,Otto Knows,https://open.spotify.com/track/70R53Oq9IegG1kwhxo2Lxm,0.596,0.727,3,-7.071,1,0.0597,0.00506,0.16,0.0847,0.235,125.968
26,Lonely (feat. Sananda Maitreya),Love Regenerator,https://open.spotify.com/track/2tZaIi32T3Fwn6GqD8Jcii,0.628,0.915,0,-3.91,1,0.0424,0.079,0.269,0.0847,0.569,123.97
27,Slow Down (feat. Jorja Smith) - Vintage Culture & Slow Motion Remix,Maverick Sabre,https://open.spotify.com/track/5PNvgiKSwMdjBsDsgFCFLX,0.881,0.661,11,-7.681,0,0.0343,0.098,0.0187,0.101,0.965,124.023
28,Turn Off The Lights - Cloonee Remix,Chris Lake,https://open.spotify.com/track/5pg2odADhTPe42uf0BghWA,0.902,0.41,11,-6.981,0,0.14,0.0555,0.0417,0.123,0.204,127.989
29,My Humps,Joshwa,https://open.spotify.com/track/3BbD2sqk7P7Rc9V0KF9o4s,0.862,0.79,4,-8.412,0,0.0672,0.0418,0.00615,0.0746,0.587,129.005
30,"Lies, Deception, And Fantasy",Chris Lake,https://open.spotify.com/track/66CC0YuVDBVbfMymqFrIRq,0.809,0.935,1,-4.81,1,0.06,0.00405,0.0317,0.34,0.729,124.014
31,"Moth To A Flame (with The Weeknd, Chris Lake) - Chris Lake Remix",Swedish House Mafia,https://open.spotify.com/track/7u6f174xl25TOBHA2HpFHO,0.587,0.892,10,-6.385,0,0.0415,0.00467,0.276,0.0703,0.285,126.017
32,Baby Baby,Noizu,https://open.spotify.com/track/2fMtXRKJDPtT8Xs4EJkBQh,0.627,0.948,7,-4.478,1,0.0428,0.00354,0.551,0.0599,0.569,125.048
33,I Want Your Soul,Armand Van Helden,https://open.spotify.com/track/0edrqISsJODEV9O7FKaCwZ,0.754,0.876,10,-5.427,0,0.0696,0.00451,0.0988,0.155,0.671,127.967
34,Back & Forth,MK,https://open.spotify.com/track/4M8x1TR36VMQMFMbGCdoyA,0.684,0.816,10,-5.211,0,0.0322,0.0181,0.0,0.0222,0.702,121.993
35,Palm Beach Banga,FISHER,https://open.spotify.com/track/2Q4nScd22kJ70CqQbQqWFD,0.766,0.799,0,-6.37,1,0.116,0.00918,0.00197,0.165,0.645,125.999
36,Don't Forget My Love,Diplo,https://open.spotify.com/track/22pjmqZq2oTZtEThEt66Zn,0.638,0.875,2,-6.222,1,0.0413,0.0239,0.0149,0.119,0.251,121.035
37,Zhudio54 - J. Worra Remix,ZHU,https://open.spotify.com/track/6KTrU9R5o71XSHPJY16EdQ,0.809,0.707,2,-8.795,1,0.0461,0.000578,0.574,0.0845,0.553,123.981
38,Play By My Rules,Chapter & Verse,https://open.spotify.com/track/01xowIJrmShI6X9Q1WXqAd,0.753,0.745,11,-6.616,1,0.0453,0.0169,0.662,0.283,0.853,126.019
39,Liquor Store,Joel Corry,https://open.spotify.com/track/3aLsMcZZTLgQqjpWgeWMMM,0.803,0.932,0,-7.123,1,0.0912,0.0225,0.581,0.078,0.726,124.963
40,The Parade,Joel Corry,https://open.spotify.com/track/0B3H6se7MYo3D7BmzfvdVN,0.793,0.886,10,-5.071,0,0.0445,0.000755,0.878,0.296,0.285,124.04
41,Cold Heart - Claptone Remix,Elton John,https://open.spotify.com/track/3ck2KxuP99yTwWzdf8piiC,0.799,0.892,10,-4.999,0,0.0358,0.0189,0.00131,0.0591,0.934,125.023
42,Mi Corazón,Noizu,https://open.spotify.com/track/2oNMdd8UJcwDYxLQ4BBc9W,0.729,0.934,6,-5.234,1,0.0807,0.0129,0.456,0.125,0.698,126.013
43,California Dreamin’ (feat. High Jinx) (Vintage Culture Remix),Chris Lorenzo,https://open.spotify.com/track/19lT0l1OBkLtWI5iE5zORl,0.674,0.778,1,-5.341,1,0.0356,0.00123,0.224,0.0955,0.13,128.042
44,Play It Loud,Beki M,https://open.spotify.com/track/5IyPytwtXXGqKOWh07Jwra,0.753,0.964,1,-5.042,1,0.0354,0.0741,0.107,0.0673,0.782,124.007
45,Say Yeah,James Hype,https://open.spotify.com/track/7diiW6RSbOz0o1P7BWGmut,0.731,0.988,1,-5.174,1,0.122,0.00251,0.799,0.0883,0.155,125.993
46,A.C.I.D.,DONT BLINK,https://open.spotify.com/track/0Ll3NCku0a2mclrGwlONj8,0.791,0.978,0,-6.755,0,0.0563,0.00173,0.858,0.0852,0.634,125.019
47,Freedom (You Bring Me),Snakehips,https://open.spotify.com/track/2I0EV5B4RgDQPcSuDGzz2N,0.642,0.958,5,-4.786,0,0.0958,0.000551,0.0127,0.271,0.82,125.035
48,In The Dark - Oliver Heldens Remix,Purple Disco Machine,https://open.spotify.com/track/1Wy1cBJEgd9yV6fg97vFVz,0.728,0.882,6,-5.293,0,0.112,0.00932,0.0708,0.0937,0.244,123.974
49,Ecstasy,Adapter,https://open.spotify.com/track/2xxms0A6GHL6J9hZN6XFBI,0.645,0.759,1,-8.21,1,0.0453,0.00135,0.654,0.107,0.527,128.019
50,Down (feat. Akua),Eden Prince,https://open.spotify.com/track/7G1l8cG18odMvuDFczh1WH,0.795,0.992,1,-4.398,1,0.13,0.00267,0.0516,0.0939,0.423,122.964
51,Feel The Heat - Kyle Walker Remix,AmyElle,https://open.spotify.com/track/1f0lC1Cg6vC9GiUX6qYaY8,0.729,0.941,11,-5.832,0,0.0455,0.000377,0.633,0.182,0.406,124.014
52,Sextacy,SIDEPIECE,https://open.spotify.com/track/7Fbx8mVJy36dsVq9IYTRXu,0.809,0.953,1,-4.793,0,0.048,0.00439,0.312,0.312,0.873,125.008
53,Higher,Norman Doray,https://open.spotify.com/track/1yjh4y7OuPnYsQUZ2PVFq6,0.814,0.912,1,-5.085,1,0.315,0.0115,0.00194,0.0493,0.358,124.992
54,Dancing,DJ Kuba,https://open.spotify.com/track/6kQQyzrBJzRSczaJK0uGHg,0.642,0.885,0,-3.315,1,0.18,0.000175,0.0832,0.0845,0.389,126.075
55,Girls Night Out,Dombresky,https://open.spotify.com/track/0wYFM3YnWjpXToYuEOvCaZ,0.731,0.978,7,-4.051,0,0.111,0.032,0.109,0.387,0.802,124.014
56,Lauren (I Can't Stay Forever) - Extended,Oden & Fatzo,https://open.spotify.com/track/6f8KI9STekHuMflumrAmKF,0.699,0.907,9,-8.489,0,0.0645,0.0932,0.624,0.051,0.923,127.999
57,Pumpin - Original Mix,Dale Howard,https://open.spotify.com/track/0FQO20Wob6uuTJFwnCrSv8,0.771,0.809,6,-6.752,1,0.092,0.000393,0.696,0.0373,0.429,127.052
58,Control Movement,Gesaffelstein,https://open.spotify.com/track/7pz85TDgSWcaZg0Buue9Rn,0.738,0.785,1,-5.982,1,0.0531,0.00828,0.911,0.0974,0.087,126.024
59,Dancing Cliché,LF SYSTEM,https://open.spotify.com/track/3NeSlNBRvB4BMrxhA88Zke,0.806,0.92,11,-5.271,0,0.0882,0.000174,0.0659,0.07,0.935,128.04
60,La Mezcla (feat. Totó La Momposina) - Charles Webster's Club Mix,Michel Cleis,https://open.spotify.com/track/6WvWKAOEd86M0a6CiYt2LC,0.734,0.683,10,-8.273,0,0.0537,0.0414,0.347,0.0961,0.489,120.011
61,We Got You - Radio Edit,Moreno Pezzolato,https://open.spotify.com/track/3rj1Jzxc3xzXqgw1f0iUZT,0.693,0.981,7,-5.312,0,0.0328,0.00052,0.809,0.0689,0.869,125.97
62,You Give Me A Feeling,Vintage Culture,https://open.spotify.com/track/7eMYUFJAtr4yTnh6107YM1,0.761,0.867,2,-6.168,1,0.0499,0.259,0.615,0.0689,0.679,126.03
63,Your Good Times Will Come,Laurence Guy,https://open.spotify.com/track/3g5oI7fJYh9NaQMQ5x4ItH,0.596,0.914,0,-8.632,1,0.0355,0.0809,0.885,0.111,0.627,125.983
64,Taste,kryptogram,https://open.spotify.com/track/6rNZnoD0pCuGqHX3OhsAY3,0.795,0.72,6,-7.376,0,0.048,0.0137,0.713,0.0525,0.894,128.005
65,Do you Feel Like I do?,Another Chemical Love Story,https://open.spotify.com/track/5xbKD51JPTqbqLjWnvmnmF,0.672,0.777,10,-5.117,0,0.122,0.0394,0.0326,0.113,0.623,126.026
66,All Of The Time - DJ Streaks Remix,Jungle,https://open.spotify.com/track/2gtIOi34KWOtEG21WKT8QN,0.829,0.676,2,-7.887,1,0.0692,0.00193,0.904,0.122,0.754,124.002
67,Am I Just Living,SHEE,https://open.spotify.com/track/43AFjjpou0fSv1IVayDrIe,0.578,0.794,8,-10.023,1,0.0905,0.0246,0.454,0.145,0.392,124.959
68,Proud,Qrion,https://open.spotify.com/track/57fgc1wsUpAj0BfTHncOaT,0.797,0.782,1,-6.469,1,0.0308,0.0188,0.344,0.139,0.522,124.0
69,Observatory,Oden & Fatzo,https://open.spotify.com/track/6BqZgDDf4p4dxHmoEhVplt,0.678,0.906,11,-6.074,1,0.0739,0.000566,0.886,0.0969,0.663,128.074
70,Hercule,Oden & Fatzo,https://open.spotify.com/track/7306jGpbTWVaPOnhVX65Fo,0.701,0.84,11,-9.745,0,0.053,0.000356,0.668,0.124,0.455,129.983
71,Broke My Heart,Legit Trip,https://open.spotify.com/track/4fAnq4KHeu0PueSrY4ultK,0.83,0.546,8,-10.862,1,0.0642,0.075,0.833,0.0534,0.672,124.994
72,All Night Long (All Night),Born Dirty,https://open.spotify.com/track/32XrOAEh4ApqJ0YABjS4zP,0.681,0.986,8,-3.038,1,0.0647,0.00175,0.00014,0.176,0.574,125.972
73,Insomnia 2021 - Epic Mix,Maceo Plex,https://open.spotify.com/track/1C64MJBqmR3kl32px5BX3r,0.719,0.948,9,-5.591,1,0.0613,0.0024,0.226,0.0875,0.19,126.001
74,"Planets, Spaceships - Original Mix",Jamie Jones,https://open.spotify.com/track/25SXZeNsLLM9MYCpKtbAlB,0.803,0.631,3,-8.796,1,0.0696,0.000753,0.87,0.0469,0.908,121.972
75,Messing With Magic,Anabel Englund,https://open.spotify.com/track/3W0XQxEtgX1S6akqMwAV84,0.718,0.683,9,-7.942,0,0.0345,0.00756,0.0168,0.115,0.707,122.999
76,We Can Come Together,Love Regenerator,https://open.spotify.com/track/0YG1fyqSZpuIfNlkOeN3eD,0.685,0.922,10,-7.416,1,0.0364,0.00563,0.00149,0.0904,0.422,124.988
77,Don't You Want Me,Love Regenerator,https://open.spotify.com/track/2TY7dOUVRe898IUK07K9Hz,0.626,0.934,4,-7.264,0,0.0502,0.00569,0.238,0.125,0.32,127.997
78,Lust Crazed Muck Men,Malin Genie,https://open.spotify.com/track/61vVgtGLXTkxLbk0eVDCIr,0.794,0.95,6,-7.973,0,0.115,0.000643,0.941,0.0702,0.691,133.018
79,Keep on Dancin',Jovonn,https://open.spotify.com/track/4b0t8edUvevz1TeQqMRtfC,0.931,0.878,9,-8.703,0,0.167,0.00158,0.0,0.0959,0.597,124.971
80,Pushin' On - Original Mix,Malin Genie,https://open.spotify.com/track/7aFuBSK4uA7MKQB2elf4W0,0.806,0.898,6,-8.56,0,0.0873,0.000326,0.841,0.0858,0.593,119.973
81,All the Reasons,Sweely,https://open.spotify.com/track/2B3ytFCShO5lhqUG7oELuR,0.867,0.626,1,-9.007,0,0.108,0.162,0.0344,0.103,0.371,120.02
82,Your Move,Anorak Trax,https://open.spotify.com/track/3EcKCBkiryPmZZ4QEJdEY3,0.791,0.945,1,-5.848,0,0.0445,0.161,0.757,0.0708,0.82,129.683
83,Edit A,Lazare Hoche,https://open.spotify.com/track/5RETmR3jIlrnGh0Nk7QISg,0.869,0.56,9,-9.47,1,0.179,0.0148,0.383,0.0572,0.918,119.994
84,It's A Killa,FISHER,https://open.spotify.com/track/2cAYjs1WvosMFadzTDmmzD,0.78,0.914,7,-5.283,1,0.0435,0.00356,0.00701,0.151,0.81,125.986
85,Solar Inertia,Oden & Fatzo,https://open.spotify.com/track/76JOsEZrMTpenmSVm3XICg,0.777,0.703,11,-6.998,0,0.0478,0.00173,0.871,0.0967,0.575,130.045
86,In Village,Rossi.,https://open.spotify.com/track/4DpVvNt3kz5jWjSfg4rmUR,0.806,0.899,0,-8.177,1,0.0662,0.00213,0.881,0.0485,0.84,129.011
87,Back To The Sound,Eden Prince,https://open.spotify.com/track/3c8Nv4TXZlOD608H4tI5RD,0.735,0.993,8,-5.485,1,0.0504,0.000919,0.41,0.115,0.922,123.997
88,Can't Let You Go,Oden & Fatzo,https://open.spotify.com/track/7mWlJrA8DTpF329VWSOuWY,0.728,0.859,0,-7.14,1,0.125,0.0358,0.464,0.129,0.77,130.021
89,Le Monstre du Lockdown,Herr Krank,https://open.spotify.com/track/6jT6jtD4wcOMiJBRWanKTc,0.805,0.887,10,-7.366,0,0.103,0.0688,0.79,0.29,0.73,130.004
90,Cats Love Jazz,Oden & Fatzo,https://open.spotify.com/track/6oq0MdzLaFShOXXqs2yavp,0.773,0.772,5,-10.491,0,0.0616,0.000448,0.916,0.0982,0.531,128.977
91,Denver In The Sky,Oden & Fatzo,https://open.spotify.com/track/5aeUFW5bJ5ohEPvqlKRFoY,0.837,0.963,5,-5.929,0,0.23,0.0177,0.284,0.663,0.547,129.008
92,La Vie Rêvée,Oden & Fatzo,https://open.spotify.com/track/5idAqhuElZuG3BT4b4E7JI,0.767,0.825,9,-8.806,0,0.0449,0.00895,0.895,0.115,0.468,130.016
93,The Shapeshifter,Oden & Fatzo,https://open.spotify.com/track/0w4jWlVP0tWVYw6NIJRTLI,0.732,0.711,2,-9.802,0,0.0663,0.0976,0.865,0.162,0.59,125.973
94,Denver In The Jungle,Oden & Fatzo,https://open.spotify.com/track/2QuBlhRUkZX6ij0KiM87wr,0.775,0.987,1,-6.349,1,0.141,0.0106,0.602,0.528,0.304,132.04
95,Give Me Some More,Oden & Fatzo,https://open.spotify.com/track/3SM0XgotDdmUXhto9k4tOQ,0.686,0.849,1,-8.727,1,0.0468,0.0126,0.781,0.729,0.637,133.013
96,Equinox,Oden & Fatzo,https://open.spotify.com/track/1HrJu4k3rpGimkPv8UOmQB,0.774,0.837,1,-6.934,1,0.0659,0.00856,0.718,0.385,0.394,129.993
97,Curfew Panda,Oden & Fatzo,https://open.spotify.com/track/4OEeIrBPWlMFst0wxrGAwk,0.776,0.895,4,-5.713,0,0.0701,0.00675,0.887,0.111,0.447,128.044
98,Spaceship for Sale,Oden & Fatzo,https://open.spotify.com/track/4LOSSjk45vEK6YuVzkGrxN,0.77,0.807,6,-9.047,0,0.0672,0.0103,0.894,0.12,0.469,132.007
99,Titontesttu,Oden & Fatzo,https://open.spotify.com/track/1xCqitSc0TzcUy5iTVkLdE,0.754,0.843,5,-8.577,0,0.0929,0.004,0.803,0.114,0.573,132.0
