,name,artist,url,danceability,energy,key,loudness,mode,speechiness,acousticness,instrumentalness,liveness,valence,tempo
0,Perth - Dusky Remix,Kink,https://open.spotify.com/track/38mFPR6JTtMywd4feWQJKL,0.564,0.834,10,-10.098,1,0.0571,0.000403,0.903,0.706,0.375,124.996
1,Fashion (with Boys Noize),Kungs,https://open.spotify.com/track/7E5YYuHcdlIIGMqkOBiBh0,0.806,0.885,11,-6.19,1,0.039,2.96e-05,0.814,0.0779,0.171,121.995
2,Dedication To House Music - Extended Mix,Dennis Quin,https://open.spotify.com/track/2Lux0SyVTI1N2lAdUB5UpD,0.796,0.647,6,-5.882,1,0.0505,0.000874,0.89,0.029,0.322,129.975
3,Frankenstein (feat. A$AP Rocky),Swedish House Mafia,https://open.spotify.com/track/3gDRZkL8YfzpZg1N1YsW5x,0.531,0.612,1,-7.966,1,0.306,0.0119,9.84e-05,0.311,0.226,105.997
4,Burnin',Daft Punk,https://open.spotify.com/track/6nSOhDfZOulWp0pnEHFrnn,0.87,0.875,6,-8.501,0,0.205,0.192,0.357,0.0804,0.715,124.298
5,Flowerz,Armand Van Helden,https://open.spotify.com/track/5ib3vkKpyGZ2GrPdLBn4rL,0.72,0.695,1,-8.176,1,0.0331,0.0223,0.000534,0.0765,0.779,125.967
6,Speed Trials On Acid (feat. Dan Diamond) - LF SYSTEM Remix,Carl Cox,https://open.spotify.com/track/6HXL2O0YUMTxVU0cxWjddn,0.682,0.963,8,-4.896,1,0.0362,0.14,0.38,0.144,0.521,130.007
7,See the Sun Rising,Carl Cox,https://open.spotify.com/track/00uBELqDhFoO4yDvkOdORg,0.555,0.931,5,-6.768,0,0.0486,0.113,0.934,0.104,0.508,133.983
8,Do What You Feel - Birdee Remix,Joey Montenegro,https://open.spotify.com/track/6Oq9RB5L3KPmLphznYlALW,0.597,0.853,10,-7.329,0,0.0347,0.00164,0.465,0.153,0.759,122.006
9,Riding High (On Your Love),Adelphi Music Factory,https://open.spotify.com/track/6On3V12fIC1KDjERLwb6Cp,0.867,0.722,4,-7.125,0,0.247,0.0191,0.788,0.0862,0.541,128.017
10,This Time Baby,Voost,https://open.spotify.com/track/3gfia8r5NbTdhh8cv7gFw1,0.654,0.944,1,-5.213,0,0.338,0.00709,0.103,0.372,0.451,125.976
11,Creative Source - A-Trak Remix,Braxe + Falcon,https://open.spotify.com/track/2KLOgdrNPjzcG0nUzdfSxy,0.745,0.866,6,-4.948,0,0.154,0.00283,0.505,0.327,0.545,123.973
12,U Sure Do - Original Strike Radio Edit,Strike,https://open.spotify.com/track/0xJEniDGfxvIM5Nt70YaNb,0.683,0.93,3,-7.878,0,0.0499,0.0189,0.38,0.344,0.826,127.969
13,Needin U (Club Mix),David Morales Presents The Face,https://open.spotify.com/track/6lnODyLvcdPx3hfhYUvvPr,0.615,0.886,4,-11.8,0,0.042,0.00155,0.775,0.116,0.352,129.972
14,COULD BE WRONG,LOSTBOYJAY,https://open.spotify.com/track/5zuex7tbGFz0gSHlrMvQdu,0.891,0.77,0,-8.391,1,0.123,0.0213,0.00157,0.213,0.855,129.004
15,The House Of House - Original Mix,Cherrymoon Trax,https://open.spotify.com/track/6YoaJ2iXyQqegph6wX26iu,0.64,0.796,8,-10.523,0,0.0335,0.116,0.101,0.0645,0.15,149.866
16,Turned Turk,KinAhau,https://open.spotify.com/track/2AAL6w4EqkcZL6k3CHw6kL,0.772,0.882,1,-7.679,1,0.0662,0.0206,0.94,0.139,0.661,130.999
17,MAKE MY DAY - EXTENDED MIX,TREASURE SERIES,https://open.spotify.com/track/2b4ZYvLatwdMQgoN96GSyj,0.792,0.977,6,-12.659,0,0.0787,0.0367,0.854,0.0832,0.89,133.0
18,Room Service - 24 Hour Extended Mix,PAWSA,https://open.spotify.com/track/7rOIpxDqeDJMtt7MzazN1a,0.791,0.509,2,-12.65,1,0.0519,0.00795,0.637,0.0737,0.812,130.017
19,ADD SUV (feat. Pharrell Williams) - Armand Van Helden Club Remix,Uffie,https://open.spotify.com/track/7kE1g5T0Mmc84izq9DirqZ,0.843,0.972,6,-6.58,0,0.144,0.00326,0.301,0.0324,0.496,124.989
20,I Want You (Forever) - Josh Butler Remix,Carl Cox,https://open.spotify.com/track/4MRNr12oRgpj5DnJbX4jQX,0.804,0.824,9,-9.227,1,0.0686,0.000147,0.575,0.24,0.201,126.028
21,Mobbin',Moise Keane,https://open.spotify.com/track/2E4E93k1ueW9Azm1uDhm5h,0.92,0.665,1,-11.501,0,0.0866,0.252,0.0759,0.0454,0.926,122.024
22,Stupidisco - Extended Version,Junior Jack,https://open.spotify.com/track/4U8CGGwl7h1pLLnbQwHvac,0.735,0.987,1,-4.66,1,0.0475,0.00753,0.646,0.201,0.699,125.004
23,For The Same Man - Nic Fanciulli Extended Remix,B Beat Girls,https://open.spotify.com/track/2le6uB5ibOTFNJSvX1bobP,0.797,0.84,11,-9.474,0,0.0494,0.000399,0.728,0.103,0.77,127.029
24,Black Rain - Âme Remix,Rhye,https://open.spotify.com/track/2xuCVDKo47AYxxjJtiTVCh,0.802,0.887,2,-11.031,1,0.045,0.141,0.88,0.106,0.081,120.993
25,We Don’t Need - Club Edit,Piero Pirupa,https://open.spotify.com/track/3hp1sx2wqHipS9fanoPrzV,0.729,0.811,0,-6.829,1,0.0307,0.00473,0.0354,0.644,0.399,124.997
26,Resist,Max Styler,https://open.spotify.com/track/3y3XOxFORmCpcnuEGSyJau,0.686,0.95,7,-5.326,0,0.0536,0.167,0.8,0.111,0.827,127.975
27,Party Diva - Extended Mix,Deeper Purpose,https://open.spotify.com/track/56cBJjwX7hK4Mt8azLvt6H,0.803,0.929,1,-6.903,1,0.0503,0.00123,0.745,0.0763,0.867,125.992
28,Demons,Deeper Purpose,https://open.spotify.com/track/5usdD4a3nB3XB2QAqkqAzS,0.745,0.967,9,-6.507,1,0.0593,0.201,0.395,0.146,0.606,126.0
29,La Murga - Michael's Midnight Mix,Michael Bibi,https://open.spotify.com/track/5WflSPLMwrHGN45N4L8sT0,0.768,0.809,11,-9.128,0,0.042,0.00556,0.533,0.105,0.668,130.037
30,Confusion - Laolu Remix,&ME,https://open.spotify.com/track/2Ov9dDRvhPHKieyVFam5TM,0.736,0.702,8,-7.283,1,0.0502,0.0012,0.697,0.105,0.682,119.999
31,El Sueño,Dennis Cruz,https://open.spotify.com/track/5BuFt1sQmebCdqwAJ0vZmi,0.898,0.643,10,-11.185,0,0.0638,0.0018,0.675,0.1,0.309,123.999
32,My City's On Fire,Jimi Jules,https://open.spotify.com/track/74wq2mSE5UhoWzRTy1J93p,0.637,0.691,9,-9.316,0,0.0388,1.93e-05,0.0958,0.081,0.936,118.999
33,Bananza (Belly Dancer),VLTRA (IT),https://open.spotify.com/track/0aNXk2QmZtMdFoWOzabLmn,0.855,0.785,8,-7.537,0,0.0637,0.000473,1.79e-05,0.0864,0.714,128.005
34,Poison,Hot Since 82,https://open.spotify.com/track/1MeYeeJV7BUmp3Kf0wEmQe,0.606,0.876,0,-9.218,1,0.0303,0.0107,0.856,0.0846,0.493,127.007
35,Pliva,Jamie Jones,https://open.spotify.com/track/5tfqO6elC42ZwXfIN1aSDk,0.667,0.886,1,-6.999,1,0.0516,0.00306,0.531,0.0523,0.774,123.007
36,Luv On U,Babs Presents,https://open.spotify.com/track/3Pjy4Eo822YCkZM31pnbVo,0.909,0.586,10,-9.73,0,0.0466,0.00166,0.144,0.0495,0.928,123.016
37,Flashing Lights,Subjoi,https://open.spotify.com/track/7z2f6sDfPMbf0FpKAfzha8,0.721,0.868,7,-9.582,1,0.0908,0.424,0.0598,0.111,0.412,122.995
38,Recap (with VanJess & Channel Tres),Kito,https://open.spotify.com/track/2m3RjRXib3un5AEh08k8Fe,0.771,0.553,11,-8.741,0,0.121,0.0166,3.78e-05,0.145,0.484,115.002
39,The Hypnotic,IAMNOBODI,https://open.spotify.com/track/6Q8qOWCg0vHMo6AJp7cwdi,0.948,0.548,9,-9.063,0,0.389,0.354,0.916,0.0953,0.779,118.023
40,Twin Flame,KAYTRANADA,https://open.spotify.com/track/15cYjzRUBRrDHn76GdxWiv,0.61,0.709,7,-7.143,1,0.241,0.00707,1.61e-05,0.273,0.33,100.489
41,Just Can't Get Enough,Channel Tres,https://open.spotify.com/track/2keTABWAcdVZxJ6j8iEy83,0.758,0.873,0,-5.7,0,0.0595,0.0294,5.33e-05,0.747,0.579,121.003
42,I Felt Love,Blue Hawaii,https://open.spotify.com/track/3m04gMIUG6HgYHn65fy5Xt,0.79,0.684,6,-7.748,0,0.0588,0.156,0.0829,0.0743,0.576,132.99
43,Microdosing,UNIIQU3,https://open.spotify.com/track/6JtT4a0Z406dz7A2f2vGBe,0.715,0.764,6,-8.232,0,0.0346,0.0485,0.165,0.175,0.634,130.972
44,Get Me Some,TOKiMONSTA,https://open.spotify.com/track/54bJVMbRyGmVHWslFpU4nK,0.826,0.851,1,-5.666,1,0.0344,0.168,0.00246,0.249,0.789,117.018
45,Through Enough (feat. GoldLink),VanJess,https://open.spotify.com/track/4KaiIuQH1EH65zWQgyWWaQ,0.812,0.725,5,-4.017,0,0.216,0.189,0.0,0.0627,0.877,103.024
46,Brighter Days - Underground Trance Mix '92,Cajmere,https://open.spotify.com/track/7DgQhNE63atGN19CgcFmXd,0.809,0.726,2,-9.675,1,0.0334,0.0125,0.746,0.11,0.599,123.902
47,Dancing Elephants,Rochelle Jordan,https://open.spotify.com/track/4EGz4rN8kpKF5mx5i0HHm1,0.744,0.614,2,-8.003,1,0.0535,0.05,0.183,0.102,0.169,120.007
48,My Feeling - Daddy's Prime Time Edit,Junior Jack,https://open.spotify.com/track/1HkPj9fZFpjAoAUigBAmJS,0.7,0.849,11,-6.561,0,0.129,0.00601,0.0193,0.284,0.449,130.988
49,Lipstick (feat. Robbie Rise),BLR,https://open.spotify.com/track/3EKj57pZTbNfbIKryAl5Dw,0.811,0.92,6,-6.318,0,0.141,0.0649,0.283,0.103,0.32,125.022
50,Bel Mercy,Jengi,https://open.spotify.com/track/7udjTmsTZqdB1xLOHGJ8dM,0.945,0.759,1,-5.971,1,0.0865,0.231,0.651,0.0989,0.688,127.024
51,New Gold (feat. Tame Impala and Bootie Brown) - Dom Dolla Remix,Gorillaz,https://open.spotify.com/track/2c3KCGq6UojB2c8UAFrRON,0.716,0.897,4,-7.185,0,0.0629,0.012,0.262,0.325,0.358,127.03
52,Revolution,John Summit,https://open.spotify.com/track/1vlnbR9iKNLCAlEDNSBrxj,0.668,0.866,0,-5.286,1,0.0426,0.00981,0.451,0.107,0.281,129.999
53,Dame Mas,BadWolf,https://open.spotify.com/track/0JZdzytn0hL7Zzr538YEos,0.81,0.733,4,-6.882,0,0.043,7.24e-05,0.852,0.0456,0.349,122.007
54,Techno Disco Tool,Mella Dee,https://open.spotify.com/track/4dGWqeULKD767yx9NIMcEv,0.753,0.974,11,-5.21,1,0.042,0.000208,0.586,0.0935,0.519,129.994
55,Les Gout,Rampa,https://open.spotify.com/track/0ko0sZ5hNieT3LRq2lOGl3,0.848,0.678,5,-8.783,0,0.0441,0.0887,0.24,0.125,0.536,120.005
56,Confusion,&ME,https://open.spotify.com/track/5i3Rv4Y9kWVBX00zaZbuSE,0.756,0.527,8,-11.861,1,0.0428,0.00201,0.509,0.112,0.248,119.996
57,Forms Of Love,Adam Port,https://open.spotify.com/track/5YUyOSNj5gmRjZQ7yZ3JTA,0.544,0.511,5,-9.411,1,0.0278,0.00519,0.9,0.144,0.0653,122.005
58,Discoteca,&ME,https://open.spotify.com/track/0ENV8cY0bwun9qSQkh195f,0.772,0.485,11,-14.388,0,0.0611,0.000391,0.847,0.0913,0.156,120.0
59,Dara Dum,Roxe,https://open.spotify.com/track/5eFgVcOpAw08lvsM1GG8RK,0.801,0.874,4,-7.612,0,0.0507,0.0643,0.812,0.0804,0.0989,126.99
60,Rainfall (Praise You) - Nathan Dawe Remix,Tom Santa,https://open.spotify.com/track/36VkLBq245WRvM9pVjpQNY,0.656,0.812,0,-8.042,0,0.121,0.017,5.94e-05,0.11,0.558,127.732
61,Live Your Life With Me,Corrina Joseph,https://open.spotify.com/track/6soXVoIqoaLYmKtSfaRtTI,0.62,0.927,2,-4.221,0,0.0327,0.0881,0.156,0.39,0.905,126.809
62,Got 2 Be Loved - Extended Mix,Soul Reductions,https://open.spotify.com/track/5RARH5zRjfHWxnKKg3ZUy1,0.838,0.877,11,-6.108,0,0.0366,0.0174,0.696,0.0405,0.612,122.001
63,H2DAIZZO - Peggy Gou Remix,The Martinez Brothers,https://open.spotify.com/track/0yLyYka2lX0LxAGHOEdTpo,0.802,0.71,2,-8.671,1,0.0465,0.0297,0.814,0.0528,0.851,122.99
64,Bug,Federico Scavo,https://open.spotify.com/track/5AHlQ3Daftd7fArOCUqDAM,0.733,0.992,4,-5.302,0,0.13,0.00137,0.64,0.31,0.51,125.011
65,Hoye Mama,Diephuis,https://open.spotify.com/track/4lfnxj3Sl7DIEQz4Cy6a5W,0.738,0.898,1,-7.086,1,0.0403,0.0087,0.841,0.0512,0.735,124.003
66,Vertigo,ANOTR,https://open.spotify.com/track/1doFagKIgn2FOATKzUkbyi,0.794,0.643,4,-7.044,0,0.0564,0.0339,0.569,0.067,0.744,131.038
67,Can't Get You out of My Head - Peggy Gou’s Midnight Remix,Kylie Minogue,https://open.spotify.com/track/1Rnx52PUuhrLrj306hOZHb,0.687,0.924,9,-7.324,0,0.0361,0.0707,0.228,0.046,0.931,126.018
68,So Let The Wind Come - Remix,Kerri Chandler,https://open.spotify.com/track/3yOAdVj4V9XCXUdSj4kwEq,0.782,0.731,1,-10.189,1,0.04,0.000103,0.896,0.129,0.378,126.995
69,Deep Down - Never Dull's In My Mind Edit,Alok,https://open.spotify.com/track/1kmQ47Sk87vxAN7TAiBpaX,0.701,0.84,0,-5.006,1,0.0706,0.0472,0.0,0.393,0.677,122.025
70,Don't Call Me Baby,Madison Avenue,https://open.spotify.com/track/4fazGt0v2v2zkzddQOcDZD,0.808,0.982,3,-6.588,0,0.0311,0.0585,0.00689,0.35,0.961,124.999
71,E Samba - Jolyon Petch & Mobin Master Remix,Junior Jack,https://open.spotify.com/track/4r7BsZdYmqYK6nenNZvBfk,0.665,0.946,10,-4.782,0,0.123,0.00725,0.553,0.576,0.372,124.996
72,E Samba - Junior Jack Original Club Mix,Junior Jack,https://open.spotify.com/track/5UPXsyPPoniqzAoTwEizyK,0.69,0.952,7,-9.95,1,0.0778,0.0247,0.521,0.0914,0.594,124.955
73,900 Degrees,Ian Pooley,https://open.spotify.com/track/3nBF7oaQBAY6M2eVuUCnYn,0.581,0.734,11,-7.613,0,0.0535,0.000164,0.875,0.18,0.532,124.996
74,Watchin Out (Dirty Channels vs. Danny Russell),Dirty Channels,https://open.spotify.com/track/0pI1I3LwZRXOz1NjmTPQxj,0.828,0.619,3,-7.92,1,0.134,0.000554,0.48,0.143,0.549,125.004
75,Shined On Me - Les Bisous Remix,Praise Cats,https://open.spotify.com/track/4lI7ZOtuUtJGlC4yFnICCP,0.809,0.714,8,-5.823,0,0.0364,0.0979,0.00311,0.311,0.752,124.989
76,Shined On Me - Elio Riso & Muter Remix,Praise Cats,https://open.spotify.com/track/6KwknhNxZoZpjMMzHHksd7,0.813,0.961,8,-6.821,1,0.0512,0.00113,0.295,0.208,0.697,124.994
77,Bad Habit (Jose Nunez Club Mix),ATFC Feat. Lisa Millett,https://open.spotify.com/track/4PzDhz6ltSpDepp8I6WGGl,0.76,0.851,2,-5.538,1,0.0963,0.015,0.000787,0.034,0.577,125.011
78,"Right On, Right On",Silicone Soul,https://open.spotify.com/track/0vVc69ggDUUwcZ6BgFMwp0,0.675,0.617,11,-9.687,1,0.0419,0.0341,0.873,0.132,0.772,125.027
79,Back in the Days,Coeo,https://open.spotify.com/track/7dfnhWFCXP3tOuZdQ4HGjl,0.946,0.566,8,-11.269,0,0.102,0.000788,0.719,0.103,0.405,124.989
80,The Disko Bomb - Original Mix,Disko Junkie,https://open.spotify.com/track/0HIXQSiJsyvEB52ZJlRraK,0.883,0.797,11,-5.556,1,0.208,0.018,0.13,0.573,0.769,124.987
81,The Disko Bomb - Dub Mix,Disko Junkie,https://open.spotify.com/track/76YPSvOsDxWG09KuDr03Tw,0.877,0.831,11,-6.159,1,0.144,0.0214,0.883,0.56,0.722,124.993
82,Go Back To Disko - Original Mix,Disko Junkie,https://open.spotify.com/track/22j7QJBXVs8YyMdfyYvSSD,0.866,0.975,6,-6.154,1,0.108,0.0189,0.851,0.0559,0.702,124.005
83,Just The Two Of Us - Radio Mix,Disko Junkie,https://open.spotify.com/track/1svv06bLsgP8wMm7phcaAB,0.796,0.816,6,-5.519,0,0.0452,0.022,0.000255,0.174,0.846,120.011
84,Cry (Just A Little),Disko Junkie,https://open.spotify.com/track/4DtxGurCuuY1yZLoAXLxFp,0.695,0.867,6,-4.1,1,0.0901,0.054,5.9e-06,0.951,0.245,125.045
85,I Like To Party,Disko Junkie,https://open.spotify.com/track/1UbQyXCoXBZXUD7skuYDqJ,0.875,0.897,1,-5.634,0,0.114,0.067,0.766,0.0287,0.746,121.037
86,Try 2 Luv - Extended Mix,Never Dull,https://open.spotify.com/track/1aSx6colsttwmBs0a6FhC0,0.807,0.798,11,-6.878,0,0.0524,0.00221,0.887,0.0683,0.822,124.002
87,Walls to Build - Mall Grab Remix,Kllo,https://open.spotify.com/track/4KyaRCvdM3ihxef4a8Em53,0.83,0.402,10,-11.357,0,0.0449,0.133,0.811,0.109,0.393,123.996
88,Supa Bump,Cocaine Krueger,https://open.spotify.com/track/3wsY2Z5kXMjjZq0oGNkJJO,0.827,0.424,3,-13.511,0,0.147,0.0823,0.49,0.109,0.344,123.998
89,50//50,Vantage,https://open.spotify.com/track/36lNDeaRf8F8aYaP0zaHpm,0.837,0.7,7,-7.212,1,0.0506,0.0618,0.85,0.0926,0.4,124.139
90,50//50,Vantage,https://open.spotify.com/track/02k5gF3S3t2VFNJ4QY0jHl,0.836,0.637,7,-7.923,1,0.0973,0.0215,0.333,0.0996,0.733,124.0
91,The Fire,Kideko,https://open.spotify.com/track/0ZPowohOc41cvQQ29ibOSU,0.707,0.944,9,-3.967,1,0.0349,0.0174,0.0765,0.429,0.819,125.944
92,Bayside - Radio Edit,Obskür,https://open.spotify.com/track/7hYW4hKuPkfaLbzTpg9hQB,0.688,0.903,1,-3.598,1,0.34,0.0281,2.12e-06,0.0855,0.711,123.292
93,Final Credits,Midland,https://open.spotify.com/track/5gC2aJwuSzGe3IJVlk9r2O,0.823,0.814,6,-8.723,1,0.0391,0.0146,0.359,0.138,0.488,133.01
94,Digital Love Thing - Underground M.K. Mix,Happyhead,https://open.spotify.com/track/0TXsZuoIjUmdOJW6SYYlP0,0.819,0.734,9,-9.693,0,0.0586,0.00176,0.826,0.574,0.518,119.965
95,Brighter Days - Marco Lys Remix,Cajmere,https://open.spotify.com/track/7IJP1vVnqU5mV2hYUbZrlX,0.77,0.876,7,-6.383,1,0.0465,0.00884,0.37,0.0906,0.0891,125.995
96,Your Voice - Adam Port Remix,Caiiro,https://open.spotify.com/track/1Rv6Lfdcny3Avjmpm4W4YM,0.701,0.816,11,-10.55,0,0.0355,0.0112,0.413,0.123,0.207,121.983
97,The Greatest Dancer,Robert Hood,https://open.spotify.com/track/4cySojfOiZ9KXfOvQPLK9J,0.72,0.836,5,-6.402,0,0.128,0.0022,0.743,0.088,0.499,135.379
98,Slow Down - James Cole Remix,Maverick Sabre,https://open.spotify.com/track/7IasAOphluLSAmgMtg9jYA,0.802,0.651,2,-9.438,0,0.0578,0.0374,0.66,0.1,0.332,126.004
99,Americano Buzz,Nenor,https://open.spotify.com/track/5EAAyg2QeziXuCZuktEKak,0.696,0.681,11,-8.632,1,0.03,0.00154,0.916,0.176,0.125,120.008
