,name,artist,url,danceability,energy,key,loudness,mode,speechiness,acousticness,instrumentalness,liveness,valence,tempo
0,I'm The Plug,Drake,https://open.spotify.com/track/6bqtKURdSWkInAJHDkuaL0,0.828,0.55,5,-9.158,1,0.255,0.000379,0.0016,0.134,0.254,160.016
1,Change Locations,Drake,https://open.spotify.com/track/4gowy3WT6D1yhMLgRBlf9C,0.787,0.329,0,-9.991,1,0.391,0.0207,2.95e-06,0.118,0.209,137.85
2,Love Me,Lil Wayne,https://open.spotify.com/track/7tGlzXJv6GD5e5qlu5YmDg,0.674,0.608,8,-6.628,0,0.0334,0.0119,0.0,0.103,0.464,124.952
3,Tra Tra,Nfasis,https://open.spotify.com/track/7xUvr184P6gcgPOyTpJJjB,0.826,0.851,0,-5.986,1,0.133,0.000521,0.159,0.0253,0.615,123.996
4,Grammys,Drake,https://open.spotify.com/track/5e574bhjycX1eH2l4Auage,0.676,0.432,1,-9.51,1,0.502,0.00163,3.84e-06,0.0799,0.12,145.869
5,BARBEE,Green Velvet,https://open.spotify.com/track/2oOmtxMfTI3ZvxSdqlMnbS,0.785,0.915,9,-6.661,1,0.0968,0.0316,0.00503,0.0121,0.793,125.018
6,Teenage Fever,Drake,https://open.spotify.com/track/6n3HGiq4v35D6eFOSwqYuo,0.766,0.283,8,-10.33,0,0.0846,0.111,0.0172,0.115,0.144,97.04
7,Can't Have Everything,Drake,https://open.spotify.com/track/5f5r2N4Lp9WoULWPH9zp2W,0.856,0.572,1,-8.429,1,0.373,0.0136,1.55e-06,0.121,0.454,82.445
8,Never Needed No Help,Lil Baby,https://open.spotify.com/track/7cEZShpmZ7dencnV8ibyUS,0.713,0.495,5,-6.885,0,0.111,0.0467,0.0,0.215,0.426,130.046
9,NOSTYLIST,Destroy Lonely,https://open.spotify.com/track/42tD9J0KCPFSc1d2hFTvAf,0.567,0.773,11,-5.166,0,0.0775,0.0396,0.0,0.111,0.496,160.08
10,Company,Drake,https://open.spotify.com/track/6ImxYXeLDQPIv4qo7bMhSk,0.651,0.55,7,-8.215,1,0.0496,0.0403,0.0,0.165,0.119,107.567
11,Recognize (feat. Drake),PARTYNEXTDOOR,https://open.spotify.com/track/1DMYEiuAgz1OKvANXiNFrN,0.644,0.541,2,-5.801,1,0.0426,0.0102,0.0,0.102,0.165,119.513
12,Still Here,Drake,https://open.spotify.com/track/433P7tDcIAi6NLnf4Sh6tI,0.834,0.433,0,-9.607,1,0.174,0.0258,0.0,0.633,0.229,133.938
13,In Uber,DM 90,https://open.spotify.com/track/4dHHFx7k54HncG4Ii1QVYj,0.876,0.702,6,-6.138,1,0.384,0.0237,0.479,0.165,0.719,74.992
14,Don't Go No Where,J.R. Donato,https://open.spotify.com/track/2Zmd0sMzXLvRvH7BtIdX29,0.576,0.33,6,-8.95,0,0.137,0.291,0.0,0.108,0.231,112.458
15,SECRET,NIGHTMORSS,https://open.spotify.com/track/3c9118tRa8GmH5qAKiLUUT,0.87,0.869,5,-4.284,0,0.142,0.00852,0.14,0.219,0.513,130.021
16,9,Drake,https://open.spotify.com/track/1C7KSXR2GVxknex6I4ANco,0.68,0.712,10,-7.184,1,0.0453,0.000803,0.000612,0.237,0.0379,100.009
17,Fbh,Baskem,https://open.spotify.com/track/5PPaiUg4B4I67yXXuYSv48,0.672,0.536,1,-9.596,1,0.19,0.000686,3.56e-05,0.154,0.155,92.84
18,Touch Me,John Summit,https://open.spotify.com/track/4HIu3dbRbVJJiEK3ziD7OV,0.806,0.975,11,-5.045,0,0.0637,0.00026,0.636,0.0479,0.85,124.992
19,COULD BE WRONG,LOSTBOYJAY,https://open.spotify.com/track/5zuex7tbGFz0gSHlrMvQdu,0.891,0.77,0,-8.391,1,0.123,0.0213,0.00157,0.213,0.855,129.004
20,Ruh - Taiki Nulight Afterhours Mix,Taiki Nulight,https://open.spotify.com/track/4okkgNWjn8cX3ZzDDsmvjE,0.791,0.818,9,-7.726,1,0.0815,0.00277,0.907,0.0877,0.45,125.019
21,Raw - Tony Romera Remix,Julio Navas,https://open.spotify.com/track/7lxbCUxQXJRkPQ1eErYZd3,0.865,0.967,0,-5.03,1,0.087,0.392,0.877,0.353,0.163,128.005
22,Yeah The Girls,FISHER,https://open.spotify.com/track/2ST4u9GusI2ddDfuMvXA5l,0.755,0.968,8,-5.282,1,0.0424,0.00117,0.773,0.103,0.785,126.007
23,Have Me All (feat. Jelita),Bleu Clair,https://open.spotify.com/track/5uxSxL44LynLj2xstL0ogf,0.685,0.846,7,-3.771,0,0.0462,0.099,0.00168,0.344,0.255,126.046
24,Peanut Butter,Bleu Clair,https://open.spotify.com/track/7F2xg9REyaMDf9JHMV8V9S,0.783,0.954,11,-4.796,0,0.0748,0.00966,0.638,0.0676,0.752,125.983
25,Temptation,SIDEPIECE,https://open.spotify.com/track/5UkoWcFsdWn8NtSAh73Vli,0.808,0.878,9,-5.282,1,0.0948,0.00665,0.0152,0.208,0.624,125.011
26,Disconnected,James Hype,https://open.spotify.com/track/3MK2rvp7XjarzRKFrPGMOb,0.842,0.811,2,-6.476,1,0.109,0.00579,0.176,0.0702,0.594,125.995
27,Not About You,Walker & Royce,https://open.spotify.com/track/4rRmrn7Z5qySuAjD4Ep9bR,0.817,0.864,6,-5.654,1,0.0413,0.00363,0.0773,0.0775,0.363,127.98
28,Flying,Curbi,https://open.spotify.com/track/23tSVCziOnXVAyayQt0Bi7,0.747,0.855,4,-7.27,1,0.0341,0.24,0.807,0.111,0.219,130.038
29,Now,Curbi,https://open.spotify.com/track/2uYYUJDzYMZbJ2IX5jVLQo,0.94,0.786,9,-7.448,0,0.0437,0.188,0.856,0.332,0.301,128.01
30,Bruises - Curbi Remix,Curbi,https://open.spotify.com/track/3Q9vdkz3Fv9ewkKDBQV3d4,0.672,0.937,11,-3.073,0,0.05,0.00287,0.0359,0.313,0.373,128.071
31,Feel So Free,Zero,https://open.spotify.com/track/2LXv7VRCHmtusc6B9FfkVW,0.79,0.932,0,-4.514,1,0.278,0.0604,0.154,0.0717,0.867,127.977
32,How it is,Malaa,https://open.spotify.com/track/7HQEKWXO8oGMvnGSvhRK4j,0.73,0.965,1,-5.757,1,0.0743,0.0242,0.0197,0.351,0.419,123.926
33,Wake Up,YBN Nahmir,https://open.spotify.com/track/0nJy14PNZxvBRITSkVfmVP,0.786,0.69,6,-7.604,0,0.117,0.011,0.0,0.134,0.159,130.922
