,name,artist,url,danceability,energy,key,loudness,mode,speechiness,acousticness,instrumentalness,liveness,valence,tempo
0,Star67,Drake,https://open.spotify.com/track/2mmUoyPxzbxehpfm1TpTRK,0.521,0.392,3,-7.88,1,0.17,0.747,8.81e-06,0.198,0.166,91.939
1,9,Drake,https://open.spotify.com/track/1C7KSXR2GVxknex6I4ANco,0.68,0.712,10,-7.184,1,0.0453,0.000803,0.000612,0.237,0.0379,100.009
2,Plastic Bag,Drake,https://open.spotify.com/track/76kyKtPLsFbQkdQ86QrkF4,0.845,0.479,1,-6.065,1,0.298,0.0104,1.79e-06,0.157,0.35,170.919
3,Scholarships,Drake,https://open.spotify.com/track/0B5OTb36fzLayn6XQHg5A1,0.739,0.416,0,-9.319,0,0.285,0.0966,1.27e-05,0.1,0.259,109.168
4,6PM In New York,Drake,https://open.spotify.com/track/5mZJwWdxAOR4xUvSGZvvMU,0.554,0.85,5,-4.155,1,0.251,0.107,0.0,0.155,0.383,128.429
5,Diamonds Dancing,Drake,https://open.spotify.com/track/2AGottAzfC8bHzF7kEJ3Wa,0.51,0.358,1,-10.847,1,0.0467,0.125,3.74e-05,0.111,0.171,136.036
6,Charged Up,Drake,https://open.spotify.com/track/4pc01CAhGKx15PY23uPjHp,0.461,0.696,6,-7.014,0,0.592,0.91,0.0,0.121,0.382,173.695
7,Madonna,Drake,https://open.spotify.com/track/4v7SAP4KD96BFLWiCd1vF0,0.905,0.492,2,-8.598,1,0.0595,0.0149,3.77e-05,0.371,0.142,110.017
8,Change Locations,Drake,https://open.spotify.com/track/4gowy3WT6D1yhMLgRBlf9C,0.787,0.329,0,-9.991,1,0.391,0.0207,2.95e-06,0.118,0.209,137.85
9,30 for 30 Freestyle,Drake,https://open.spotify.com/track/1DmnEYXa4WfbdhAPwNzgD8,0.744,0.619,4,-9.143,0,0.398,0.671,0.0,0.123,0.317,89.252
10,Jersey,Future,https://open.spotify.com/track/2ACys0pX0SjmpQmQWzp7wt,0.758,0.526,5,-10.81,0,0.255,0.513,0.000457,0.0913,0.312,146.054
11,Digital Dash,Drake,https://open.spotify.com/track/0GR7iJLhj80KD5LkA14ZRn,0.881,0.546,2,-7.566,1,0.12,0.00296,4.72e-06,0.226,0.276,140.032
12,10 Bands,Drake,https://open.spotify.com/track/12d5QFwzh60IIHlsSnAvps,0.825,0.756,11,-3.687,0,0.383,0.265,2.15e-06,0.0762,0.888,172.938
13,Now & Forever,Drake,https://open.spotify.com/track/4zLOwx1yRJXWkHKt1XzF1p,0.555,0.481,6,-7.419,1,0.0322,0.124,0.0,0.101,0.098,107.793
14,I'm The Plug,Drake,https://open.spotify.com/track/6bqtKURdSWkInAJHDkuaL0,0.828,0.55,5,-9.158,1,0.255,0.000379,0.0016,0.134,0.254,160.016
15,Jump Out the Face (feat. Future),Meek Mill,https://open.spotify.com/track/17AS0y6FnHdYImAPUydAJg,0.699,0.543,0,-8.879,1,0.138,0.0411,1.26e-06,0.178,0.14,130.064
16,6 God,Drake,https://open.spotify.com/track/3a8tAZFJxlmBwOtrf5L1oC,0.868,0.623,2,-8.595,1,0.101,0.0249,0.0,0.125,0.498,105.446
17,Legend,Drake,https://open.spotify.com/track/1ID1QFSNNxi0hiZCNcwjUC,0.714,0.563,1,-7.574,1,0.0723,0.0266,0.0,0.0776,0.31,100.091
18,Trap Niggas,Future,https://open.spotify.com/track/6elNeXUhiuHPD9hH5rocQi,0.813,0.583,1,-6.922,1,0.174,0.131,3.83e-05,0.142,0.338,81.018
19,Kno The Meaning,Future,https://open.spotify.com/track/2depzNvnAgMFKYnm3moXIc,0.875,0.381,5,-7.176,0,0.379,0.207,4.87e-06,0.104,0.318,100.014
20,Never Satisfied (feat. Drake),Future,https://open.spotify.com/track/11eVz92Nm7b2CTgA8OJVwp,0.616,0.623,9,-7.233,1,0.308,0.501,7.5e-06,0.243,0.458,143.888
21,10 Bands,Drake,https://open.spotify.com/track/12d5QFwzh60IIHlsSnAvps,0.825,0.756,11,-3.687,0,0.383,0.265,2.15e-06,0.0762,0.888,172.938
22,Run It! (feat. Juelz Santana),Chris Brown,https://open.spotify.com/track/7xYnUQigPoIDAMPVK79NEq,0.846,0.482,1,-6.721,0,0.129,0.0246,0.0,0.393,0.212,100.969
23,make it right,iann dior,https://open.spotify.com/track/5j2Nu3tI5ei3Of3fREXIgJ,0.546,0.513,1,-8.269,0,0.144,0.209,0.0,0.227,0.503,160.05
