,name,artist,url,danceability,energy,key,loudness,mode,speechiness,acousticness,instrumentalness,liveness,valence,tempo
0,Taka Doom,Trace,https://open.spotify.com/track/42qyBa2ID6T0tDiwyHcSuR,0.804,0.918,7,-11.11,1,0.0599,0.064,0.847,0.0562,0.932,126.996
1,Do the Konga,Roberto Surace,https://open.spotify.com/track/2GAesCH01537qpo0XBgGtQ,0.806,0.978,8,-8.061,0,0.0519,0.00153,0.682,0.319,0.507,124.003
2,Since I Fell For You,Fahlberg,https://open.spotify.com/track/2OCDgzHWQQfRDWxDL5RxwV,0.443,0.783,3,-10.156,0,0.0293,0.000927,0.549,0.0756,0.24,119.991
3,Tania,Harry Romero,https://open.spotify.com/track/1QqP9QR0vNInRPlJVykceY,0.824,0.86,2,-10.066,1,0.0376,0.0063,0.839,0.17,0.699,124.019
4,Tania - Riva Starr Remix,Harry Romero,https://open.spotify.com/track/5ux3WkPBHoGxi7DUhTIqHi,0.846,0.819,1,-10.243,0,0.0873,0.000387,0.916,0.225,0.404,126.007
5,Hot In Here,Steff da Campo,https://open.spotify.com/track/2Hzg6GI93wgnIiiU6ZrLhP,0.74,0.915,11,-7.53,0,0.0557,0.0154,0.000862,0.116,0.675,125.969
6,Lady (Hear Me Tonight) - Extended Mix,Mark Knight,https://open.spotify.com/track/0lW2IzLrTR2rlvwdFQiF7J,0.772,0.825,9,-4.202,1,0.0998,0.00448,0.0242,0.0213,0.382,124.996
7,Free to Luv,The Deepshakerz,https://open.spotify.com/track/5x3Zv0dfUr3uxq7oeYQKTf,0.792,0.931,10,-7.537,0,0.051,0.00126,0.00233,0.0729,0.218,129.995
8,I Want Your Soul - Mau P Remix,Armand Van Helden,https://open.spotify.com/track/0I9Bt9ds5N3NGB2vlI4wrT,0.785,0.872,10,-6.589,0,0.0678,0.0175,0.505,0.0563,0.523,127.011
9,Group Therapy,AIMMIA,https://open.spotify.com/track/4QQXs45UqYuFztqeDlRKnB,0.662,0.879,8,-6.198,1,0.0447,0.0011,0.0247,0.139,0.669,127.007
10,Levitate,Arielle Free,https://open.spotify.com/track/3w0nFtVBa75tPHsSNZxWr6,0.922,0.734,6,-5.242,0,0.0481,0.0177,0.906,0.0402,0.714,124.01
11,Number 1,James Hype,https://open.spotify.com/track/5HadIAY3Oray8VKuv3shgQ,0.707,0.969,9,-5.181,1,0.0882,0.129,0.876,0.0913,0.251,129.984
12,Pose,Gorgon City,https://open.spotify.com/track/5LBemsCrsGqsXSGYA8i2z6,0.803,0.82,0,-9.104,1,0.08,0.00478,0.299,0.116,0.611,128.029
13,Galactica,Dennis Cruz,https://open.spotify.com/track/2oYKLhVQpaju08PZHUmpFS,0.804,0.746,1,-8.908,1,0.0489,0.0362,0.886,0.0765,0.741,127.017
14,NO8DO - Plaza Edit,Mochakk,https://open.spotify.com/track/6nkuxT71Ze6bi3fNxOUO2K,0.834,0.59,4,-8.618,0,0.0731,0.00117,0.0995,0.057,0.29,127.989
15,Devil's Candy,Michael Bibi,https://open.spotify.com/track/6nEKnbn4Xth3akL0pw61ym,0.81,0.802,11,-9.738,0,0.0809,0.00514,0.909,0.0498,0.797,123.014
16,Aguardiente (feat. Dada) - Extended Mix,Mareels,https://open.spotify.com/track/3RpFjhhzCpO7lER4Imc56G,0.802,0.979,1,-6.689,1,0.078,0.00857,0.601,0.0716,0.906,128.001
17,The Girl Next Door,Adam Ten,https://open.spotify.com/track/7cYd9okXFfOgz9GG4n0wKl,0.805,0.787,0,-8.575,1,0.038,0.0169,0.697,0.0942,0.223,123.999
18,Esta Vaina,Truth x Lies,https://open.spotify.com/track/63CgLY7pJtFU1Oic20tL07,0.768,0.887,11,-7.387,1,0.0545,0.00215,0.949,0.354,0.297,127.014
19,Erotic Holydays Packets,Sister Maso,https://open.spotify.com/track/2AP0ZIeubfcMM8Z2PKTACR,0.743,0.554,7,-15.368,1,0.0638,0.00777,0.77,0.173,0.599,126.271
20,Asking,Sonny Fodera,https://open.spotify.com/track/4bz8Z7squfs2Yji2DwoujR,0.477,0.854,4,-5.274,0,0.0896,0.0213,1.67e-05,0.19,0.395,126.965
21,I Won’t Stop,Armand Van Helden,https://open.spotify.com/track/56aXtU4yNbdkefmS45r0CW,0.569,0.995,9,-2.279,0,0.0511,0.0123,4.29e-05,0.361,0.866,132.978
22,Fade Out (with MKLA),John Summit,https://open.spotify.com/track/6gs5VDiNpbBfXHsAj2c9SB,0.528,0.962,8,-5.304,1,0.0514,0.0319,0.0485,0.48,0.092,131.976
23,The Reason,Kyle Watson,https://open.spotify.com/track/03GJQ4KeNYCyr2P7N45ajo,0.741,0.744,9,-6.081,1,0.079,0.0133,0.89,0.349,0.696,126.035
24,Magalenha,Joshwa,https://open.spotify.com/track/67UgMiTgtwjGFoiACzup1g,0.779,0.857,4,-7.068,0,0.0706,0.0033,0.515,0.0635,0.284,128.012
25,Fruitless,Luuk Van Dijk,https://open.spotify.com/track/78DKBZtIi968rlYrvTAINt,0.774,0.91,6,-7.471,1,0.0471,0.00211,0.929,0.0792,0.566,126.019
26,A380,Hernan Cattaneo,https://open.spotify.com/track/2f7oUjeoSNw64PRWEdGi5S,0.564,0.824,1,-10.692,1,0.0356,3.32e-05,0.743,0.146,0.0463,123.998
27,Feel It,Amelie Lens,https://open.spotify.com/track/6iKLdREEci9SyzXl9JNUVk,0.627,0.991,5,-8.524,0,0.0416,0.000549,0.845,0.0789,0.261,144.001
28,Fruitless - Casey Spillman Fruitless Remix,Luuk Van Dijk,https://open.spotify.com/track/359jTQ08XbJf0od92dicoa,0.803,0.939,11,-8.054,0,0.0586,0.000144,0.872,0.0261,0.735,128.018
29,You & Me,Disclosure,https://open.spotify.com/track/4XcD2Y3Qqrmdx2QAQpU2kG,0.743,0.875,10,-4.104,0,0.154,0.0105,0.174,0.174,0.692,130.006
30,Summertime Sadness (Lana Del Rey Vs. Cedric Gervais) - Cedric Gervais Remix,Lana Del Rey,https://open.spotify.com/track/6PUIzlqotEmPuBfjbwYWOB,0.572,0.81,1,-5.791,0,0.0558,0.0157,6.53e-06,0.13,0.11,126.052
31,L'amour toujours - Radio Edit,Dzeko & Torres,https://open.spotify.com/track/4nYKcVxSChmk3RvFbZjYob,0.591,0.931,3,-2.867,1,0.0966,0.00763,0.000216,0.153,0.17,129.975
32,Pjanoo - Club Mix,Eric Prydz,https://open.spotify.com/track/0noVd1VU93X8TEZMmpR3yN,0.663,0.624,7,-6.923,0,0.0324,0.000939,0.888,0.0666,0.63,126.024
33,Return to Oz - ARTBAT Remix,Monolink,https://open.spotify.com/track/1HHxzXIdk5XJrG8TJHEWq5,0.854,0.93,2,-7.528,1,0.0439,0.563,0.697,0.0815,0.192,123.998
34,Jubel - Original Mix,Klingande,https://open.spotify.com/track/5xrjJANQXCLXeMbNMugyaZ,0.699,0.472,0,-7.513,1,0.0414,0.198,0.182,0.087,0.194,124.989
35,How I Feel,Martin Ikin,https://open.spotify.com/track/6DetvocRqx9ELX2aKmwj3g,0.588,0.965,6,-5.684,1,0.0367,0.00163,0.0844,0.35,0.355,123.992
36,House & Pressure,Route 94,https://open.spotify.com/track/3W2bm5HR9tnS4ENFNJJ4XF,0.868,0.66,10,-6.079,0,0.057,0.00454,0.205,0.0843,0.389,125.983
37,Don't Start Now - Purple Disco Machine Remix,Dua Lipa,https://open.spotify.com/track/75pgu40nx9uQcEJjwZ6Cvp,0.767,0.75,11,-6.178,0,0.0511,0.0463,2.84e-06,0.348,0.803,123.987
38,Captain Duck,Duck Sauce,https://open.spotify.com/track/1ijyoI3mHIwccQWNG2zubP,0.772,0.973,9,-4.735,1,0.0935,0.00826,6.59e-05,0.177,0.899,121.998
39,Get to Steppin,Duck Sauce,https://open.spotify.com/track/64SQGeNox2aIO5tJwv1hZM,0.829,0.936,2,-4.194,1,0.118,0.0277,8.3e-05,0.0669,0.353,123.04
40,Smiley Face,Duck Sauce,https://open.spotify.com/track/1LMdGzqmGVKwOpLKM3lVEk,0.792,0.832,0,-4.127,1,0.0624,0.0124,0.651,0.912,0.71,123.992
41,No Place,RÜFÜS DU SOL,https://open.spotify.com/track/6rLQZW36LaEUGWl3sWTg7v,0.612,0.876,4,-6.247,0,0.0315,0.0167,0.175,0.189,0.187,120.022
42,Deep End,John Summit,https://open.spotify.com/track/61eyaitcIdl1jpnc6Kb8M3,0.797,0.843,1,-7.672,0,0.0442,0.00418,0.527,0.123,0.835,125.992
43,Working For It,ZHU,https://open.spotify.com/track/0P6RjFd2HgG2AXJadQuGfE,0.776,0.715,5,-6.587,0,0.0505,0.0971,0.0131,0.247,0.502,99.951
44,Cold Light,KC Lights,https://open.spotify.com/track/6jRwkbiqOfkNGty2fGTXzd,0.694,0.824,8,-5.933,1,0.0454,0.0305,0.00123,0.19,0.291,125.018
45,The Moment (feat. Lilly Ahlberg),Sonny Fodera,https://open.spotify.com/track/6KsKMLh7o57dOWha6bak05,0.811,0.664,11,-7.365,0,0.0286,0.0697,8.35e-05,0.071,0.684,121.986
46,Control (feat. Shannon Saunders),Sonny Fodera,https://open.spotify.com/track/3E0hlIDrDima0bx7FEXqsy,0.672,0.625,5,-8.63,0,0.0271,0.135,2.06e-05,0.0868,0.715,123.973
47,Paparazzi,Lady Gaga,https://open.spotify.com/track/16Me2jlMlTX4xsps2j71mC,0.763,0.693,5,-3.973,0,0.0438,0.111,0.0,0.101,0.399,114.912
48,D.A.N.C.E.,Justice,https://open.spotify.com/track/2hQCzcb3qyZirWzOD5Yzoj,0.594,0.961,6,-5.443,0,0.338,0.0463,0.0,0.853,0.531,113.126
49,Look Right Through - MK Vocal Edit,Storm Queen,https://open.spotify.com/track/1rjqA5A929xIcko5FCgOyN,0.833,0.82,0,-7.989,0,0.0841,0.00208,0.00306,0.28,0.517,119.979
50,I Got You,Kyle Watson,https://open.spotify.com/track/3iMYKoUsn5X0ctIAXvgmSf,0.874,0.684,5,-7.407,0,0.0733,0.172,0.00022,0.14,0.672,120.01
51,Moth To A Flame (feat. The Weeknd) - Adriatique Remix,Swedish House Mafia,https://open.spotify.com/track/1G3kwVs3JHqN5UPiFXcAID,0.663,0.817,0,-7.793,0,0.0332,0.000118,0.37,0.0683,0.113,120.013
52,California Dreamin' - Vintage Culture Remix,Chris Lorenzo,https://open.spotify.com/track/2nj9jdK34mn0nZ4a5F1kVG,0.674,0.778,1,-5.341,1,0.0356,0.00123,0.224,0.0955,0.13,128.042
53,Freedom (You Bring Me) - Mixed,Armand Van Helden,https://open.spotify.com/track/2t8sTvwlI70BQKEtbF1yrw,0.665,0.966,5,-4.541,0,0.093,0.000625,0.00464,0.664,0.806,125.005
54,Feed The Fire,SG Lewis,https://open.spotify.com/track/1jDkBL2bToHC8v4fe9u571,0.849,0.682,7,-6.241,1,0.123,0.0197,0.00143,0.0996,0.928,121.997
55,White Noise,Disclosure,https://open.spotify.com/track/7ANO3LRdvefIongRYm5Smz,0.666,0.848,10,-6.165,0,0.0502,0.0091,0.00024,0.317,0.895,119.986
56,Calling My Name,NoCap,https://open.spotify.com/track/2y5EzNr4EuWtvUOwN3bunT,0.625,0.491,8,-11.912,1,0.414,0.162,0.0,0.277,0.8,82.321
57,Delilah (pull me out of this),Fred again..,https://open.spotify.com/track/67uX1e9gIoumz0U8ayaOiO,0.69,0.852,10,-7.267,1,0.197,0.155,0.00936,0.412,0.626,133.993
58,Save Our Souls,Dombresky,https://open.spotify.com/track/6saObFGrPkd2rgXIHI1Zlv,0.658,0.98,7,-5.746,1,0.058,0.0417,0.278,0.0964,0.407,126.995
59,Redlight,Swedish House Mafia,https://open.spotify.com/track/48Jf12YHPBCAfAzi255Rvr,0.71,0.63,2,-7.003,1,0.0413,0.00879,0.147,0.058,0.216,125.0
60,BABY GIRL,Disco Lines,https://open.spotify.com/track/08otCTIDsEFZcVGC4lilKk,0.844,0.597,11,-5.328,0,0.0947,0.271,0.547,0.142,0.309,121.096
61,Osama,Zakes Bantwini,https://open.spotify.com/track/1YPkBfrRCpvBrwJU66LQWq,0.669,0.704,5,-10.207,0,0.0347,0.0669,0.602,0.103,0.262,122.012
62,Fashion (with Boys Noize),Kungs,https://open.spotify.com/track/6eE3aTOlXe5vUUcHOt7bv8,0.806,0.886,11,-6.18,1,0.0388,3.04e-05,0.805,0.078,0.169,121.995
63,ADD SUV (feat. Pharrell Williams) - Armand Van Helden Club Remix,Uffie,https://open.spotify.com/track/3gTfBT22LrcgcwZ7RbxB0U,0.843,0.972,6,-6.58,0,0.144,0.00326,0.301,0.0324,0.496,124.989
64,My Feeling (Daddy'S Prime Time Edit),Junior Jack,https://open.spotify.com/track/3nUOnATHktg7VW5TtWeJnd,0.7,0.849,11,-6.556,0,0.129,0.00598,0.0156,0.286,0.455,130.989
65,Love You Like That,Cloonee,https://open.spotify.com/track/4ZYiV1lD5mJEMIdfIaVsBW,0.911,0.656,8,-11.725,0,0.0965,0.00814,0.000327,0.114,0.918,124.957
66,Do What You Wanna Do,T-Connection,https://open.spotify.com/track/0CXNXQZLjvHzZ9jQFsgKEM,0.673,0.873,10,-7.683,0,0.0433,0.0195,0.212,0.0943,0.847,120.717
67,Doin' Ya Thang,Oliver $,https://open.spotify.com/track/1CG90dNkh5hFBrKBscu3Ot,0.828,0.916,9,-4.365,1,0.116,0.00251,0.0603,0.0359,0.683,124.01
68,I Remember,deadmau5,https://open.spotify.com/track/4tGghJ2euPeI7HvpkNi1CU,0.813,0.513,11,-8.047,0,0.0464,0.0245,0.237,0.116,0.602,128.004
69,The Big Easy,Claptone,https://open.spotify.com/track/3Q4DJp31Dat8RoPN3KwpJy,0.776,0.913,5,-4.759,0,0.0349,0.00223,0.767,0.348,0.512,124.998
70,Memories (Burning in Time),Adelphi Music Factory,https://open.spotify.com/track/5vwcuTK4QMBIY14CulbeKo,0.675,0.857,8,-6.776,0,0.0725,0.00156,0.834,0.102,0.641,127.016
71,I Thought It Was You,David Penn,https://open.spotify.com/track/07WiQdU9P6Ls9mo6QiJNju,0.611,0.936,8,-5.943,1,0.0405,0.00512,0.84,0.0506,0.392,125.005
72,Giodisco,LP Giobbi,https://open.spotify.com/track/04ljyATONPMyz6cNNGLdAM,0.669,0.925,3,-6.908,0,0.494,0.0226,0.543,0.0618,0.449,126.063
73,It’s Not Right But It’s Okay - Grant Nelson Remix Edit,Risk Assessment,https://open.spotify.com/track/5wzuL8DuSG5ELhmtvSgrde,0.644,0.931,5,-5.574,0,0.0353,0.00395,0.34,0.0786,0.839,125.016
74,Start Screamin,Max Dean,https://open.spotify.com/track/1oicitPfYqKzuVPius16IN,0.799,0.777,9,-8.712,0,0.0549,0.000343,0.82,0.0612,0.59,130.001
75,Memories,Jaden Thompson,https://open.spotify.com/track/65f1SfKJb6bePOVUETxVQn,0.804,0.864,2,-9.764,1,0.073,0.0467,0.912,0.127,0.485,126.996
76,Hooked on You,Kolter,https://open.spotify.com/track/0washXlWqFEj5oCjNWwA2E,0.856,0.863,8,-7.494,0,0.083,0.108,0.668,0.0649,0.796,131.0
77,Overflow - Archie Hamilton Remix,Kolter,https://open.spotify.com/track/7G7O87GxRKbspBGqEVkwxA,0.723,0.727,11,-10.553,0,0.0509,0.0632,0.905,0.158,0.257,128.004
78,Doesn't Care,Luuk Van Dijk,https://open.spotify.com/track/7I6SAT60hhBSp7rqCeRjQ5,0.811,0.903,9,-9.823,0,0.0542,0.000324,0.873,0.0755,0.297,127.008
79,A LITTLE BIT FUNKIER - Extended Mix,PAWSA,https://open.spotify.com/track/5d85ier6TqQKB6GlX3dpca,0.8,0.713,10,-13.979,1,0.0412,0.00695,0.827,0.103,0.574,130.001
80,Hendrix Flow,PAWSA,https://open.spotify.com/track/2JK7amLLxtXYavB4DJeF0Y,0.923,0.583,0,-8.553,1,0.245,0.012,0.00213,0.104,0.806,131.029
81,Boujie,PAWSA,https://open.spotify.com/track/1PA95zDN91WfGpL4sMcS5F,0.801,0.495,10,-11.471,0,0.155,0.000118,0.0183,0.0575,0.647,130.001
82,Riddem - Extended Mix,PAWSA,https://open.spotify.com/track/7v8UsuQBrjcmhU30QtIm2s,0.809,0.806,9,-10.344,1,0.0543,4.6e-05,0.6,0.355,0.51,129.001
83,Hot - Original Mix,PAWSA,https://open.spotify.com/track/7nALNkYRjGjM2ls1r3yEoo,0.809,0.921,7,-5.92,1,0.0536,0.0143,0.767,0.0601,0.422,124.988
