,name,artist,url,danceability,energy,key,loudness,mode,speechiness,acousticness,instrumentalness,liveness,valence,tempo
0,Heard It All Before,Low Steppa,https://open.spotify.com/track/36sh8W3QyQlm1pv0bLxTLs,0.689,0.874,10,-5.121,0,0.0571,0.021,0.0,0.335,0.8,123.012
1,Intrinsic,Odd Mob,https://open.spotify.com/track/4ZFseyLstY6ZrXBzlXmuR0,0.834,0.613,11,-3.987,0,0.276,0.00849,6.61e-05,0.171,0.378,124.032
2,Stop It,FISHER,https://open.spotify.com/track/4qetR2UUyBeUrJ9DbYrpVQ,0.86,0.824,8,-7.207,1,0.0518,0.024,0.657,0.205,0.87,124.016
3,San Frandisco,Dom Dolla,https://open.spotify.com/track/3T00mhdOYUuM5yiuPs3xhs,0.779,0.937,9,-6.269,0,0.0496,0.0443,0.101,0.0912,0.49,125.025
4,Take It,Dom Dolla,https://open.spotify.com/track/14fIlfcmFPlj4V2IazeJ25,0.851,0.742,0,-6.126,1,0.0377,0.0259,0.256,0.111,0.236,123.033
5,Utopia,Dombresky,https://open.spotify.com/track/3IVjcQvCFu1Bo7Kq3WRlNn,0.754,0.833,10,-5.143,0,0.0428,0.00338,0.54,0.0666,0.105,126.031
6,Deceiver,Chris Lake,https://open.spotify.com/track/6RIbDs0p4XusU2PZSiDgeZ,0.881,0.883,11,-5.494,1,0.0633,0.0195,0.148,0.0825,0.966,124.016
7,WET,Wax Motif,https://open.spotify.com/track/7MysdJNLp89Xl3zoSd5bC5,0.802,0.668,1,-6.29,1,0.0535,0.00118,0.783,0.048,0.2,125.007
8,Bad Bitch,Chris Lorenzo,https://open.spotify.com/track/1QPb3sFVfZlcrSHp9skszO,0.817,0.866,11,-4.63,1,0.0543,0.00199,0.177,0.126,0.702,128.009
9,Dope Slinger,AC Slater,https://open.spotify.com/track/3UItVZw258EIbQ4Sbz2uR3,0.907,0.633,2,-7.516,1,0.107,0.22,0.142,0.0585,0.146,128.011
10,Check Me Out,Brooke Evers,https://open.spotify.com/track/60S0MHNzjWWE0pvfP31ffY,0.808,0.94,10,-5.839,0,0.204,0.00159,0.6,0.0994,0.364,125.04
11,THE BOX,JOYRYDE,https://open.spotify.com/track/6krePyBjPsnPH5AkHzylJx,0.788,0.952,1,-3.166,1,0.215,0.0494,0.000415,0.145,0.282,126.05
12,You Little Beauty,FISHER,https://open.spotify.com/track/1gRQxbfL4ULWyTosgXSbWT,0.926,0.951,6,-5.531,0,0.0924,0.00232,0.452,0.313,0.918,123.987
13,Keepmastik,Phlegmatic Dogs,https://open.spotify.com/track/3SnAT57zc3j1RpJyNTrN7j,0.947,0.696,7,-4.763,1,0.138,0.0184,0.902,0.211,0.831,124.015
14,I WARE HOUSE,JOYRYDE,https://open.spotify.com/track/3THbCOOsUboMu83Ubd3sSR,0.658,0.891,6,-3.512,1,0.199,0.0259,0.0332,0.34,0.3,125.033
15,If I'm Wrong,BROHUG,https://open.spotify.com/track/4gG39gZ9S1oH6vfGvxLnPI,0.838,0.963,1,-3.783,1,0.15,0.0217,0.000488,0.254,0.558,124.944
16,Need U (feat. DEJA),Loge21,https://open.spotify.com/track/4w0zxg7oYCUj84DM9BAX3n,0.672,0.651,1,-5.962,1,0.34,0.0415,6.83e-05,0.357,0.371,123.939
17,The Get Down,Sonny Fodera,https://open.spotify.com/track/2QFeO5ERGDr9NT6za139TF,0.892,0.942,7,-6.196,1,0.047,0.00407,0.0514,0.62,0.803,123.975
18,Prophecy,Tchami,https://open.spotify.com/track/4wtyVaBlDmssq5sj1cwF9S,0.763,0.827,11,-1.956,1,0.0487,0.00499,0.772,0.0627,0.227,125.008
19,Make It Rain,Wax Motif,https://open.spotify.com/track/0bA3UbCZm8muQw2U906GIk,0.865,0.663,11,-4.451,0,0.0817,0.00348,0.0664,0.0921,0.142,128.002
20,Losing It,FISHER,https://open.spotify.com/track/6ho0GyrWZN3mhi9zVRW7xi,0.76,0.964,2,-5.844,1,0.0577,0.00181,0.703,0.0975,0.643,125.003
21,Ya Kidding,FISHER,https://open.spotify.com/track/3fDgxdcf0jeJgGiZJGUmyK,0.813,0.983,1,-5.515,1,0.153,0.00177,0.546,0.502,0.77,125.007
22,Promesses - Radio Edit,Tchami,https://open.spotify.com/track/1dU28KhJUQD71nzyTFr8Rn,0.721,0.782,0,-6.585,0,0.0573,0.00986,0.00563,0.0992,0.506,124.088
23,Consideration - MK Remix,Rihanna,https://open.spotify.com/track/3smkHtVHVWKlg6Zaifc2Ow,0.693,0.893,0,-4.26,1,0.0504,0.0207,0.0,0.204,0.342,130.053
24,Be Randy,Dom Dolla,https://open.spotify.com/track/5mPFXECMRYfPOqm8gGfCEc,0.758,0.71,8,-6.469,1,0.046,0.00757,0.00255,0.0822,0.644,121.98
25,Hey Pablo,Anti Up,https://open.spotify.com/track/4gnH8nfdJfN115QAzzUc3E,0.805,0.943,11,-6.503,0,0.0563,0.000749,0.868,0.679,0.856,126.0
26,Bunda (feat. Dances With White Girls),Wax Motif,https://open.spotify.com/track/47mWy7j3pjnGIAg9gL4ejg,0.786,0.927,0,-3.314,1,0.0675,0.0411,0.0405,0.531,0.712,126.989
27,Gammy Elbow,DJ Zinc,https://open.spotify.com/track/4R1ucIN3cgWBcHxbeSmgzB,0.838,0.737,11,-5.094,0,0.155,0.00138,0.897,0.123,0.799,130.024
28,Tour,Macky Gee,https://open.spotify.com/track/1Mze7crzF9BWo82DiAsmjj,0.584,0.993,5,1.634,0,0.0527,0.456,0.688,0.129,0.36,175.082
29,Shutdown,Chris Lorenzo,https://open.spotify.com/track/5jntpXf0A5tskZeizEsA5Q,0.867,0.926,1,-5.743,0,0.19,0.125,0.0222,0.258,0.503,130.009
30,Lithium,Odd Mob,https://open.spotify.com/track/1U3nHai9ueJCuEXbf8TvBA,0.795,0.836,7,-5.412,0,0.0486,0.00702,0.546,0.319,0.736,133.995
31,Only Us,Francois & Louis Benton,https://open.spotify.com/track/6M85iv4ggNXGS2RDVUoF3J,0.834,0.805,7,-3.887,0,0.0566,0.0116,3.42e-06,0.0642,0.469,128.04
32,Hallucinogen,Chris Lorenzo,https://open.spotify.com/track/212mgcVnU8j9pTsxkGEeDA,0.818,0.886,11,-4.335,0,0.0961,0.00092,0.745,0.0626,0.553,130.026
33,REDLIGHT - Holy Goof Remix,NGHTMRE,https://open.spotify.com/track/0dPcCco9gfUVAb0JVds2NB,0.689,0.924,0,-4.242,1,0.26,0.0121,5.95e-05,0.605,0.686,129.987
34,So We Go - Martin Jensen Edit,Katy Tiz,https://open.spotify.com/track/0cWDechbo7Tmf6nk0QRLhI,0.782,0.732,11,-5.544,0,0.124,0.059,2.33e-05,0.163,0.668,119.969
35,With U,FineArt,https://open.spotify.com/track/4KDt2lpLZdLf5JRfZaaUTF,0.668,0.95,1,-2.582,1,0.0356,0.000335,0.0779,0.305,0.465,130.059
36,All About Paper,AC Slater,https://open.spotify.com/track/0kZcHYeRz2flAMkUTmUrjq,0.794,0.914,11,-5.963,0,0.0511,0.0256,0.0622,0.0502,0.743,133.015
37,Separated,Cloonee,https://open.spotify.com/track/5O7yUDeSAj390VI5z98jsd,0.753,0.765,4,-3.739,0,0.0332,0.0143,8.41e-05,0.338,0.155,125.986
38,You Know You Like It - Tchami Remix,AlunaGeorge,https://open.spotify.com/track/0OpcI3rARLsNWgVbPdwHD9,0.815,0.84,5,-4.331,0,0.107,0.183,0.0843,0.0866,0.587,122.988
39,Heroes (we could be) - Grandtheft Remix,Alesso,https://open.spotify.com/track/2uGgvmRNgCwXpmxqvJnptU,0.624,0.924,2,-3.171,0,0.0938,0.0751,0.00812,0.0894,0.491,144.04
40,Back Again,Jauz,https://open.spotify.com/track/1my6z2vx9QcjKYj6TRXCjH,0.726,0.832,10,-5.212,0,0.0397,0.0159,0.00109,0.0529,0.399,135.007
41,Hooked,NOTION,https://open.spotify.com/track/4v7kKFlEDmpVToHOICsXaM,0.783,0.789,6,-3.899,0,0.0797,0.135,0.33,0.213,0.853,128.019
42,Believe Me,Navos,https://open.spotify.com/track/44xO8889yUQHn70P73NILS,0.629,0.876,5,-5.572,0,0.0408,0.129,1.39e-06,0.29,0.645,124.999
43,F.E.E.L.,Lucky Luke,https://open.spotify.com/track/4pH3ZfOYekw7xcROweHa66,0.854,0.798,1,-5.557,0,0.159,0.223,0.0452,0.0828,0.055,125.023
