,name,artist,url,danceability,energy,key,loudness,mode,speechiness,acousticness,instrumentalness,liveness,valence,tempo
0,Drive My Car,Landon Cube,https://open.spotify.com/track/275bZZtJfeT0w6loe9qUMb,0.573,0.637,7,-7.116,0,0.0603,0.274,0.0045,0.186,0.164,143.965
1,19,Landon Cube,https://open.spotify.com/track/24ovEYWV3PjlLOSsmNEWQv,0.688,0.782,4,-5.419,1,0.0279,0.244,0.0,0.632,0.659,100.024
2,Beachtown,Landon Cube,https://open.spotify.com/track/7LuXiuVMv7QWJLS2F8l9tU,0.654,0.722,7,-4.917,1,0.0443,0.28,0.0,0.116,0.425,119.871
3,Romeo & Juliet,Trippie Redd,https://open.spotify.com/track/6jT3etAOkvMUw0zsEw5QnR,0.609,0.37,0,-13.933,1,0.0712,0.664,0.086,0.328,0.352,119.806
4,Red Roses (feat. Landon Cube),Lil Skies,https://open.spotify.com/track/3ZhTT6yjZwpPph5MIJ53XY,0.691,0.683,0,-7.335,1,0.0954,0.547,0.0,0.221,0.456,140.002
5,Cloudy Skies,Lil Skies,https://open.spotify.com/track/3Ul6f7ip8dmZ8VuwfB9Xq5,0.708,0.84,7,-4.825,1,0.181,0.138,0.0,0.227,0.895,151.715
6,Kill4u,Lil Skies,https://open.spotify.com/track/5tnGoXhKnh5WpMX4BfMCiR,0.654,0.763,5,-5.486,0,0.0638,0.111,1.85e-05,0.066,0.457,160.929
7,Nowadays (feat. Landon Cube),Lil Skies,https://open.spotify.com/track/2u7mxWSeoqTXndK5e08jMp,0.745,0.646,6,-6.987,0,0.17,0.157,0.0,0.338,0.46,79.993
8,Garden,Lil Skies,https://open.spotify.com/track/3nnfZsKguDexxLNInB4rDR,0.458,0.688,0,-4.618,1,0.124,0.228,0.0,0.109,0.422,77.934
9,Killamonjaro,KILLY,https://open.spotify.com/track/537l7spEsGg6aWl6Y9eKAs,0.65,0.714,4,-5.318,0,0.038,0.133,0.000187,0.116,0.15,145.059
10,Marilyn (feat. Dominique Le Jeune),G-Eazy,https://open.spotify.com/track/7xmCwWVmWBawnIzRUdg3Nr,0.435,0.641,10,-7.274,1,0.104,0.131,0.0,0.273,0.156,115.534
11,Tumblr Girls (feat. Christoph Andersson),G-Eazy,https://open.spotify.com/track/4Fv6wNYUixnYkj3Dgfrls8,0.49,0.373,8,-9.762,1,0.26,0.101,0.000105,0.128,0.346,121.889
12,Downtown Love (feat. John Michael Rouchell),G-Eazy,https://open.spotify.com/track/5lffpGkK5A4SAQdJSfTJso,0.544,0.557,7,-10.554,1,0.0765,0.217,0.000125,0.0771,0.105,87.97
13,"Me, Myself & I",G-Eazy,https://open.spotify.com/track/40YcuQysJ0KlGQTeGUosTC,0.756,0.674,0,-6.518,0,0.0959,0.0184,0.0,0.158,0.389,111.995
14,No Faith in Brooklyn (feat. Jhameel),Hoodie Allen,https://open.spotify.com/track/4V8uu21mnpyg7BElNNJdPs,0.695,0.807,9,-5.123,1,0.0346,0.0121,0.0,0.266,0.4,91.947
15,Overtime,Hoodie Allen,https://open.spotify.com/track/0JmMBsV5WUjNYU34U07fBN,0.819,0.472,1,-8.018,0,0.0888,0.106,0.0,0.143,0.358,125.108
16,Soy Peor,Bad Bunny,https://open.spotify.com/track/5MT96Zz0ymUJNm8obKZQr0,0.732,0.605,0,-3.15,0,0.086,0.679,0.0029,0.114,0.143,115.942
17,She Don't Give a FO (feat. Khea),Duki,https://open.spotify.com/track/7ehmaSwhEZv4aaJzxsVMGY,0.854,0.556,1,-4.49,1,0.14,0.345,0.0,0.165,0.342,119.938
18,Contraband,Migos,https://open.spotify.com/track/1htH7gOvewMRRsEkBXfp06,0.826,0.709,9,-5.104,1,0.238,0.174,0.0,0.313,0.463,133.047
19,Versace (Remix),Migos,https://open.spotify.com/track/0XGLsSU6wtfnKXiMNvQr61,0.845,0.705,6,-4.271,0,0.243,0.0218,0.0,0.339,0.334,132.05
20,Bad and Boujee (feat. Lil Uzi Vert),Migos,https://open.spotify.com/track/4Km5HrUvYTaSUfiSGPJeQR,0.926,0.666,11,-5.314,1,0.244,0.0611,0.0,0.123,0.168,127.079
21,Too Good,Drake,https://open.spotify.com/track/3BtuIIrQlkujKPuWF2B85z,0.794,0.653,7,-7.839,1,0.104,0.0489,4.88e-05,0.1,0.397,117.996
22,No Tellin',Drake,https://open.spotify.com/track/2durxb17bXcmQJHSt8JAdO,0.823,0.467,0,-10.394,0,0.301,0.543,1.06e-06,0.135,0.618,95.026
23,Used To,Drake,https://open.spotify.com/track/63p3Slj0shAFP0Q7dQetj5,0.926,0.427,10,-7.584,0,0.105,0.0703,0.000337,0.0818,0.304,96.025
24,Madonna,Drake,https://open.spotify.com/track/4v7SAP4KD96BFLWiCd1vF0,0.905,0.492,2,-8.598,1,0.0595,0.0149,3.77e-05,0.371,0.142,110.017
25,Jungle,Drake,https://open.spotify.com/track/7JXZq0JgG2zTrSOAgY8VMC,0.697,0.235,7,-8.651,1,0.0534,0.62,0.000144,0.107,0.378,99.947
26,You & The 6,Drake,https://open.spotify.com/track/2YaDRtIlQiZ5WDDB2YuEOC,0.545,0.476,7,-7.444,0,0.284,0.168,0.0,0.13,0.223,154.362
27,All Me,Drake,https://open.spotify.com/track/4kNvYhyl8R6m1vykVkcuBu,0.67,0.515,1,-6.977,1,0.397,0.0705,0.0,0.25,0.422,122.006
28,Shot For Me,Drake,https://open.spotify.com/track/6k7b4mcxLP5HPo6hNoXoM6,0.566,0.465,2,-11.714,1,0.235,0.0555,0.0,0.567,0.177,143.015
29,Headlines,Drake,https://open.spotify.com/track/7kfTqGMzIHFWeBeOJALzRf,0.636,0.566,6,-7.16,0,0.106,0.365,0.000353,0.0917,0.425,151.894
30,HYFR (Hell Ya Fucking Right),Drake,https://open.spotify.com/track/0rSVWYKiBkirydeEyFevAn,0.444,0.627,7,-8.744,0,0.252,0.123,0.0,0.0795,0.359,98.21
31,Practice,Drake,https://open.spotify.com/track/4xKp0mZ2hY6eS0ii55KgKR,0.446,0.239,1,-15.327,1,0.0876,0.574,7.76e-05,0.12,0.31,104.675
32,Look What You've Done,Drake,https://open.spotify.com/track/0bsDJFV8d8kiPxD8xsxdzp,0.495,0.351,3,-14.669,0,0.34,0.485,0.0,0.0967,0.271,134.369
33,Doing It Wrong,Drake,https://open.spotify.com/track/06UZYUYbMqpaawLgoKwSw9,0.397,0.172,6,-15.698,0,0.0445,0.841,6.78e-05,0.108,0.123,101.275
34,Marvins Room,Drake,https://open.spotify.com/track/2z3htsNRuhDN923ITatc56,0.492,0.26,9,-17.341,0,0.0921,0.646,0.00178,0.0705,0.312,111.519
35,Best I Ever Had,Drake,https://open.spotify.com/track/3fyMH1t6UPeR5croea9PrR,0.427,0.861,1,-4.874,1,0.376,0.219,0.0,0.277,0.581,161.776
36,Love Me,Lil Wayne,https://open.spotify.com/track/4o59zSQV1UtxFqrbYQsKAv,0.674,0.608,8,-6.628,0,0.0334,0.0119,0.0,0.103,0.464,124.952
37,Blunt Blowin,Lil Wayne,https://open.spotify.com/track/6v2eEC9Nr9POe5xPUm8361,0.721,0.738,2,-5.682,1,0.0649,0.00222,0.0,0.224,0.375,135.988
38,Mirror,Lil Wayne,https://open.spotify.com/track/05pdoheuKPSotkjMgIVX6I,0.331,0.622,5,-7.291,0,0.092,0.858,0.0,0.104,0.388,64.468
39,How To Love,Lil Wayne,https://open.spotify.com/track/4aX4Oycsk1fhHIee1zqsDe,0.644,0.661,11,-6.093,1,0.0418,0.000177,5.14e-06,0.108,0.272,154.001
40,She Will,Lil Wayne,https://open.spotify.com/track/3FFcZZq3Z3EJrhUecwcMdG,0.364,0.841,8,-4.831,1,0.119,0.000402,0.0,0.242,0.0837,100.14
41,Right Above It,Lil Wayne,https://open.spotify.com/track/1kMuU3TNQvHbqvXCWBodmP,0.376,0.841,3,-4.348,0,0.356,0.0435,0.0,0.578,0.463,76.052
42,Drop The World,Lil Wayne,https://open.spotify.com/track/3e21cX0CVwzkQXiHz7WUQZ,0.663,0.91,1,-1.629,1,0.317,0.0719,0.0,0.244,0.342,144.993
43,The Way Life Goes (feat. Oh Wonder),Lil Uzi Vert,https://open.spotify.com/track/2YQLTpUSFCQo9FEe29YPYs,0.703,0.757,1,-3.612,1,0.05,0.617,0.0,0.106,0.696,82.008
44,XO Tour Llif3,Lil Uzi Vert,https://open.spotify.com/track/3EWaR09H3TkRgaLTIheYFr,0.732,0.75,11,-6.366,0,0.231,0.00264,0.0,0.109,0.401,155.096
45,Dark Queen,Lil Uzi Vert,https://open.spotify.com/track/0cGPqSBtm0UJLo1HCziww9,0.747,0.606,4,-5.286,1,0.172,0.222,0.0,0.281,0.2,155.055
46,Two®,Lil Uzi Vert,https://open.spotify.com/track/1DZx0LEctNXUHQ9VQFKlgl,0.266,0.642,7,-5.133,1,0.0694,0.424,0.0,0.0943,0.0371,75.022
47,Erase Your Social,Lil Uzi Vert,https://open.spotify.com/track/4uhvMW7ly7tJil31YYscAN,0.705,0.609,3,-5.728,1,0.0729,0.694,0.0,0.234,0.718,140.058
48,SideLine Watching (Hold Up),Lil Uzi Vert,https://open.spotify.com/track/0VYhxVxH9ijmdHUKsON9Bk,0.747,0.553,1,-7.294,1,0.117,0.281,0.0,0.117,0.262,141.888
49,You Was Right,Lil Uzi Vert,https://open.spotify.com/track/2ANLarE8yHVsLWW21nj79M,0.843,0.359,0,-7.417,1,0.461,0.069,0.0,0.12,0.156,81.987
50,Ps & Qs,Lil Uzi Vert,https://open.spotify.com/track/1gGsNNUfvVMOv4llVMg8Vg,0.522,0.428,11,-11.332,0,0.143,0.235,2.35e-06,0.278,0.399,129.829
51,7AM,Lil Uzi Vert,https://open.spotify.com/track/4v1P7JCjehbg5TmLQo2mFy,0.638,0.526,7,-8.401,1,0.131,0.275,0.0,0.462,0.301,139.054
52,Super Saiyan,Lil Uzi Vert,https://open.spotify.com/track/2sO7QVPRKEPyY5RcG3N6Ic,0.855,0.775,10,-3.856,0,0.392,0.187,0.0,0.15,0.37,128.067
53,Enemies,Lil Uzi Vert,https://open.spotify.com/track/2p2DLGuXtnLLClzpmKkyCx,0.626,0.77,2,-6.368,1,0.25,0.244,0.0,0.229,0.478,155.738
54,Paradise,Lil Uzi Vert,https://open.spotify.com/track/7pudclCl5P99Me3P5F9hPC,0.594,0.85,2,-6.525,1,0.0954,0.0291,0.0,0.11,0.228,100.002
55,Like A Star,Lil Yachty,https://open.spotify.com/track/3lyws9gtzp9ZPbTcQOfZkl,0.641,0.258,0,-13.857,1,0.185,0.686,2.58e-05,0.116,0.286,140.031
56,Running With A Ghost,Lil Yachty,https://open.spotify.com/track/1aIKdWC2AwJV3AtBLDzm4M,0.755,0.266,9,-11.216,0,0.0502,0.654,0.0,0.0737,0.383,120.026
57,Momma,Lil Yachty,https://open.spotify.com/track/5th3QV1XBwJjRTf4axCwzX,0.853,0.352,1,-8.974,0,0.0786,0.453,0.000562,0.1,0.229,136.044
58,Moments in Time,Lil Yachty,https://open.spotify.com/track/1JKxTdgWKSDj6yvMQOen6P,0.633,0.303,7,-9.268,0,0.102,0.783,1.55e-06,0.0886,0.374,126.837
59,Pretty,Lil Yachty,https://open.spotify.com/track/4qgD6azgu3MU26bLi06hR1,0.644,0.497,0,-8.412,1,0.0602,0.12,1.77e-06,0.103,0.101,121.936
60,So Many People,Lil Yachty,https://open.spotify.com/track/47TRdvvwqfPLexcCItJ6IA,0.659,0.534,10,-7.606,1,0.305,0.705,0.0143,0.34,0.364,172.95
61,King Of Teens,Lil Yachty,https://open.spotify.com/track/2wGmhCboanR7HOK0IKbuDH,0.729,0.756,4,-4.424,1,0.0715,0.161,0.0,0.0591,0.693,150.086
62,One Night,Lil Yachty,https://open.spotify.com/track/36UuD5tbu7TyugjJLMTzCr,0.767,0.476,0,-12.676,1,0.126,0.379,0.0,0.106,0.38,129.962
63,Fuck Love,XXXTENTACION,https://open.spotify.com/track/7AQim7LbvFVZJE3O8TYgf2,0.797,0.533,0,-9.74,0,0.0412,0.0172,0.000152,0.103,0.329,131.036
64,Look At Me!,XXXTENTACION,https://open.spotify.com/track/6eYxmK9fdL4hwLnXG2zY3s,0.763,0.726,1,-6.405,1,0.282,0.259,0.0,0.0976,0.349,139.059
65,Jocelyn Flores,XXXTENTACION,https://open.spotify.com/track/7m9OqQk4RVRkw9JJdeAw96,0.872,0.391,0,-9.144,0,0.242,0.469,4.13e-06,0.297,0.437,134.021
66,Everybody Dies In Their Nightmares,XXXTENTACION,https://open.spotify.com/track/3GVkPk8mqxz0itaAriG1L7,0.734,0.57,7,-7.066,0,0.133,0.847,2.14e-05,0.112,0.689,129.953
67,YuNg BrAtZ,XXXTENTACION,https://open.spotify.com/track/2ooF4088y5L72c4YTEJQoB,0.755,0.695,9,-5.963,1,0.26,0.0179,0.0,0.107,0.493,128.063
68,Looking for a Star,XXXTENTACION,https://open.spotify.com/track/1B3TX5FbmcVROMv2riOwyE,0.915,0.692,9,-7.544,1,0.0857,0.15,0.00012,0.0964,0.713,118.981
69,I Don't Wanna Do This Anymore,XXXTENTACION,https://open.spotify.com/track/5de9Ho64dovuQI8Uhn5gPD,0.433,0.778,4,-7.681,1,0.041,0.843,0.0,0.139,0.764,114.208
70,King,XXXTENTACION,https://open.spotify.com/track/1Wh5LO3TWAvaeDrwp4FZgo,0.421,0.154,0,-12.405,1,0.0319,0.102,0.00692,0.207,0.0949,99.886
71,Gospel,Rich Brian,https://open.spotify.com/track/7uuBfgY1vBCalrQRyyQhqs,0.681,0.659,9,-6.405,1,0.268,0.000856,8.17e-06,0.11,0.225,156.004
72,Again (feat. XXXTENTACION),Noah Cyrus,https://open.spotify.com/track/2S2od3hT7ceytw7d1pTRuE,0.664,0.738,9,-4.095,0,0.0338,0.188,5.75e-05,0.135,0.203,119.973
73,Catch Me Outside,Ski Mask The Slump God,https://open.spotify.com/track/5kmOA4GG5o3lg7kaFPDfc8,0.939,0.659,7,-6.124,1,0.249,0.159,0.0,0.276,0.681,111.999
74,Take A Step Back,Ski Mask The Slump God,https://open.spotify.com/track/3xFqnmy3DltBMTOQVL2xvS,0.808,0.581,6,-8.793,1,0.269,0.104,0.0,0.379,0.722,116.988
75,JustLikeMyPiss,Ski Mask The Slump God,https://open.spotify.com/track/18q5R16U5ptx0wvsnD0uAZ,0.806,0.755,1,-4.916,1,0.241,0.107,3.59e-06,0.332,0.144,139.924
76,Audi.,Smokepurpp,https://open.spotify.com/track/4ILPeQqo6Xx4ZOFlreeQNU,0.794,0.366,7,-10.051,1,0.135,0.0214,0.0,0.0964,0.278,122.993
77,Glock In My Benz,Smokepurpp,https://open.spotify.com/track/7MCs283jdifycrZoMPPynX,0.692,0.716,8,-7.086,1,0.0549,0.0065,0.0,0.0446,0.484,77.194
78,OK (feat. Lil Pump),Smokepurpp,https://open.spotify.com/track/5zM11OjQnOzRiRQq6IPFgg,0.875,0.587,8,-7.565,1,0.384,0.0141,0.0,0.19,0.586,146.015
79,Different Color Molly,Smokepurpp,https://open.spotify.com/track/6gO7SsL92jgKRP8lsDGxYo,0.911,0.332,1,-7.146,1,0.0866,0.0747,1.36e-05,0.105,0.102,136.976
80,Houdini,Smokepurpp,https://open.spotify.com/track/4lVSmcWhbCpOn0n8JqD3Mv,0.757,0.544,4,-11.935,1,0.103,0.171,0.0,0.0872,0.63,150.051
81,Skateboard P,MadeinTYO,https://open.spotify.com/track/4qdgv45EPcQqpQ08tF34f8,0.842,0.498,1,-6.838,0,0.505,0.0747,0.0,0.123,0.32,150.933
82,Broken Hearts,MadeinTYO,https://open.spotify.com/track/32MbICQUZ8kfnMSu8KL7xs,0.645,0.449,7,-7.537,0,0.0396,0.491,0.0,0.13,0.0639,150.038
83,I Want (feat. 2 Chainz),MadeinTYO,https://open.spotify.com/track/1NMYfyq8eE4qUCj2SXvrJd,0.86,0.625,2,-6.922,1,0.105,0.179,0.000136,0.3,0.221,120.994
84,Uber Everywhere (feat. Travis Scott),MadeinTYO,https://open.spotify.com/track/79wTHFxVJXRrR5afZeBd16,0.782,0.662,1,-7.243,1,0.105,0.025,0.0,0.3,0.102,140.051
85,Yah Dig,MadeinTYO,https://open.spotify.com/track/5ZbVfL5RlU1SzG5UbxFOJE,0.764,0.484,5,-8.453,0,0.409,0.0581,0.0,0.411,0.373,71.158
86,Learn How to Watch (feat. Mac Miller & MadeinTYO),Carnage,https://open.spotify.com/track/310Qd5lOzFStXKZB3zWCtE,0.555,0.769,7,-5.192,1,0.338,0.324,0.0,0.164,0.365,130.063
87,Wanted You (feat. Lil Uzi Vert),NAV,https://open.spotify.com/track/790MhTXPFrYkrqCKvpg4t1,0.795,0.728,9,-4.712,0,0.0544,0.207,0.0,0.237,0.582,146.979
88,Call Me,NAV,https://open.spotify.com/track/1xpXnpIpuvzpx9jz15baJF,0.678,0.395,9,-8.639,0,0.12,0.411,0.00544,0.122,0.136,170.065
89,Perfect Timing (Intro),NAV,https://open.spotify.com/track/5Od0M7jp6IODTPW0cygHgu,0.784,0.476,8,-9.963,1,0.328,0.0737,0.000779,0.221,0.187,77.059
90,Held Me Down,NAV,https://open.spotify.com/track/0jiW3PNiHJxOhWh9oPBJ7m,0.826,0.422,3,-8.217,0,0.11,0.483,0.0,0.108,0.223,119.997
91,A$AP Ferg,NAV,https://open.spotify.com/track/4EbULzyWMuFx94aoIY1MlJ,0.58,0.407,7,-8.804,1,0.43,0.169,0.0,0.082,0.239,140.023
92,Mariah,NAV,https://open.spotify.com/track/2g8nLbse9JTkO78L2apN6M,0.58,0.443,0,-10.05,0,0.0567,0.342,0.0,0.102,0.5,72.573
93,Good For It,NAV,https://open.spotify.com/track/2Bli1Wbi5mRa1BcVJaZ1m4,0.781,0.792,9,-6.68,0,0.358,0.0051,0.0,0.563,0.527,160.042
94,Some Way,NAV,https://open.spotify.com/track/7zxRMhXxJMQCeDDg0rKAVo,0.744,0.715,0,-6.103,1,0.351,0.101,0.0,0.0919,0.34,154.962
95,Wanna Be Us,Lil Yachty,https://open.spotify.com/track/7qqOmEfeTPgjBsm1Qm98eg,0.4,0.705,0,-5.238,1,0.0484,0.0167,0.0,0.115,0.294,90.047
96,I’m Sorry,Lil Yachty,https://open.spotify.com/track/7jUiGAv76iyD7iJqRiqCA6,0.706,0.35,0,-12.578,1,0.046,0.606,0.000533,0.0708,0.105,100.005
97,Awful Things,Lil Peep,https://open.spotify.com/track/7Hr2XoaGpIMKbNXCZDZ3le,0.366,0.797,1,-4.923,0,0.0812,0.0157,0.0,0.0694,0.181,169.986
98,Benz Truck (гелик),Lil Peep,https://open.spotify.com/track/3kBD2xHIqKWXjLAGidDTSz,0.602,0.762,2,-6.149,0,0.0347,0.0498,0.00819,0.121,0.113,92.02
99,The Brightside,Lil Peep,https://open.spotify.com/track/4DbnKBddcHUHbYpidc36AT,0.646,0.641,3,-6.522,0,0.0425,0.0353,0.0,0.108,0.881,134.027
100,U Said,Lil Peep,https://open.spotify.com/track/3F42FHouOY59SnSsyD2TAX,0.265,0.827,7,-4.661,1,0.104,0.0434,0.0,0.117,0.131,82.021
101,Avoid,Lil Peep,https://open.spotify.com/track/1Cx37RLHtu6ZWA0W1uGkai,0.56,0.531,8,-6.14,0,0.0484,0.396,0.0,0.103,0.289,79.789
102,white wine,Lil Peep,https://open.spotify.com/track/3Q241k92c1I5sqKbdw6Ujb,0.677,0.574,6,-8.136,1,0.0528,0.0129,1.46e-05,0.107,0.497,135.051
103,THat Part,ScHoolboy Q,https://open.spotify.com/track/2yJ9GVCLMmzBBfQAnfzlwr,0.927,0.535,6,-7.59,0,0.0911,0.0855,0.0,0.136,0.336,112.96
104,"Bitch, Don’t Kill My Vibe",Kendrick Lamar,https://open.spotify.com/track/712uvW1Vezq8WpQi38v2L9,0.587,0.698,1,-8.948,1,0.0943,0.0152,0.0,0.442,0.0985,133.954
105,m.A.A.d city,Kendrick Lamar,https://open.spotify.com/track/2cDCojn6uIBM6A5xTAbl3H,0.487,0.729,2,-6.815,1,0.271,0.0538,4.07e-06,0.44,0.217,91.048
106,A.D.H.D,Kendrick Lamar,https://open.spotify.com/track/2MYl0er3UZ1RlKwRb5LODh,0.609,0.799,9,-6.883,1,0.24,0.33,0.0,0.108,0.582,157.74
107,"You Need Me, I Don't Need You",Ed Sheeran,https://open.spotify.com/track/6x44NmhdsmgRzG07kzqOO6,0.689,0.563,1,-5.539,1,0.275,0.692,0.0,0.0579,0.819,129.517
108,Betrayed,Lil Xan,https://open.spotify.com/track/6NWl2m8asvH83xjuXVNsuG,0.823,0.419,10,-10.358,0,0.165,0.416,0.0,0.105,0.277,119.958
109,I Gotta Feeling,Black Eyed Peas,https://open.spotify.com/track/4vp2J1l5RD4gMZwGFLfRAu,0.743,0.766,0,-6.375,1,0.0265,0.0873,0.0,0.509,0.61,127.96
110,Meet Me Halfway,Black Eyed Peas,https://open.spotify.com/track/0xfpx7AiwgSKEtjotea2L6,0.798,0.629,11,-6.857,0,0.0735,0.00474,2.17e-05,0.324,0.4,130.0
111,Missing You,Black Eyed Peas,https://open.spotify.com/track/4zlt4FJNRhBkp3YqA5fET0,0.801,0.728,0,-5.419,0,0.0989,0.211,0.0,0.411,0.404,126.062
112,Boom Boom Pow,Black Eyed Peas,https://open.spotify.com/track/7xRNsqOQOgWbHV1nbXnfXN,0.867,0.857,9,-5.892,1,0.0663,0.13,0.00171,0.13,0.402,130.048
113,Fireflies,Owl City,https://open.spotify.com/track/3DamFFqW32WihKkTVlwTYQ,0.512,0.662,3,-6.797,1,0.0439,0.0275,0.0,0.118,0.472,180.114
114,Grenade,Bruno Mars,https://open.spotify.com/track/2tJulUYLDKOg9XrtVkMgcJ,0.704,0.558,2,-7.273,0,0.0542,0.148,0.0,0.107,0.245,110.444
115,"F**kin' Problems (feat. Drake, 2 Chainz & Kendrick Lamar)",A$AP Rocky,https://open.spotify.com/track/4XoP1AkbOurU9CeZ2rMEz2,0.869,0.687,1,-6.816,1,0.263,0.0208,1e-06,0.114,0.668,96.006
116,Love The Way You Lie,Eminem,https://open.spotify.com/track/15JINEqzVMv3SvJTAXAKED,0.749,0.925,10,-5.034,1,0.227,0.241,0.0,0.52,0.641,86.989
117,The Monster,Eminem,https://open.spotify.com/track/48RrDBpOSSl1aLVCalGl5C,0.781,0.853,1,-3.68,0,0.0715,0.0525,0.0,0.12,0.624,110.049
118,Headlights,Eminem,https://open.spotify.com/track/1qOIwyj41749bmOhdD09IS,0.688,0.782,11,-3.683,1,0.158,0.152,0.0,0.803,0.453,146.324
119,No Love,Eminem,https://open.spotify.com/track/7bHT9osSq1rwT2yaImzqCi,0.522,0.932,11,-2.87,1,0.255,0.119,0.0,0.177,0.33,129.473
120,Like Toy Soldiers,Eminem,https://open.spotify.com/track/3Q0mJByJRrUTZGrBFYnfCP,0.684,0.772,8,-3.443,0,0.275,0.0211,0.000464,0.0948,0.4,82.202
121,Mockingbird,Eminem,https://open.spotify.com/track/0TGd9kXFDRQG9FF0netmah,0.651,0.67,0,-3.786,1,0.283,0.209,0.0,0.122,0.241,83.558
122,When I'm Gone,Eminem,https://open.spotify.com/track/42YNobZ4HN3tRVEA47wLT6,0.619,0.746,10,-5.479,0,0.36,0.0537,0.0,0.295,0.757,149.944
123,Glow Like Dat,Rich Brian,https://open.spotify.com/track/4Tulf6yVo59f2ofSi3YUqW,0.787,0.586,10,-9.64,1,0.0695,0.411,0.000311,0.118,0.581,140.036
124,Boss,Lil Pump,https://open.spotify.com/track/1rsAFUCa6BVMgRQ3FCQQsi,0.803,0.789,10,-3.434,0,0.0383,0.0304,0.0,0.378,0.647,119.999
125,D Rose,Lil Pump,https://open.spotify.com/track/1fEl5TPKRJAsuP6TqZ23hB,0.781,0.553,0,-4.277,1,0.0735,0.201,0.000233,0.383,0.308,121.968
126,Water,Ugly God,https://open.spotify.com/track/7EoSDrwBPUBeBEORrpvgko,0.816,0.245,0,-15.617,0,0.414,0.616,0.000813,0.127,0.187,140.04
127,Wya? (feat. Ugly God) - Remix,Wifisfuneral,https://open.spotify.com/track/6zQ0IcachvPDp04oWI7w8B,0.86,0.305,11,-15.617,0,0.387,0.322,0.0,0.0641,0.276,84.996
128,Wit Yo Bitch (feat. MadeinTYO) - Remix,Famous Dex,https://open.spotify.com/track/7HrfeP6dl2TzPT4GiRHKNY,0.695,0.579,8,-8.022,1,0.379,0.101,0.0,0.148,0.548,155.148
129,Too Much Sauce (feat. Future & Lil Uzi Vert),DJ ESCO,https://open.spotify.com/track/5oyUurs28XRagLa8lgm6V3,0.96,0.547,6,-6.992,0,0.0786,0.0496,0.0,0.216,0.186,121.01
130,Blue Skies - Revoke Remix,Lenka,https://open.spotify.com/track/1MKfplOg9xC8EIzL9nMBWi,0.633,0.53,11,-10.668,0,0.0759,0.0701,0.000259,0.151,0.214,170.009
131,Both of Us (feat. Taylor Swift),B.o.B,https://open.spotify.com/track/3r9bgSJlJz2zlevcBRYXko,0.677,0.722,7,-7.088,1,0.0522,0.0213,0.0,0.207,0.0483,125.091
132,Innocence,NERO,https://open.spotify.com/track/1HoV86Z02IGN7GMdcfVyGh,0.373,0.734,7,-5.707,0,0.0658,0.00128,0.356,0.086,0.0678,137.186
133,Sandblast,Fox Stevenson,https://open.spotify.com/track/2Tk7xzMFslWAoYS2e224Qv,0.397,0.767,0,-3.586,0,0.0507,0.0101,7.23e-06,0.143,0.163,139.795
134,Sunlight,Modestep,https://open.spotify.com/track/0Ix7doBgImhoWJfDnwezP1,0.297,0.793,0,-6.329,1,0.144,0.000201,6.33e-06,0.117,0.428,84.967
135,Another Day,Modestep,https://open.spotify.com/track/40kAbcEaExYeA9IKC6XSRv,0.597,0.879,7,-6.975,0,0.104,0.0165,0.0,0.137,0.324,127.993
136,Black Beatles,Rae Sremmurd,https://open.spotify.com/track/6fujklziTHa8uoM5OQSfIo,0.794,0.632,0,-6.163,1,0.0649,0.142,0.0,0.128,0.355,145.926
137,Look Alive,Rae Sremmurd,https://open.spotify.com/track/2IGr3q6ljcpLvHDFLtI0yW,0.786,0.583,0,-7.415,1,0.0393,0.0552,1.84e-06,0.326,0.229,120.024
138,This Could Be Us,Rae Sremmurd,https://open.spotify.com/track/4jTiyLlOJVJj3mCr7yfPQD,0.732,0.69,0,-4.992,0,0.134,0.291,0.0,0.116,0.758,143.072
139,No Type,Rae Sremmurd,https://open.spotify.com/track/4scpF6J5uMBvoh6sFB7EL1,0.891,0.486,6,-7.803,1,0.159,0.0158,3.78e-06,0.0925,0.239,125.01
140,No Flex Zone,Rae Sremmurd,https://open.spotify.com/track/2L8cFPItBljPNJgPjTnuIf,0.925,0.518,8,-5.831,1,0.106,0.00433,0.0,0.0976,0.241,120.064
141,Red Bottom Sky,Yung Lean,https://open.spotify.com/track/2WloLsoUqp1A0xxNAwoiwh,0.692,0.401,7,-9.382,1,0.0936,0.73,0.000932,0.0722,0.33,120.336
142,Yoshi City,Yung Lean,https://open.spotify.com/track/5Tou8lYopj9qCIFBFBomZ5,0.546,0.53,1,-9.059,1,0.211,0.476,0.0,0.0955,0.227,128.209
143,Spotlight,Marshmello,https://open.spotify.com/track/6VrCmhRBFnuGKmtNfk4jDs,0.546,0.822,7,-4.483,1,0.151,0.0145,0.0,0.742,0.615,150.06
144,A Fuego,DrefQuila,https://open.spotify.com/track/6p3bOJh6hlWaaAuZvKsV5X,0.833,0.342,7,-6.497,0,0.0619,0.768,0.00151,0.103,0.448,115.938
145,El Plan,DrefQuila,https://open.spotify.com/track/5CkhEBmJdqCIhr430bGIYS,0.706,0.261,6,-14.116,0,0.25,0.686,9.47e-06,0.094,0.173,120.059
146,Up,DrefQuila,https://open.spotify.com/track/2QTe6sPJkskG0Zowl8z0v7,0.725,0.546,4,-11.308,0,0.0903,0.582,4.57e-06,0.205,0.319,149.968
147,Demasiao,DrefQuila,https://open.spotify.com/track/60Aq6feLMcqoOHi51wIsdz,0.477,0.447,9,-12.22,1,0.145,0.283,0.0,0.218,0.459,97.862
148,No Sad No Bad,KILLY,https://open.spotify.com/track/78c3byV4MzKVMpI0ampkfc,0.755,0.569,1,-7.996,1,0.05,0.0123,0.0,0.103,0.435,75.068
149,Doomsday,KILLY,https://open.spotify.com/track/2agnZufVuAMwAp1ngvv36n,0.496,0.529,11,-9.243,0,0.0303,0.0495,1.78e-06,0.098,0.223,155.057
150,Fireflies (Outro),KILLY,https://open.spotify.com/track/2qaTUKfwaEkhX4HGaJ1nN3,0.627,0.41,0,-8.156,1,0.0349,0.279,0.0,0.107,0.0763,148.991
151,Suena El Dembow,Joey Montana,https://open.spotify.com/track/0woHVOh3KXLSDv8VU9XwZ4,0.695,0.856,0,-4.446,1,0.0547,0.174,0.0,0.116,0.728,91.911
152,"Yo Contigo, Tú Conmigo - The Gong Gong Song / El Tema De La Película ""Gru 3 Mi Villano Favorito""",Morat,https://open.spotify.com/track/77L1xG4kehRoAB4K37gQEA,0.729,0.656,10,-6.912,0,0.165,0.272,0.0,0.064,0.878,93.986
153,"i hate u, i love u (feat. olivia o'brien)",gnash,https://open.spotify.com/track/7vRriwrloYVaoAe3a9wJHe,0.492,0.275,6,-13.4,0,0.3,0.687,0.0,0.101,0.18,92.6
154,MENTIONS *FOREVER WORLD*,Austin Skinner,https://open.spotify.com/track/2wiEJ7P4VJcmTfiXVDzfvc,0.733,0.43,5,-9.729,0,0.189,0.231,0.0,0.1,0.301,152.002
155,beautiful death,Austin Skinner,https://open.spotify.com/track/5GO6BI3Qyxfre8wn7Nnkcp,0.662,0.492,1,-10.727,0,0.0448,0.00925,0.0,0.103,0.0527,119.964
156,moonlight,Austin Skinner,https://open.spotify.com/track/3XQegm1yKxQ6Nj4zMVloR2,0.59,0.612,6,-8.182,1,0.091,0.00319,0.0,0.111,0.306,83.993
157,half time *FOREVER WORLD*,Austin Skinner,https://open.spotify.com/track/6pCJjoN0e1i5CpEyjgfW1B,0.734,0.545,5,-8.862,0,0.161,0.119,2.11e-06,0.111,0.364,148.014
158,Bella - Remix,Wolfine,https://open.spotify.com/track/0SaYeGhSXN0dDWstyNTQ56,0.917,0.476,3,-6.621,1,0.0655,0.304,0.0,0.103,0.87,93.987
159,Que Será,DrefQuila,https://open.spotify.com/track/37G6NRwub1frnMW2HHQG35,0.787,0.666,9,-7.925,1,0.0499,0.614,4.81e-05,0.147,0.554,128.947
160,Te Boté - Remix,Nio Garcia,https://open.spotify.com/track/3V8UKqhEK5zBkBb6d6ub8i,0.903,0.675,11,-3.445,0,0.214,0.542,1.28e-05,0.0595,0.442,96.507
161,Dile Que Tu Me Quieres,Ozuna,https://open.spotify.com/track/5u5MvmVtitax9R1Mxh3reC,0.773,0.757,1,-4.959,1,0.0526,0.0864,3.73e-06,0.0727,0.858,88.006
162,Amorfoda,Bad Bunny,https://open.spotify.com/track/3ITvHA9zhZZdBJsOsAUegF,0.742,0.432,9,-7.539,0,0.0615,0.984,5.78e-05,0.0796,0.252,148.005
163,Houston,Emilio Zapata,https://open.spotify.com/track/3DVsAtVNywn3R59awCtrgZ,0.727,0.732,10,-7.526,1,0.0968,0.153,0.00605,0.104,0.511,160.004
164,Tú Me Obligaste,Antonio José,https://open.spotify.com/track/5GGQ4wZeVj26tkUnRA6jgC,0.731,0.822,0,-4.681,1,0.0704,0.124,0.0,0.234,0.618,94.963
165,Es gratis - Acústico,Arnau Griso,https://open.spotify.com/track/0GKlIuZcQCiv8bvWgRNiAb,0.743,0.406,2,-10.106,1,0.0741,0.508,0.0,0.0844,0.903,126.127
166,Miss U,Kidd Keo,https://open.spotify.com/track/17NW5LLmN6PXrUdknZ6iT1,0.753,0.68,0,-7.749,1,0.196,0.29,0.0021,0.0912,0.351,149.993
167,ashes,916frosty,https://open.spotify.com/track/381KFvWjKqZgCySj8EuKSX,0.669,0.41,5,-11.539,0,0.0735,0.124,0.0,0.149,0.286,144.958
168,Ride for Me,JackZick,https://open.spotify.com/track/2n3Lue2BrPbfltkGO6LrNp,0.773,0.363,2,-11.384,1,0.0385,0.288,0.0,0.303,0.615,91.017
169,Run It Up,JackZick,https://open.spotify.com/track/6VZGmsqRGZOQ98ttOS4jrz,0.793,0.528,6,-8.258,0,0.0725,0.0929,2.29e-06,0.152,0.155,81.985
170,About You,JackZick,https://open.spotify.com/track/6GpjNnCBmKVnpY8bhciGVi,0.77,0.439,0,-8.717,1,0.0364,0.382,0.0,0.112,0.339,115.324
171,Fr Fr (feat. Lil Skies),Wiz Khalifa,https://open.spotify.com/track/1RagpNpkD3KcjXMLGMe99V,0.916,0.493,1,-7.371,0,0.162,0.12,2.63e-06,0.211,0.327,140.057
172,Me Tira de la Lengua,Lionware,https://open.spotify.com/track/5WZ1c38pnDFr1E4UvnlNZX,0.664,0.635,11,-5.676,1,0.2,0.349,0.0,0.116,0.409,142.022
173,Rico,Lionware,https://open.spotify.com/track/4vORilyCLONECBFUihkS27,0.698,0.695,6,-8.093,0,0.0491,0.296,0.0,0.193,0.544,130.023
174,Bilbao,Lionware,https://open.spotify.com/track/0H9RZqpbFTuMuMMUnHNbEq,0.606,0.797,4,-6.187,0,0.121,0.121,0.0,0.102,0.394,179.935
175,Spyro,Cold Hart,https://open.spotify.com/track/4VIdljYd7ZW7n6xBdQCNBs,0.81,0.47,8,-9.398,0,0.0436,0.356,0.000548,0.122,0.365,113.013
176,Top In The Trash,Chief Keef,https://open.spotify.com/track/7sW0M8nJ2mU0n32BacUpsM,0.733,0.681,6,-7.2,1,0.165,0.0577,0.0,0.454,0.833,136.027
177,Calma - Remix,Pedro Capó,https://open.spotify.com/track/5iwz1NiezX7WWjnCgY5TH4,0.826,0.773,11,-4.218,0,0.0524,0.323,0.0,0.143,0.761,126.899
178,can't leave without it,21 Savage,https://open.spotify.com/track/1nbYiPgDJ4T3t46Is5Zc26,0.872,0.591,6,-6.952,0,0.359,0.111,0.0,0.144,0.696,131.982
179,enough,916frosty,https://open.spotify.com/track/3jnbd5B8VdKIXXySIBciuF,0.598,0.559,1,-7.22,0,0.083,0.637,0.0,0.137,0.254,145.822
180,Champion (feat. Travis Scott),NAV,https://open.spotify.com/track/6nO3tr47nr2P7f3hXb8JIo,0.642,0.782,5,-3.395,0,0.0477,0.381,0.0,0.108,0.396,162.005
181,not stressin! (feat. YL Vision),Austin Skinner,https://open.spotify.com/track/1jHO5dlSLJ648mZS7q7Bs0,0.75,0.836,1,-3.644,0,0.144,0.00286,0.0,0.0934,0.65,144.031
182,Theme Song,The Lo$t Generation,https://open.spotify.com/track/55F5bMAITHCm0VIPyh01z1,0.523,0.531,9,-10.109,1,0.298,0.182,0.000232,0.0959,0.339,168.959
183,Woke Up Feeling Great,Emilio Zapata,https://open.spotify.com/track/0wMMOhHl59ZTgCQtdWx5IZ,0.669,0.418,7,-9.27,1,0.0561,0.524,0.0888,0.11,0.204,139.98
184,Conceded,Emilio Zapata,https://open.spotify.com/track/6tsWDHMhOnT4JdMoLIIIdL,0.755,0.274,9,-12.731,1,0.0437,0.223,2.05e-05,0.0751,0.259,104.979
185,Movie,Hoodie Allen,https://open.spotify.com/track/03wxNDkRZO34BV3Z27566C,0.61,0.829,1,-4.393,0,0.055,0.00665,0.0,0.144,0.311,170.097
186,K For Christmas,Lil Mosey,https://open.spotify.com/track/3hK0tQgnfjXwaCd0oHV0u2,0.707,0.53,2,-9.471,1,0.0789,0.234,0.0044,0.112,0.471,189.008
187,Burberry Headband,Lil Mosey,https://open.spotify.com/track/3k8M6cCVi3q0gthqFy7TLc,0.714,0.647,8,-6.865,1,0.037,0.598,0.0,0.0943,0.67,150.992
188,Noticed,Lil Mosey,https://open.spotify.com/track/6JQvHMSaR8flFsN53ypOfP,0.699,0.558,11,-7.622,1,0.0603,0.462,0.0,0.116,0.493,79.992
189,Hard Work Pays Off,Future,https://open.spotify.com/track/6gzIcEUuswJQGfJNPYMjjv,0.736,0.482,4,-8.242,1,0.196,0.327,0.0,0.229,0.608,140.064
190,Black & White,Juice WRLD,https://open.spotify.com/track/1fCeXjoRExPP2qwSBh2aST,0.776,0.736,7,-4.612,1,0.247,0.0802,0.0,0.159,0.233,147.946
191,Lean Wit Me,Juice WRLD,https://open.spotify.com/track/3oDkdAySo1VQQG0ptV7uwa,0.665,0.651,1,-5.515,1,0.156,0.0414,0.0,0.0896,0.237,163.935
192,Fireflies (Outro),KILLY,https://open.spotify.com/track/73jGEWVGc5OPZ4e1SEIXT3,0.627,0.41,0,-8.156,1,0.0349,0.279,0.0,0.107,0.0763,148.991
193,Doomsday,KILLY,https://open.spotify.com/track/57B8NfcWjnbNy3fn5UBiOs,0.496,0.529,11,-9.243,0,0.0303,0.0495,1.78e-06,0.098,0.223,155.057
194,No Sad No Bad,KILLY,https://open.spotify.com/track/5nHofSNYy1zxXRwjLhZG0U,0.755,0.569,1,-7.996,1,0.05,0.0123,0.0,0.103,0.435,75.068
195,FRIDAY,916frosty,https://open.spotify.com/track/3nFP8hjpBWMhu0yRPB2O1N,0.412,0.683,10,-6.837,0,0.191,0.163,0.0,0.466,0.447,92.014
196,more,916frosty,https://open.spotify.com/track/4nsWdVm2Wq0KZd9qi82hkW,0.691,0.578,10,-8.737,0,0.163,0.546,3.7e-05,0.0983,0.354,140.035
197,in my heart,916frosty,https://open.spotify.com/track/2SUm69j0X2BM7Oc1uOzOIF,0.767,0.826,5,-5.811,0,0.0458,0.0166,0.0,0.163,0.549,160.03
198,No Heart,21 Savage,https://open.spotify.com/track/4gmmRb6bZJffOOiww1JGTO,0.906,0.444,4,-8.692,0,0.384,0.136,6.44e-05,0.173,0.678,140.063
199,Only 1 (Interlude) (with Travis Scott),Metro Boomin,https://open.spotify.com/track/4cEqoGTqPRZy76Yl3ymj3V,0.317,0.239,1,-12.036,0,0.0331,0.744,0.0,0.169,0.391,78.251
200,Lesbian (feat. Gunna & Young Thug),Metro Boomin,https://open.spotify.com/track/6vG3Zv9VEA6YbJPJ6ar5Y7,0.8,0.406,6,-8.892,0,0.268,0.636,0.0,0.109,0.274,120.999
201,Don't Come Out The House (with 21 Savage),Metro Boomin,https://open.spotify.com/track/2Grb4G6t9VIqo6moKUloom,0.87,0.35,1,-6.082,1,0.277,0.00661,0.000483,0.108,0.175,74.963
202,all my friends,21 Savage,https://open.spotify.com/track/4paAidoE8VAemwU4jgCc6l,0.713,0.62,0,-4.513,1,0.0422,0.171,1.16e-06,0.118,0.206,130.09
203,WAKE UP,Travis Scott,https://open.spotify.com/track/20MuVazoNMv6xjKPnRFOxG,0.741,0.645,11,-5.116,0,0.0963,0.192,0.0,0.163,0.488,149.07
204,CAN'T SAY,Travis Scott,https://open.spotify.com/track/27a1mYSG5tYg7dmEjWBcmL,0.702,0.708,10,-5.366,0,0.0547,0.201,0.0,0.118,0.713,147.98
205,Antidote,Travis Scott,https://open.spotify.com/track/1wHZx0LgzFHyeIZkUydNXq,0.713,0.526,1,-5.046,1,0.032,0.00767,0.000148,0.124,0.131,131.05
206,can't leave without it,21 Savage,https://open.spotify.com/track/0hPLZrnDgtKxrym1BHjDhd,0.872,0.591,6,-6.952,0,0.359,0.111,0.0,0.144,0.696,131.982
207,Creeping (feat. Rich the Kid),Lil Skies,https://open.spotify.com/track/7ms3VzLTfr7fXNOqA4Mkx9,0.729,0.687,8,-8.06,0,0.25,0.0108,0.0,0.162,0.683,160.085
