,name,artist,url,danceability,energy,key,loudness,mode,speechiness,acousticness,instrumentalness,liveness,valence,tempo
0,For U,Seth Hills,https://open.spotify.com/track/1FrSzn69JWWSaRWtv86CJq,0.643,0.697,5,-8.364,0,0.165,0.186,0.0353,0.138,0.244,126.05
1,Feel (feat. Helen),Curbi,https://open.spotify.com/track/7xmNhQnKjSU7gQdwfds6mZ,0.753,0.645,1,-4.252,1,0.142,0.0828,0.00222,0.0516,0.613,124.942
2,Superpowers (feat. Helen),Curbi,https://open.spotify.com/track/7aw4SIGi131oiPQJ0t4c77,0.785,0.681,4,-4.951,0,0.0642,0.188,0.00181,0.15,0.153,125.007
3,Come My Way,JLV,https://open.spotify.com/track/3bhY7kp9joVSQvCHMxbr5M,0.81,0.645,4,-5.672,0,0.0451,0.0987,0.0246,0.181,0.341,124.014
4,blind + desire,Knock2,https://open.spotify.com/track/2OpAv7VN4eCWOxpJn1xWIi,0.7,0.922,1,-4.863,1,0.0564,0.00851,0.0114,0.677,0.191,126.011
5,Still Here,Blossom,https://open.spotify.com/track/4RlapXgc7AWQkrn0gCx7iZ,0.656,0.885,7,-5.52,0,0.0468,0.000109,0.0551,0.0893,0.056,127.975
6,KUFF,CASHEW,https://open.spotify.com/track/3OaBKrVRu24DwPVfFBZ2Ap,0.787,0.867,11,-7.928,1,0.066,0.0106,0.92,0.346,0.821,125.002
7,do my own thing,warner case,https://open.spotify.com/track/1CfvEQYk2EB4dh1qtkQ1CG,0.719,0.716,11,-6.29,0,0.0506,0.00988,0.192,0.085,0.244,126.993
8,Exceso (feat. GALE),DallasK,https://open.spotify.com/track/5SBsYJjr5Dg09XNV6RZpUy,0.848,0.748,9,-4.667,0,0.11,0.232,0.00614,0.203,0.41,120.029
9,Imagine - Sam Robs Remix,Ryan Arnold,https://open.spotify.com/track/4K7DzDlvYZJWdQyZ6IDL4t,0.628,0.836,3,-7.027,0,0.0613,0.431,0.000148,0.351,0.453,123.226
10,Don't - Extended VIP Mix,Ryan Arnold,https://open.spotify.com/track/794TcdBaznivD1mwdRlw4n,0.789,0.883,9,-6.221,0,0.133,0.00374,0.116,0.334,0.687,125.992
11,Sometimes I Get,Curbi,https://open.spotify.com/track/5Igv1jW8dj9i9LGNhD6ZCm,0.714,0.762,11,-5.991,0,0.105,0.0929,0.753,0.315,0.465,128.026
12,RUSH,Curbi,https://open.spotify.com/track/4BIpVhPALiMEUpSdmIitol,0.735,0.798,0,-5.206,1,0.0365,0.0192,0.733,0.282,0.542,128.019
