,name,artist,url,danceability,energy,key,loudness,mode,speechiness,acousticness,instrumentalness,liveness,valence,tempo
0,IN THE CLUB,Mishashi Sensei,https://open.spotify.com/track/7vX0rvoGneCCOJ2QPruNNZ,0.869,0.577,8,-9.817,1,0.0897,0.232,0.503,0.134,0.145,126.022
1,Time isn't real,Ryan Celsius Sounds,https://open.spotify.com/track/1OzOJbxc3vhCfd38pD4FSy,0.173,0.615,9,-5.22,1,0.037,0.00121,0.0,0.0988,0.0907,179.854
2,Call Me - Slowed,plenka,https://open.spotify.com/track/5t1i75ExuS97cGtrbXoQnQ,0.734,0.83,9,-6.478,0,0.0348,0.002,0.831,0.135,0.338,110.75
3,Love Tonight (Edit),Shouse,https://open.spotify.com/track/6OufwUcCqo81guU2jAlDVP,0.727,0.681,5,-7.114,0,0.0265,0.00214,0.000307,0.0861,0.448,123.028
4,This Feeling,my!lane,https://open.spotify.com/track/3vefdW0Zsk57Qn0qxXeVCI,0.491,0.908,7,-4.659,0,0.172,6.89e-05,0.0,0.101,0.207,125.997
5,Close Eyes,DVRST,https://open.spotify.com/track/3CLSHJv5aUROAN2vfOyCOh,0.784,0.572,0,-9.853,1,0.0573,0.0748,0.843,0.139,0.209,96.181
6,u.,niteboi,https://open.spotify.com/track/0J7oHYxjF6Oln61wy0kP2i,0.463,0.653,4,-8.994,0,0.0998,0.218,0.867,0.111,0.0648,123.876
7,End of the World,FORGOTTENAGE,https://open.spotify.com/track/0rRJNSrFPmOPZJRmdQbciH,0.605,0.911,10,-4.635,1,0.0288,0.0635,0.0,0.643,0.275,120.016
8,Endless Love,DVRST,https://open.spotify.com/track/49eccJME4fYJnOwCmJMXfV,0.574,0.774,5,-4.882,0,0.0507,0.0392,0.834,0.187,0.0681,192.963
9,スピードデーモン,HXVRMXN,https://open.spotify.com/track/3xlLg054H2J7B0vtdbarcA,0.853,0.836,11,-4.752,0,0.122,0.0776,0.308,0.125,0.548,97.981
10,whereareyou,niteboi,https://open.spotify.com/track/3XLIaCnuR0KbnSi8kZ7SZB,0.288,0.497,10,-12.363,1,0.0545,0.0118,0.854,0.112,0.046,120.034
11,In Heat. - Spooki Remix,Spooki,https://open.spotify.com/track/3SLJPQDV8WbM9ogPA8QFUf,0.736,0.648,1,-8.096,1,0.0468,0.287,0.115,0.101,0.414,120.013
12,No Love,АДЛИН,https://open.spotify.com/track/03TPcM9vWUmc8y6LkJAzwJ,0.822,0.63,11,-7.681,1,0.0707,0.0201,0.795,0.12,0.605,126.046
13,Overcome.,barnacle boi,https://open.spotify.com/track/3eL9O1uwlC3g12vrLiGZFW,0.506,0.883,2,-6.025,1,0.0935,0.000839,1.6e-05,0.147,0.124,130.0
14,Sahara,Hensonn,https://open.spotify.com/track/6nqdgUTiWt4JbABDurkxMI,0.615,0.521,2,-9.488,1,0.0318,0.146,0.772,0.11,0.045,115.016
15,alpha § bond,líue,https://open.spotify.com/track/39x7f6D6TE1WkUluTRu2cJ,0.771,0.716,7,-5.282,1,0.0454,0.332,0.877,0.107,0.157,135.021
16,After Dark,Mr.Kitty,https://open.spotify.com/track/2LKOHdMsL0K9KwcPRlJK2v,0.585,0.595,8,-10.444,1,0.0328,0.0696,0.266,0.0837,0.039,140.037
17,KNIGHT,SHADXWBXRN,https://open.spotify.com/track/3oN1sJcKLYbc8z4tO6sjVE,0.739,0.982,0,-5.168,1,0.0529,0.000194,0.844,0.108,0.573,118.019
18,LIGHTNESS,Mishashi Sensei,https://open.spotify.com/track/1ujlPDuUcDs8t3MLBxf21x,0.611,0.626,8,-7.364,0,0.125,0.012,0.000719,0.0869,0.328,182.093
19,never no one,iwilldiehere,https://open.spotify.com/track/3MZfJj8ZRGXDkN2leNyrR5,0.581,0.843,2,-2.775,1,0.373,0.0853,0.000102,0.12,0.128,160.064
20,Out of Time,Harley Reid,https://open.spotify.com/track/174NyAwu4bUBZs74OjRCSB,0.559,0.801,7,-8.238,1,0.0417,0.0102,0.105,0.215,0.471,76.254
21,Hyperreal,Flume,https://open.spotify.com/track/5NsruZ9uIydV0A196WZjkV,0.675,0.843,11,-5.205,0,0.3,0.0358,0.064,0.152,0.536,110.034
22,In a Hood Near You,IGARASHI KANTA,https://open.spotify.com/track/3xLMFWoTmUzkaIEbnxKEpm,0.658,0.828,0,-3.815,1,0.0351,0.00138,0.39,0.113,0.723,100.011
23,Stereo Love,my!lane,https://open.spotify.com/track/07Qc3tqDPLDta7Lvc813Ix,0.634,0.719,7,-7.458,1,0.311,0.27,0.569,0.0821,0.243,125.955
24,nightexpress,Kim,https://open.spotify.com/track/4mLb4iKTAHDuSsZTq4w7iK,0.676,0.867,5,-7.204,1,0.146,0.153,0.92,0.137,0.222,100.002
25,Superpowers (feat. Helen),Curbi,https://open.spotify.com/track/7aw4SIGi131oiPQJ0t4c77,0.785,0.681,4,-4.951,0,0.0642,0.188,0.00181,0.15,0.153,125.007
